  0
SECTION
  2
HEADER
  9
$ACADVER
  1
AC1014
  9
$ACADMAINTVER
 70
     9
  9
$DWGCODEPAGE
  3
ANSI_1252
  9
$INSBASE
 10
0.0
 20
0.0
 30
0.0
  9
$EXTMIN
 10
1.000000000000000E+20
 20
1.000000000000000E+20
 30
1.000000000000000E+20
  9
$EXTMAX
 10
-1.000000000000000E+20
 20
-1.000000000000000E+20
 30
-1.000000000000000E+20
  9
$LIMMIN
 10
0.0
 20
0.0
  9
$LIMMAX
 10
12.0
 20
9.0
  9
$ORTHOMODE
 70
     0
  9
$REGENMODE
 70
     1
  9
$FILLMODE
 70
     1
  9
$QTEXTMODE
 70
     0
  9
$MIRRTEXT
 70
     1
  9
$DRAGMODE
 70
     2
  9
$LTSCALE
 40
1.0
  9
$OSMODE
 70
    37
  9
$ATTMODE
 70
     1
  9
$TEXTSIZE
 40
0.2
  9
$TRACEWID
 40
0.05
  9
$TEXTSTYLE
  7
STANDARD
  9
$CLAYER
  8
0
  9
$CELTYPE
  6
BYLAYER
  9
$CECOLOR
 62
   256
  9
$CELTSCALE
 40
1.0
  9
$DELOBJ
 70
     1
  9
$DISPSILH
 70
     0
  9
$DIMSCALE
 40
1.0
  9
$DIMASZ
 40
0.18
  9
$DIMEXO
 40
0.0625
  9
$DIMDLI
 40
0.38
  9
$DIMRND
 40
0.0
  9
$DIMDLE
 40
0.0
  9
$DIMEXE
 40
0.18
  9
$DIMTP
 40
0.0
  9
$DIMTM
 40
0.0
  9
$DIMTXT
 40
0.18
  9
$DIMCEN
 40
0.09
  9
$DIMTSZ
 40
0.0
  9
$DIMTOL
 70
     0
  9
$DIMLIM
 70
     0
  9
$DIMTIH
 70
     1
  9
$DIMTOH
 70
     1
  9
$DIMSE1
 70
     0
  9
$DIMSE2
 70
     0
  9
$DIMTAD
 70
     0
  9
$DIMZIN
 70
     0
  9
$DIMBLK
  1

  9
$DIMASO
 70
     1
  9
$DIMSHO
 70
     1
  9
$DIMPOST
  1

  9
$DIMAPOST
  1

  9
$DIMALT
 70
     0
  9
$DIMALTD
 70
     2
  9
$DIMALTF
 40
25.4
  9
$DIMLFAC
 40
1.0
  9
$DIMTOFL
 70
     0
  9
$DIMTVP
 40
0.0
  9
$DIMTIX
 70
     0
  9
$DIMSOXD
 70
     0
  9
$DIMSAH
 70
     0
  9
$DIMBLK1
  1

  9
$DIMBLK2
  1

  9
$DIMSTYLE
  2
STANDARD
  9
$DIMCLRD
 70
     0
  9
$DIMCLRE
 70
     0
  9
$DIMCLRT
 70
     0
  9
$DIMTFAC
 40
1.0
  9
$DIMGAP
 40
0.09
  9
$DIMJUST
 70
     0
  9
$DIMSD1
 70
     0
  9
$DIMSD2
 70
     0
  9
$DIMTOLJ
 70
     1
  9
$DIMTZIN
 70
     0
  9
$DIMALTZ
 70
     0
  9
$DIMALTTZ
 70
     0
  9
$DIMFIT
 70
     3
  9
$DIMUPT
 70
     0
  9
$DIMUNIT
 70
     2
  9
$DIMDEC
 70
     4
  9
$DIMTDEC
 70
     4
  9
$DIMALTU
 70
     2
  9
$DIMALTTD
 70
     2
  9
$DIMTXSTY
  7
STANDARD
  9
$DIMAUNIT
 70
     0
  9
$LUNITS
 70
     2
  9
$LUPREC
 70
     4
  9
$SKETCHINC
 40
0.1
  9
$FILLETRAD
 40
0.0
  9
$AUNITS
 70
     0
  9
$AUPREC
 70
     0
  9
$MENU
  1
.
  9
$ELEVATION
 40
0.0
  9
$PELEVATION
 40
0.0
  9
$THICKNESS
 40
0.0
  9
$LIMCHECK
 70
     0
  9
$CHAMFERA
 40
0.0
  9
$CHAMFERB
 40
0.0
  9
$CHAMFERC
 40
0.0
  9
$CHAMFERD
 40
0.0
  9
$SKPOLY
 70
     0
  9
$TDCREATE
 40
2460922.77333434
  9
$TDUPDATE
 40
2460922.77333441
  9
$TDINDWG
 40
0.0000000116
  9
$TDUSRTIMER
 40
0.0000000116
  9
$USRTIMER
 70
     1
  9
$ANGBASE
 50
0.0
  9
$ANGDIR
 70
     0
  9
$PDMODE
 70
     0
  9
$PDSIZE
 40
0.0
  9
$PLINEWID
 40
0.0
  9
$COORDS
 70
     1
  9
$SPLFRAME
 70
     0
  9
$SPLINETYPE
 70
     6
  9
$SPLINESEGS
 70
     8
  9
$ATTDIA
 70
     0
  9
$ATTREQ
 70
     1
  9
$HANDLING
 70
     1
  9
$HANDSEED
  5
1000030F
  9
$SURFTAB1
 70
     6
  9
$SURFTAB2
 70
     6
  9
$SURFTYPE
 70
     6
  9
$SURFU
 70
     6
  9
$SURFV
 70
     6
  9
$UCSNAME
  2

  9
$UCSORG
 10
0.0
 20
0.0
 30
0.0
  9
$UCSXDIR
 10
1.0
 20
0.0
 30
0.0
  9
$UCSYDIR
 10
0.0
 20
1.0
 30
0.0
  9
$PUCSNAME
  2

  9
$PUCSORG
 10
0.0
 20
0.0
 30
0.0
  9
$PUCSXDIR
 10
1.0
 20
0.0
 30
0.0
  9
$PUCSYDIR
 10
0.0
 20
1.0
 30
0.0
  9
$USERI1
 70
     0
  9
$USERI2
 70
     0
  9
$USERI3
 70
     0
  9
$USERI4
 70
     0
  9
$USERI5
 70
     0
  9
$USERR1
 40
0.0
  9
$USERR2
 40
0.0
  9
$USERR3
 40
0.0
  9
$USERR4
 40
0.0
  9
$USERR5
 40
0.0
  9
$WORLDVIEW
 70
     1
  9
$SHADEDGE
 70
     3
  9
$SHADEDIF
 70
    70
  9
$TILEMODE
 70
     1
  9
$MAXACTVP
 70
    64
  9
$PINSBASE
 10
0.0
 20
0.0
 30
0.0
  9
$PLIMCHECK
 70
     0
  9
$PEXTMIN
 10
1.000000000000000E+20
 20
1.000000000000000E+20
 30
1.000000000000000E+20
  9
$PEXTMAX
 10
-1.000000000000000E+20
 20
-1.000000000000000E+20
 30
-1.000000000000000E+20
  9
$PLIMMIN
 10
0.0
 20
0.0
  9
$PLIMMAX
 10
12.0
 20
9.0
  9
$UNITMODE
 70
     0
  9
$VISRETAIN
 70
     1
  9
$PLINEGEN
 70
     0
  9
$PSLTSCALE
 70
     1
  9
$TREEDEPTH
 70
  3020
  9
$PICKSTYLE
 70
     1
  9
$CMLSTYLE
  2
STANDARD
  9
$CMLJUST
 70
     0
  9
$CMLSCALE
 40
1.0
  9
$PROXYGRAPHICS
 70
     1
  9
$MEASUREMENT
 70
     0
  0
ENDSEC
  0
SECTION
  2
CLASSES
  0
CLASS
  1
ACDBDICTIONARYWDFLT
  2
AcDbDictionaryWithDefault
  3
ObjectDBX Classes
 90
        0
280
     0
281
     0
  0
CLASS
  1
VISUALSTYLE
  2
AcDbVisualStyle
  3
ObjectDBX Classes
 90
     4095
280
     0
281
     0
  0
CLASS
  1
MATERIAL
  2
AcDbMaterial
  3
ObjectDBX Classes
 90
     1153
280
     0
281
     0
  0
CLASS
  1
SCALE
  2
AcDbScale
  3
ObjectDBX Classes
 90
     1153
280
     0
281
     0
  0
CLASS
  1
TABLESTYLE
  2
AcDbTableStyle
  3
ObjectDBX Classes
 90
     4095
280
     0
281
     0
  0
CLASS
  1
MLEADERSTYLE
  2
AcDbMLeaderStyle
  3
ACDB_MLEADERSTYLE_CLASS
 90
     4095
280
     0
281
     0
  0
CLASS
  1
SUN
  2
AcDbSun
  3
SCENEOE
 90
     1153
280
     0
281
     0
  0
CLASS
  1
SORTENTSTABLE
  2
AcDbSortentsTable
  3
ObjectDBX Classes
 90
        0
280
     0
281
     0
  0
CLASS
  1
DICTIONARYVAR
  2
AcDbDictionaryVar
  3
ObjectDBX Classes
 90
        0
280
     0
281
     0
  0
CLASS
  1
XRECORD
  2
AcDbXrecord
  3
ObjectDBX Classes
 90
        0
280
     0
281
     0
  0
CLASS
  1
LWPOLYLINE
  2
AcDbPolyline
  3
ObjectDBX Classes
 90
        0
280
     0
281
     1
  0
CLASS
  1
HATCH
  2
AcDbHatch
  3
ObjectDBX Classes
 90
        0
280
     0
281
     1
  0
CLASS
  1
ACDBPLACEHOLDER
  2
AcDbPlaceHolder
  3
ObjectDBX Classes
 90
        0
280
     0
281
     0
  0
CLASS
  1
LAYOUT
  2
AcDbLayout
  3
ObjectDBX Classes
 90
        0
280
     0
281
     0
  0
ENDSEC
  0
SECTION
  2
TABLES
  0
TABLE
  2
VPORT
  5
8
102
{ACAD_XDICTIONARY
360
10000304
102
}
330
0
100
AcDbSymbolTable
 70
     1
  0
VPORT
  5
29
330
8
100
AcDbSymbolTableRecord
100
AcDbViewportTableRecord
  2
*ACTIVE
 70
     0
 10
0.0
 20
0.0
 11
1.0
 21
1.0
 12
10.42990654205607
 22
4.5
 13
0.0
 23
0.0
 14
0.5
 24
0.5
 15
0.5
 25
0.5
 16
0.0
 26
0.0
 36
1.0
 17
0.0
 27
0.0
 37
0.0
 40
9.0
 41
1.972972972850329
 42
50.0
 43
0.0
 44
0.0
 50
0.0
 51
0.0
 71
     0
 72
   100
 73
     1
 74
     3
 75
     0
 76
     0
 77
     0
 78
     0
  0
ENDTAB
  0
TABLE
  2
LTYPE
  5
5
330
0
100
AcDbSymbolTable
 70
     7
  0
LTYPE
  5
14
330
5
100
AcDbSymbolTableRecord
100
AcDbLinetypeTableRecord
  2
BYBLOCK
 70
     0
  3

 72
    65
 73
     0
 40
0.0
  0
LTYPE
  5
15
330
5
100
AcDbSymbolTableRecord
100
AcDbLinetypeTableRecord
  2
BYLAYER
 70
     0
  3

 72
    65
 73
     0
 40
0.0
  0
LTYPE
  5
16
330
5
100
AcDbSymbolTableRecord
100
AcDbLinetypeTableRecord
  2
CONTINUOUS
 70
     0
  3
Solid line
 72
    65
 73
     0
 40
0.0
  0
LTYPE
  5
10000024
330
5
100
AcDbSymbolTableRecord
100
AcDbLinetypeTableRecord
  2
ONS_PHANTOM
 70
     0
  3
Onshape Phantom line ______ __ __ ______
 72
    65
 73
     6
 40
0.4999999999999999
 49
0.25
 74
     0
 49
-0.05
 74
     0
 49
0.05
 74
     0
 49
-0.05
 74
     0
 49
0.05
 74
     0
 49
-0.05
 74
     0
  0
LTYPE
  5
10000025
330
5
100
AcDbSymbolTableRecord
100
AcDbLinetypeTableRecord
  2
CENTER
 70
     0
  3
Center line ____ _ ____ _ ____ _
 72
    65
 73
     4
 40
0.7199999999999999
 49
0.45
 74
     0
 49
-0.09
 74
     0
 49
0.09
 74
     0
 49
-0.09
 74
     0
  0
LTYPE
  5
10000026
330
5
100
AcDbSymbolTableRecord
100
AcDbLinetypeTableRecord
  2
DASHED
 70
     0
  3
Dashed line __ __ __ __ __
 72
    65
 73
     2
 40
0.75
 49
0.5
 74
     0
 49
-0.25
 74
     0
  0
LTYPE
  5
10000027
330
5
100
AcDbSymbolTableRecord
100
AcDbLinetypeTableRecord
  2
ONS_DASHDOT
 70
     0
  3
Onshape Dashed with Dot _ . ____ . ____
 72
    65
 73
     4
 40
0.71
 49
0.5
 74
     0
 49
-0.1
 74
     0
 49
0.01
 74
     0
 49
-0.1
 74
     0
  0
LTYPE
  5
10000028
330
5
100
AcDbSymbolTableRecord
100
AcDbLinetypeTableRecord
  2
ONS_DOTTED
 70
     0
  3
Onshape Dotted line . . . . . . .
 72
    65
 73
     2
 40
0.11
 49
0.01
 74
     0
 49
-0.1
 74
     0
  0
LTYPE
  5
10000029
330
5
100
AcDbSymbolTableRecord
100
AcDbLinetypeTableRecord
  2
HIDDEN
 70
     0
  3
Hidden line ____ ____ ____ ____ 
 72
    65
 73
     2
 40
0.15
 49
0.1
 74
     0
 49
-0.05
 74
     0
  0
ENDTAB
  0
TABLE
  2
LAYER
  5
2
330
0
100
AcDbSymbolTable
 70
    48
  0
LAYER
  5
10
330
2
100
AcDbSymbolTableRecord
100
AcDbLayerTableRecord
  2
0
 70
     0
 62
     7
  6
CONTINUOUS
  0
LAYER
  5
1000002A
330
2
100
AcDbSymbolTableRecord
100
AcDbLayerTableRecord
  2
SECTION_CUTTING_LINE
 70
     0
 62
     7
  6
ONS_PHANTOM
  0
LAYER
  5
1000002B
330
2
100
AcDbSymbolTableRecord
100
AcDbLayerTableRecord
  2
DETAIL_VIEW_BORDER
 70
     0
 62
     7
  6
CONTINUOUS
  0
LAYER
  5
1000002C
330
2
100
AcDbSymbolTableRecord
100
AcDbLayerTableRecord
  2
DETAIL_VIEW_PARENT_BORDER
 70
     0
 62
     7
  6
ONS_PHANTOM
  0
LAYER
  5
1000002D
330
2
100
AcDbSymbolTableRecord
100
AcDbLayerTableRecord
  2
TEXT
 70
     0
 62
     7
  6
CONTINUOUS
  0
LAYER
  5
1000002E
330
2
100
AcDbSymbolTableRecord
100
AcDbLayerTableRecord
  2
SKETCHED_GEOMETRY
 70
     0
 62
    -7
  6
CONTINUOUS
  0
LAYER
  5
1000002F
330
2
100
AcDbSymbolTableRecord
100
AcDbLayerTableRecord
  2
VIRTUAL_SHARPS
 70
     0
 62
    -7
  6
CONTINUOUS
  0
LAYER
  5
10000030
330
2
100
AcDbSymbolTableRecord
100
AcDbLayerTableRecord
  2
CENTERLINES
 70
     0
 62
    -7
  6
CENTER
  0
LAYER
  5
10000031
330
2
100
AcDbSymbolTableRecord
100
AcDbLayerTableRecord
  2
CENTERMARKS
 70
     0
 62
    -7
  6
CONTINUOUS
  0
LAYER
  5
10000032
330
2
100
AcDbSymbolTableRecord
100
AcDbLayerTableRecord
  2
TABLES
 70
     0
 62
     7
  6
CONTINUOUS
  0
LAYER
  5
10000033
330
2
100
AcDbSymbolTableRecord
100
AcDbLayerTableRecord
  2
IMAGES
 70
     0
 62
    -7
  6
CONTINUOUS
  0
LAYER
  5
10000034
330
2
100
AcDbSymbolTableRecord
100
AcDbLayerTableRecord
  2
ANNOTATION_LINES
 70
     0
 62
    -7
  6
CONTINUOUS
  0
LAYER
  5
10000035
330
2
100
AcDbSymbolTableRecord
100
AcDbLayerTableRecord
  2
ANNOTATION_TEXT
 70
     0
 62
    -7
  6
CONTINUOUS
  0
LAYER
  5
10000036
330
2
100
AcDbSymbolTableRecord
100
AcDbLayerTableRecord
  2
SIDE_THREAD_SYMBOLS
 70
     0
 62
     7
  6
HIDDEN
  0
LAYER
  5
10000037
330
2
100
AcDbSymbolTableRecord
100
AcDbLayerTableRecord
  2
SIDE_THREAD_SYMBOLS_HIDDEN
 70
     0
 62
    -7
  6
HIDDEN
  0
LAYER
  5
10000038
330
2
100
AcDbSymbolTableRecord
100
AcDbLayerTableRecord
  2
SURFACE_THREAD_SYMBOLS
 70
     0
 62
     7
  6
HIDDEN
  0
LAYER
  5
10000039
330
2
100
AcDbSymbolTableRecord
100
AcDbLayerTableRecord
  2
SURFACE_THREAD_SYMBOLS_ON_
 70
     0
 62
     7
  6
HIDDEN
  0
LAYER
  5
1000003A
330
2
100
AcDbSymbolTableRecord
100
AcDbLayerTableRecord
  2
SURFACE_THREAD_SYMBOLS_HID
 70
     0
 62
    -7
  6
HIDDEN
  0
LAYER
  5
1000003B
330
2
100
AcDbSymbolTableRecord
100
AcDbLayerTableRecord
  2
BLIND_THREAD_SYMBOLS
 70
     0
 62
     7
  6
CONTINUOUS
  0
LAYER
  5
1000003C
330
2
100
AcDbSymbolTableRecord
100
AcDbLayerTableRecord
  2
BLIND_THREAD_SYMBOLS_HIDDE
 70
     0
 62
    -7
  6
HIDDEN
  0
LAYER
  5
1000003D
330
2
100
AcDbSymbolTableRecord
100
AcDbLayerTableRecord
  2
EXPLODE_LINES
 70
     0
 62
     7
  6
ONS_PHANTOM
  0
LAYER
  5
1000003E
330
2
100
AcDbSymbolTableRecord
100
AcDbLayerTableRecord
  2
HIDDEN_EXPLODE_LINES
 70
     0
 62
    -7
  6
ONS_PHANTOM
  0
LAYER
  5
1000003F
330
2
100
AcDbSymbolTableRecord
100
AcDbLayerTableRecord
  2
BREAK_LINES
 70
     0
 62
    -7
  6
CONTINUOUS
  0
LAYER
  5
10000040
330
2
100
AcDbSymbolTableRecord
100
AcDbLayerTableRecord
  2
SHEETMETAL_BEND_LINES_UP
 70
     0
 62
     7
  6
CENTER
  0
LAYER
  5
10000041
330
2
100
AcDbSymbolTableRecord
100
AcDbLayerTableRecord
  2
SHEETMETAL_BEND_LINES_DOWN
 70
     0
 62
     7
  6
CENTER
  0
LAYER
  5
10000042
330
2
100
AcDbSymbolTableRecord
100
AcDbLayerTableRecord
  2
SHEETMETAL_BEND_TANGENT_LI
 70
     0
 62
     7
  6
CONTINUOUS
  0
LAYER
  5
10000043
330
2
100
AcDbSymbolTableRecord
100
AcDbLayerTableRecord
  2
SHEETMETAL_CUT_LINES
 70
     0
 62
     7
  6
CONTINUOUS
  0
LAYER
  5
10000044
330
2
100
AcDbSymbolTableRecord
100
AcDbLayerTableRecord
  2
SHEETMETAL_CBORE_CSINK_UP
 70
     0
 62
     7
  6
CONTINUOUS
  0
LAYER
  5
10000045
330
2
100
AcDbSymbolTableRecord
100
AcDbLayerTableRecord
  2
SHEETMETAL_CBORE_CSINK_DOW
 70
     0
 62
     7
  6
CONTINUOUS
  0
LAYER
  5
10000046
330
2
100
AcDbSymbolTableRecord
100
AcDbLayerTableRecord
  2
SHEETMETAL_CBORE_CSINK_UP_
 70
     0
 62
    -7
  6
HIDDEN
  0
LAYER
  5
10000047
330
2
100
AcDbSymbolTableRecord
100
AcDbLayerTableRecord
  2
SHEETMETAL_CBORE_CSINK_DO0
 70
     0
 62
    -7
  6
HIDDEN
  0
LAYER
  5
10000048
330
2
100
AcDbSymbolTableRecord
100
AcDbLayerTableRecord
  2
SHEETMETAL_FORM_TEAR
 70
     0
 62
     7
  6
CONTINUOUS
  0
LAYER
  5
10000049
330
2
100
AcDbSymbolTableRecord
100
AcDbLayerTableRecord
  2
SHEETMETAL_FORM_UP
 70
     0
 62
     7
  6
CENTER
  0
LAYER
  5
1000004A
330
2
100
AcDbSymbolTableRecord
100
AcDbLayerTableRecord
  2
SHEETMETAL_FORM_DOWN
 70
     0
 62
     7
  6
CENTER
  0
LAYER
  5
1000004B
330
2
100
AcDbSymbolTableRecord
100
AcDbLayerTableRecord
  2
SHEETMETAL_FORM_CENTERMARK
 70
     0
 62
     7
  6
CENTER
  0
LAYER
  5
1000004C
330
2
100
AcDbSymbolTableRecord
100
AcDbLayerTableRecord
  2
REGION_ASSOC_POINTS
 70
     0
 62
    -7
  6
CONTINUOUS
  0
LAYER
  5
1000004D
330
2
100
AcDbSymbolTableRecord
100
AcDbLayerTableRecord
  2
PATTERN_CENTERLINES
 70
     1
 62
    -7
  6
CENTER
  0
LAYER
  5
1000004E
330
2
100
AcDbSymbolTableRecord
100
AcDbLayerTableRecord
  2
HIDDEN
 70
     0
 62
    -7
  6
HIDDEN
  0
LAYER
  5
1000004F
330
2
100
AcDbSymbolTableRecord
100
AcDbLayerTableRecord
  2
VISIBLE
 70
     0
 62
     7
  6
CONTINUOUS
  0
LAYER
  5
10000050
330
2
100
AcDbSymbolTableRecord
100
AcDbLayerTableRecord
  2
MODELSKETCH_VISIBLE
 70
     0
 62
     7
  6
CONTINUOUS
  0
LAYER
  5
10000051
330
2
100
AcDbSymbolTableRecord
100
AcDbLayerTableRecord
  2
MODELSKETCH_POINT
 70
     0
 62
     7
  6
CONTINUOUS
  0
LAYER
  5
10000052
330
2
100
AcDbSymbolTableRecord
100
AcDbLayerTableRecord
  2
MODELSKETCH_CONSTRUCTION
 70
     0
 62
    -7
  6
CENTER
  0
LAYER
  5
10000053
330
2
100
AcDbSymbolTableRecord
100
AcDbLayerTableRecord
  2
HIDDEN_BASE_VIEW
 70
     0
 62
     7
  6
CONTINUOUS
  0
LAYER
  5
10000054
330
2
100
AcDbSymbolTableRecord
100
AcDbLayerTableRecord
  2
TANGENT_LINES
 70
     0
 62
    -7
  6
CONTINUOUS
  0
LAYER
  5
10000055
330
2
100
AcDbSymbolTableRecord
100
AcDbLayerTableRecord
  2
TANGENT_HIDDEN
 70
     0
 62
    -7
  6
HIDDEN
  0
LAYER
  5
10000056
330
2
100
AcDbSymbolTableRecord
100
AcDbLayerTableRecord
  2
INVISIBLE_LINES
 70
     0
 62
    -7
  6
CONTINUOUS
  0
LAYER
  5
10000057
330
2
100
AcDbSymbolTableRecord
100
AcDbLayerTableRecord
  2
VIEW_HATCHES
 70
     0
 62
    -7
  6
CONTINUOUS
  0
LAYER
  5
10000058
330
2
100
AcDbSymbolTableRecord
100
AcDbLayerTableRecord
  2
SECTION_JOG_LINES
 70
     0
 62
    -7
  6
CONTINUOUS
  0
ENDTAB
  0
TABLE
  2
STYLE
  5
3
330
0
100
AcDbSymbolTable
 70
     2
  0
STYLE
  5
11
330
3
100
AcDbSymbolTableRecord
100
AcDbTextStyleTableRecord
  2
STANDARD
 70
     0
 40
0.0
 41
1.0
 50
0.0
 71
     0
 42
0.2
  3
txt
  4

  0
STYLE
  5
10000004
330
3
100
AcDbSymbolTableRecord
100
AcDbTextStyleTableRecord
  2
TTFSTYLE
 70
     0
 40
0.0
 41
1.0
 50
0.0
 71
     0
 42
0.2
  3

  4

1001
ACAD
1000
Verdana
1071
       34
  0
ENDTAB
  0
TABLE
  2
VIEW
  5
6
330
0
100
AcDbSymbolTable
 70
     0
  0
ENDTAB
  0
TABLE
  2
UCS
  5
7
330
0
100
AcDbSymbolTable
 70
     0
  0
ENDTAB
  0
TABLE
  2
APPID
  5
9
330
0
100
AcDbSymbolTable
 70
     2
  0
APPID
  5
12
330
9
100
AcDbSymbolTableRecord
100
AcDbRegAppTableRecord
  2
ACAD
 70
     0
  0
APPID
  5
1000030E
330
9
100
AcDbSymbolTableRecord
100
AcDbRegAppTableRecord
  2
ACAD_MLEADERVER
 70
     0
  0
ENDTAB
  0
TABLE
  2
DIMSTYLE
  5
A
330
0
100
AcDbSymbolTable
 70
     1
  0
DIMSTYLE
105
27
330
A
100
AcDbSymbolTableRecord
100
AcDbDimStyleTableRecord
  2
STANDARD
 70
     0
  3

  4

  5

  6

  7

 40
1.0
 41
0.18
 42
0.0625
 43
0.38
 44
0.18
 45
0.0
 46
0.0
 47
0.0
 48
0.0
140
0.18
141
0.09
142
0.0
143
25.4
144
1.0
145
0.0
146
1.0
147
0.09
 71
     0
 72
     0
 73
     1
 74
     1
 75
     0
 76
     0
 77
     0
 78
     0
170
     0
171
     2
172
     0
173
     0
174
     0
175
     0
176
     0
177
     0
178
     0
270
     2
271
     4
272
     4
273
     2
274
     2
340
11
275
     0
280
     0
281
     0
282
     0
283
     1
284
     0
285
     0
286
     0
287
     3
288
     0
  0
ENDTAB
  0
TABLE
  2
BLOCK_RECORD
  5
1
330
0
100
AcDbSymbolTable
 70
     0
  0
BLOCK_RECORD
  5
1F
102
{ACAD_XDICTIONARY
360
100002D9
102
}
330
1
100
AcDbSymbolTableRecord
100
AcDbBlockTableRecord
  2
*MODEL_SPACE
  0
BLOCK_RECORD
  5
1B
330
1
100
AcDbSymbolTableRecord
100
AcDbBlockTableRecord
  2
*PAPER_SPACE
  0
ENDTAB
  0
ENDSEC
  0
SECTION
  2
BLOCKS
  0
BLOCK
  5
20
330
1F
100
AcDbEntity
  8
0
100
AcDbBlockBegin
  2
*MODEL_SPACE
 70
     0
 10
0.0
 20
0.0
 30
0.0
  3
*MODEL_SPACE
  1

  0
ENDBLK
  5
21
330
1F
100
AcDbEntity
  8
0
100
AcDbBlockEnd
  0
BLOCK
  5
1C
330
1B
100
AcDbEntity
 67
     1
  8
0
100
AcDbBlockBegin
  2
*PAPER_SPACE
 70
     0
 10
0.0
 20
0.0
 30
0.0
  3
*PAPER_SPACE
  1

  0
ENDBLK
  5
1D
330
1B
100
AcDbEntity
 67
     1
  8
0
100
AcDbBlockEnd
  0
ENDSEC
  0
SECTION
  2
ENTITIES
  0
LINE
  5
10000059
102
{ACAD_XDICTIONARY
360
1000005A
102
}
330
1F
100
AcDbEntity
  8
MODELSKETCH_VISIBLE
100
AcDbLine
 10
-43.72638856858693
 20
14.36356500730277
 30
0.0
 11
-41.85514685618358
 21
14.54958083013553
 31
0.0
  0
LINE
  5
1000005D
102
{ACAD_XDICTIONARY
360
1000005E
102
}
330
1F
100
AcDbEntity
  8
MODELSKETCH_VISIBLE
100
AcDbLine
 10
-41.85514685618356
 20
14.54958083013553
 30
0.0
 11
-40.10041802798072
 21
14.62705692928798
 31
0.0
  0
LINE
  5
10000061
102
{ACAD_XDICTIONARY
360
10000062
102
}
330
1F
100
AcDbEntity
  8
MODELSKETCH_VISIBLE
100
AcDbLine
 10
-40.10041802798073
 20
14.62705692928798
 30
0.0
 11
-38.43798254733652
 21
14.61856780379779
 31
0.0
  0
LINE
  5
10000065
102
{ACAD_XDICTIONARY
360
10000066
102
}
330
1F
100
AcDbEntity
  8
MODELSKETCH_VISIBLE
100
AcDbLine
 10
-38.43798254733654
 20
14.61856780379779
 30
0.0
 11
-36.05207285843905
 21
14.49312605011591
 31
0.0
  0
LINE
  5
10000069
102
{ACAD_XDICTIONARY
360
1000006A
102
}
330
1F
100
AcDbEntity
  8
MODELSKETCH_VISIBLE
100
AcDbLine
 10
-36.05207285843905
 20
14.49312605011591
 30
0.0
 11
-33.73790981574722
 21
14.30094584869402
 31
0.0
  0
LINE
  5
1000006D
102
{ACAD_XDICTIONARY
360
1000006E
102
}
330
1F
100
AcDbEntity
  8
MODELSKETCH_VISIBLE
100
AcDbLine
 10
-33.73790981574722
 20
14.30094584869402
 30
0.0
 11
-31.91587179411776
 21
14.15355303884378
 31
0.0
  0
LINE
  5
10000071
102
{ACAD_XDICTIONARY
360
10000072
102
}
330
1F
100
AcDbEntity
  8
MODELSKETCH_VISIBLE
100
AcDbLine
 10
-31.91587179411776
 20
14.15355303884377
 30
0.0
 11
-30.04657329724618
 21
14.05029404079161
 31
0.0
  0
LINE
  5
10000075
102
{ACAD_XDICTIONARY
360
10000076
102
}
330
1F
100
AcDbEntity
  8
MODELSKETCH_VISIBLE
100
AcDbLine
 10
-30.04657329724618
 20
14.05029404079161
 30
0.0
 11
-29.39543697464888
 21
12.15925684985467
 31
0.0
  0
CIRCLE
  5
10000079
102
{ACAD_XDICTIONARY
360
1000007A
102
}
330
1F
100
AcDbEntity
  8
MODELSKETCH_VISIBLE
100
AcDbCircle
 10
-23.7233428390905
 20
26.73296450256447
 30
0.0
 40
0.0344488188976362
  0
LINE
  5
1000007D
102
{ACAD_XDICTIONARY
360
1000007E
102
}
330
1F
100
AcDbEntity
  8
MODELSKETCH_VISIBLE
100
AcDbLine
 10
-33.07503505743318
 20
26.8446080047537
 30
0.0
 11
-31.39346037956782
 21
26.77109266801295
 31
0.0
  0
LINE
  5
10000081
102
{ACAD_XDICTIONARY
360
10000082
102
}
330
1F
100
AcDbEntity
  8
MODELSKETCH_VISIBLE
100
AcDbLine
 10
-34.20824664567085
 20
26.87031363265964
 30
0.0
 11
-33.07503505743318
 21
26.8446080047537
 31
0.0
  0
LINE
  5
10000085
102
{ACAD_XDICTIONARY
360
10000086
102
}
330
1F
100
AcDbEntity
  8
MODELSKETCH_VISIBLE
100
AcDbLine
 10
-35.39345987066739
 20
26.87865573031779
 30
0.0
 11
-34.20824664567084
 21
26.87031363265963
 31
0.0
  0
LINE
  5
10000089
102
{ACAD_XDICTIONARY
360
1000008A
102
}
330
1F
100
AcDbEntity
  8
MODELSKETCH_VISIBLE
100
AcDbLine
 10
-35.39345987066739
 20
26.87865573031779
 30
0.0
 11
-45.40619966176548
 21
26.87865573031779
 31
0.0
  0
ARC
  5
1000008D
102
{ACAD_XDICTIONARY
360
1000008E
102
}
330
1F
100
AcDbEntity
  8
MODELSKETCH_VISIBLE
100
AcDbCircle
 10
-43.40619966176548
 20
26.87865573031779
 30
0.0
 40
2.000000000000003
100
AcDbArc
 50
90.0
 51
180.0
  0
LINE
  5
10000091
102
{ACAD_XDICTIONARY
360
10000092
102
}
330
1F
100
AcDbEntity
  8
MODELSKETCH_VISIBLE
100
AcDbLine
 10
-35.40619966176546
 20
28.87865573031779
 30
0.0
 11
-43.40619966176548
 21
28.87865573031779
 31
0.0
  0
LINE
  5
10000095
102
{ACAD_XDICTIONARY
360
10000096
102
}
330
1F
100
AcDbEntity
  8
MODELSKETCH_VISIBLE
100
AcDbLine
 10
-29.72346263948495
 20
28.64743473228431
 30
0.0
 11
-28.3439927306159
 21
28.50776743540998
 31
0.0
  0
LINE
  5
10000099
102
{ACAD_XDICTIONARY
360
1000009A
102
}
330
1F
100
AcDbEntity
  8
MODELSKETCH_VISIBLE
100
AcDbLine
 10
-33.93201352626729
 20
12.48321270724445
 30
0.0
 11
-31.69251975709662
 21
12.29433265706629
 31
0.0
  0
LINE
  5
1000009D
102
{ACAD_XDICTIONARY
360
1000009E
102
}
330
1F
100
AcDbEntity
  8
MODELSKETCH_VISIBLE
100
AcDbLine
 10
-36.18948088942197
 20
12.6554667514932
 30
0.0
 11
-33.93201352626728
 21
12.48321270724445
 31
0.0
  0
LINE
  5
100000A1
102
{ACAD_XDICTIONARY
360
100000A2
102
}
330
1F
100
AcDbEntity
  8
MODELSKETCH_VISIBLE
100
AcDbLine
 10
-37.66998290673603
 20
12.72420103533391
 30
0.0
 11
-36.18948088942198
 21
12.6554667514932
 31
0.0
  0
LINE
  5
100000A5
102
{ACAD_XDICTIONARY
360
100000A6
102
}
330
1F
100
AcDbEntity
  8
MODELSKETCH_VISIBLE
100
AcDbLine
 10
-39.20783577811596
 20
12.73953118940591
 30
0.0
 11
-37.66998290673603
 21
12.72420103533391
 31
0.0
  0
LINE
  5
100000A9
102
{ACAD_XDICTIONARY
360
100000AA
102
}
330
1F
100
AcDbEntity
  8
MODELSKETCH_VISIBLE
100
AcDbLine
 10
-40.82251206125566
 20
12.6833072697788
 30
0.0
 11
-39.20783577811596
 21
12.7395311894059
 31
0.0
  0
LINE
  5
100000AD
102
{ACAD_XDICTIONARY
360
100000AE
102
}
330
1F
100
AcDbEntity
  8
MODELSKETCH_VISIBLE
100
AcDbLine
 10
-42.53348431384902
 20
12.53737933252227
 30
0.0
 11
-40.82251206125566
 21
12.6833072697788
 31
0.0
  0
LINE
  5
100000B1
102
{ACAD_XDICTIONARY
360
100000B2
102
}
330
1F
100
AcDbEntity
  8
MODELSKETCH_VISIBLE
100
AcDbLine
 10
-44.36022509358992
 20
12.28359743370594
 30
0.0
 11
-42.53348431384902
 21
12.53737933252227
 31
0.0
  0
LINE
  5
100000B5
102
{ACAD_XDICTIONARY
360
100000B6
102
}
330
1F
100
AcDbEntity
  8
MODELSKETCH_VISIBLE
100
AcDbLine
 10
-44.36022509358992
 20
12.28359743370594
 30
0.0
 11
-45.24881940543132
 21
14.13442344679126
 31
0.0
  0
LINE
  5
100000B9
102
{ACAD_XDICTIONARY
360
100000BA
102
}
330
1F
100
AcDbEntity
  8
MODELSKETCH_VISIBLE
100
AcDbLine
 10
-31.69251975709662
 20
12.29433265706629
 30
0.0
 11
-29.39543697464888
 21
12.15925684985467
 31
0.0
  0
CIRCLE
  5
100000BD
102
{ACAD_XDICTIONARY
360
100000BE
102
}
330
1F
100
AcDbEntity
  8
MODELSKETCH_VISIBLE
100
AcDbCircle
 10
-41.79510929365998
 20
16.00795889574247
 30
0.0
 40
0.0344488188976362
  0
LINE
  5
100000C1
102
{ACAD_XDICTIONARY
360
100000C2
102
}
330
1F
100
AcDbEntity
  8
MODELSKETCH_VISIBLE
100
AcDbLine
 10
-31.37220352941475
 20
16.00594117344798
 30
0.0
 11
-31.12220352941475
 21
16.00594117344798
 31
0.0
  0
LINE
  5
100000C5
102
{ACAD_XDICTIONARY
360
100000C6
102
}
330
1F
100
AcDbEntity
  8
MODELSKETCH_VISIBLE
100
AcDbLine
 10
-31.12220352941473
 20
17.13035290880309
 30
0.0
 11
-31.12220352941475
 21
16.00594117344798
 31
0.0
  0
LINE
  5
100000C9
102
{ACAD_XDICTIONARY
360
100000CA
102
}
330
1F
100
AcDbEntity
  8
MODELSKETCH_VISIBLE
100
AcDbLine
 10
-29.51109141515151
 20
17.25244745022903
 30
0.0
 11
-28.32273588008372
 21
17.37426955335096
 31
0.0
  0
LINE
  5
100000CD
102
{ACAD_XDICTIONARY
360
100000CE
102
}
330
1F
100
AcDbEntity
  8
MODELSKETCH_VISIBLE
100
AcDbLine
 10
-31.12220352941473
 20
17.13035290880309
 30
0.0
 11
-29.51109141515151
 21
17.25244745022903
 31
0.0
  0
LINE
  5
100000D1
102
{ACAD_XDICTIONARY
360
100000D2
102
}
330
1F
100
AcDbEntity
  8
MODELSKETCH_VISIBLE
100
AcDbLine
 10
-28.32273588008372
 20
15.37884719069397
 30
0.0
 11
-28.32273588008372
 21
17.37426955335096
 31
0.0
  0
LINE
  5
100000D5
102
{ACAD_XDICTIONARY
360
100000D6
102
}
330
1F
100
AcDbEntity
  8
MODELSKETCH_VISIBLE
100
AcDbLine
 10
-29.70220578901507
 20
15.23917989380372
 30
0.0
 11
-28.32273588008372
 21
15.37884719069397
 31
0.0
  0
LINE
  5
100000D9
102
{ACAD_XDICTIONARY
360
100000DA
102
}
330
1F
100
AcDbEntity
  8
MODELSKETCH_VISIBLE
100
AcDbLine
 10
-32.49898065861171
 20
15.06328889300361
 30
0.0
 11
-31.17318056891257
 21
15.13001422056792
 31
0.0
  0
LINE
  5
100000DD
102
{ACAD_XDICTIONARY
360
100000DE
102
}
330
1F
100
AcDbEntity
  8
MODELSKETCH_VISIBLE
100
AcDbLine
 10
-33.90127662683688
 20
15.02206219161465
 30
0.0
 11
-32.4989806586117
 21
15.06328889300361
 31
0.0
  0
LINE
  5
100000E1
102
{ACAD_XDICTIONARY
360
100000E2
102
}
330
1F
100
AcDbEntity
  8
MODELSKETCH_VISIBLE
100
AcDbLine
 10
-35.38494281161238
 20
15.00795889574246
 30
0.0
 11
-33.90127662683688
 21
15.02206219161465
 31
0.0
  0
LINE
  5
100000E5
102
{ACAD_XDICTIONARY
360
100000E6
102
}
330
1F
100
AcDbEntity
  8
MODELSKETCH_VISIBLE
100
AcDbLine
 10
-35.38494281161238
 20
15.00795889574246
 30
0.0
 11
-43.3849428116124
 21
15.00795889574246
 31
0.0
  0
ARC
  5
100000E9
102
{ACAD_XDICTIONARY
360
100000EA
102
}
330
1F
100
AcDbEntity
  8
MODELSKETCH_VISIBLE
100
AcDbCircle
 10
-43.3849428116124
 20
17.00795889574247
 30
0.0
 40
2.000000000000003
100
AcDbArc
 50
180.0
 51
270.0
  0
LINE
  5
100000ED
102
{ACAD_XDICTIONARY
360
100000EE
102
}
330
1F
100
AcDbEntity
  8
MODELSKETCH_VISIBLE
100
AcDbLine
 10
-35.37220302051431
 20
17.00795889574247
 30
0.0
 11
-45.3849428116124
 21
17.00795889574247
 31
0.0
  0
LINE
  5
100000F1
102
{ACAD_XDICTIONARY
360
100000F2
102
}
330
1F
100
AcDbEntity
  8
MODELSKETCH_VISIBLE
100
AcDbLine
 10
-33.0537782072801
 20
17.04200662130656
 30
0.0
 11
-31.37220352941473
 21
17.11552195804731
 31
0.0
  0
LINE
  5
100000F5
102
{ACAD_XDICTIONARY
360
100000F6
102
}
330
1F
100
AcDbEntity
  8
MODELSKETCH_VISIBLE
100
AcDbLine
 10
-34.18698979551777
 20
17.01630099340062
 30
0.0
 11
-33.0537782072801
 21
17.04200662130655
 31
0.0
  0
LINE
  5
100000F9
102
{ACAD_XDICTIONARY
360
100000FA
102
}
330
1F
100
AcDbEntity
  8
MODELSKETCH_VISIBLE
100
AcDbLine
 10
-35.37220302051431
 20
17.00795889574247
 30
0.0
 11
-34.18698979551776
 21
17.01630099340062
 31
0.0
  0
LINE
  5
100000FD
102
{ACAD_XDICTIONARY
360
100000FE
102
}
330
1F
100
AcDbEntity
  8
MODELSKETCH_VISIBLE
100
AcDbLine
 10
-31.37220352941475
 20
16.00594117344798
 30
0.0
 11
-31.37220352941473
 21
17.11552195804731
 31
0.0
  0
LINE
  5
10000101
102
{ACAD_XDICTIONARY
360
10000102
102
}
330
1F
100
AcDbEntity
  8
MODELSKETCH_VISIBLE
100
AcDbLine
 10
-31.54572071977677
 20
19.94824884854073
 30
0.0
 11
-29.93261884339754
 21
19.74182970239289
 31
0.0
  0
LINE
  5
10000105
102
{ACAD_XDICTIONARY
360
10000106
102
}
330
1F
100
AcDbEntity
  8
MODELSKETCH_VISIBLE
100
AcDbLine
 10
-33.06644311880093
 20
20.10895027335559
 30
0.0
 11
-31.54572071977677
 21
19.94824884854072
 31
0.0
  0
LINE
  5
10000109
102
{ACAD_XDICTIONARY
360
1000010A
102
}
330
1F
100
AcDbEntity
  8
MODELSKETCH_VISIBLE
100
AcDbLine
 10
-34.50090462973207
 20
20.22696449427167
 30
0.0
 11
-33.06644311880093
 21
20.10895027335559
 31
0.0
  0
LINE
  5
1000010D
102
{ACAD_XDICTIONARY
360
1000010E
102
}
330
1F
100
AcDbEntity
  8
MODELSKETCH_VISIBLE
100
AcDbLine
 10
-35.85522384183223
 20
20.30532202872316
 30
0.0
 11
-34.50090462973207
 21
20.22696449427168
 31
0.0
  0
LINE
  5
10000111
102
{ACAD_XDICTIONARY
360
10000112
102
}
330
1F
100
AcDbEntity
  8
MODELSKETCH_VISIBLE
100
AcDbLine
 10
-45.24881940543132
 20
14.13442344679126
 30
0.0
 11
-43.72638856858693
 21
14.36356500730277
 31
0.0
  0
LINE
  5
10000115
102
{ACAD_XDICTIONARY
360
10000116
102
}
330
1F
100
AcDbEntity
  8
MODELSKETCH_VISIBLE
100
AcDbLine
 10
-37.47264822763113
 20
20.35247652047995
 30
0.0
 11
-35.85522384183223
 21
20.30532202872316
 31
0.0
  0
LINE
  5
10000119
102
{ACAD_XDICTIONARY
360
1000011A
102
}
330
1F
100
AcDbEntity
  8
MODELSKETCH_VISIBLE
100
AcDbLine
 10
-38.98278057068352
 20
20.34655041074151
 30
0.0
 11
-37.47264822763111
 21
20.35247652047995
 31
0.0
  0
LINE
  5
1000011D
102
{ACAD_XDICTIONARY
360
1000011E
102
}
330
1F
100
AcDbEntity
  8
MODELSKETCH_VISIBLE
100
AcDbLine
 10
-40.39823500242073
 20
20.29379143792965
 30
0.0
 11
-38.98278057068353
 21
20.34655041074151
 31
0.0
  0
LINE
  5
10000121
102
{ACAD_XDICTIONARY
360
10000122
102
}
330
1F
100
AcDbEntity
  8
MODELSKETCH_VISIBLE
100
AcDbLine
 10
-41.73162565428711
 20
20.20044734046503
 30
0.0
 11
-40.39823500242073
 21
20.29379143792965
 31
0.0
  0
LINE
  5
10000125
102
{ACAD_XDICTIONARY
360
10000126
102
}
330
1F
100
AcDbEntity
  8
MODELSKETCH_VISIBLE
100
AcDbLine
 10
-29.93261884339754
 20
19.74182970239288
 30
0.0
 11
-26.96111257103458
 21
19.32933670450375
 31
0.0
  0
ARC
  5
10000129
102
{ACAD_XDICTIONARY
360
1000012A
102
}
330
1F
100
AcDbEntity
  8
MODELSKETCH_VISIBLE
100
AcDbCircle
 10
-28.94211675260988
 20
19.60433203642984
 30
0.0
 40
1.999999999999985
100
AcDbArc
 50
262.0969272793436
 51
352.0969272793435
  0
LINE
  5
1000012D
102
{ACAD_XDICTIONARY
360
1000012E
102
}
330
1F
100
AcDbEntity
  8
MODELSKETCH_VISIBLE
100
AcDbLine
 10
-30.21058585957538
 20
17.76123803852187
 30
0.0
 11
-29.21711208453597
 21
17.62332785485455
 31
0.0
  0
LINE
  5
10000131
102
{ACAD_XDICTIONARY
360
10000132
102
}
330
1F
100
AcDbEntity
  8
MODELSKETCH_VISIBLE
100
AcDbLine
 10
-31.88356908153049
 20
17.97491511984983
 30
0.0
 11
-30.21058585957538
 21
17.76123803852187
 31
0.0
  0
LINE
  5
10000135
102
{ACAD_XDICTIONARY
360
10000136
102
}
330
1F
100
AcDbEntity
  8
MODELSKETCH_VISIBLE
100
AcDbLine
 10
-33.45728294004391
 20
18.1394482916098
 30
0.0
 11
-31.88356908153049
 21
17.97491511984983
 31
0.0
  0
LINE
  5
10000139
102
{ACAD_XDICTIONARY
360
1000013A
102
}
330
1F
100
AcDbEntity
  8
MODELSKETCH_VISIBLE
100
AcDbLine
 10
-34.93857311142466
 20
18.25822649324309
 30
0.0
 11
-33.4572829400439
 21
18.1394482916098
 31
0.0
  0
LINE
  5
1000013D
102
{ACAD_XDICTIONARY
360
1000013E
102
}
330
1F
100
AcDbEntity
  8
MODELSKETCH_VISIBLE
100
AcDbLine
 10
-36.33428526434358
 20
18.33463871922991
 30
0.0
 11
-34.93857311142466
 21
18.25822649324309
 31
0.0
  0
LINE
  5
10000141
102
{ACAD_XDICTIONARY
360
10000142
102
}
330
1F
100
AcDbEntity
  8
MODELSKETCH_VISIBLE
100
AcDbLine
 10
-37.65126506747147
 20
18.37207396405043
 30
0.0
 11
-36.33428526434358
 21
18.33463871922991
 31
0.0
  0
LINE
  5
10000145
102
{ACAD_XDICTIONARY
360
10000146
102
}
330
1F
100
AcDbEntity
  8
MODELSKETCH_VISIBLE
100
AcDbLine
 10
-39.22435290921426
 20
18.36869417771625
 30
0.0
 11
-37.65126506747147
 21
18.37207396405043
 31
0.0
  0
LINE
  5
10000149
102
{ACAD_XDICTIONARY
360
1000014A
102
}
330
1F
100
AcDbEntity
  8
MODELSKETCH_VISIBLE
100
AcDbLine
 10
-40.69510929365999
 20
18.31465451276324
 30
0.0
 11
-39.22435290921426
 21
18.36869417771625
 31
0.0
  0
LINE
  5
1000014D
102
{ACAD_XDICTIONARY
360
1000014E
102
}
330
1F
100
AcDbEntity
  8
MODELSKETCH_VISIBLE
100
AcDbLine
 10
-42.07764730483024
 20
18.21694174669225
 30
0.0
 11
-40.69510929365998
 21
18.31465451276324
 31
0.0
  0
LINE
  5
10000151
102
{ACAD_XDICTIONARY
360
10000152
102
}
330
1F
100
AcDbEntity
  8
MODELSKETCH_VISIBLE
100
AcDbLine
 10
-43.3860800267466
 20
18.0825426570041
 30
0.0
 11
-42.07764730483024
 21
18.21694174669225
 31
0.0
  0
LINE
  5
10000155
102
{ACAD_XDICTIONARY
360
10000156
102
}
330
1F
100
AcDbEntity
  8
MODELSKETCH_VISIBLE
100
AcDbLine
 10
-44.63452054363542
 20
17.91844402117006
 30
0.0
 11
-43.3860800267466
 21
18.0825426570041
 31
0.0
  0
LINE
  5
10000159
102
{ACAD_XDICTIONARY
360
1000015A
102
}
330
1F
100
AcDbEntity
  8
MODELSKETCH_VISIBLE
100
AcDbLine
 10
-44.63452054363542
 20
17.91844402117006
 30
0.0
 11
-44.36022509358992
 21
19.89440641195534
 31
0.0
  0
LINE
  5
1000015D
102
{ACAD_XDICTIONARY
360
1000015E
102
}
330
1F
100
AcDbEntity
  8
MODELSKETCH_VISIBLE
100
AcDbLine
 10
-43.05680975098483
 20
20.06563433599857
 30
0.0
 11
-41.98718369044957
 21
20.17767772447317
 31
0.0
  0
LINE
  5
10000161
102
{ACAD_XDICTIONARY
360
10000162
102
}
330
1F
100
AcDbEntity
  8
MODELSKETCH_VISIBLE
100
AcDbLine
 10
-44.36022509358992
 20
19.89440641195534
 30
0.0
 11
-43.05680975098483
 21
20.06563433599857
 31
0.0
  0
LINE
  5
10000165
102
{ACAD_XDICTIONARY
360
10000166
102
}
330
1F
100
AcDbEntity
  8
MODELSKETCH_VISIBLE
100
AcDbLine
 10
-41.98718369044957
 20
20.17767772447317
 30
0.0
 11
-42.12468135632799
 21
19.18717563369331
 31
0.0
  0
LINE
  5
10000169
102
{ACAD_XDICTIONARY
360
1000016A
102
}
330
1F
100
AcDbEntity
  8
MODELSKETCH_VISIBLE
100
AcDbLine
 10
-42.124681356328
 20
19.18717563369331
 30
0.0
 11
-41.87705583363108
 21
19.15280121720255
 31
0.0
  0
LINE
  5
1000016D
102
{ACAD_XDICTIONARY
360
1000016E
102
}
330
1F
100
AcDbEntity
  8
MODELSKETCH_VISIBLE
100
AcDbLine
 10
-41.87705583363108
 20
19.15280121720255
 30
0.0
 11
-41.73162565428711
 21
20.20044734046503
 31
0.0
  0
LINE
  5
10000171
102
{ACAD_XDICTIONARY
360
10000172
102
}
330
1F
100
AcDbEntity
  8
MODELSKETCH_VISIBLE
100
AcDbLine
 10
-18.16981557204475
 20
21.60595024860825
 30
0.0
 11
-17.0293966830122
 21
21.83387180798278
 31
0.0
  0
LINE
  5
10000175
102
{ACAD_XDICTIONARY
360
10000176
102
}
330
1F
100
AcDbEntity
  8
MODELSKETCH_VISIBLE
100
AcDbLine
 10
-19.63620121795213
 20
21.32300991151859
 30
0.0
 11
-18.16981557204475
 21
21.60595024860825
 31
0.0
  0
LINE
  5
10000179
102
{ACAD_XDICTIONARY
360
1000017A
102
}
330
1F
100
AcDbEntity
  8
MODELSKETCH_VISIBLE
100
AcDbLine
 10
-21.43963512854867
 20
21.01465508531677
 30
0.0
 11
-19.63620121795213
 21
21.32300991151859
 31
0.0
  0
LINE
  5
1000017D
102
{ACAD_XDICTIONARY
360
1000017E
102
}
330
1F
100
AcDbEntity
  8
MODELSKETCH_VISIBLE
100
AcDbLine
 10
-23.35322147249575
 20
20.75894347422019
 30
0.0
 11
-21.43963512854867
 21
21.01465508531677
 31
0.0
  0
LINE
  5
10000181
102
{ACAD_XDICTIONARY
360
10000182
102
}
330
1F
100
AcDbEntity
  8
MODELSKETCH_VISIBLE
100
AcDbLine
 10
-25.42552199710871
 20
20.57908334001702
 30
0.0
 11
-23.35322147249575
 21
20.75894347422019
 31
0.0
  0
LINE
  5
10000185
102
{ACAD_XDICTIONARY
360
10000186
102
}
330
1F
100
AcDbEntity
  8
MODELSKETCH_VISIBLE
100
AcDbLine
 10
-23.22841211477085
 20
22.88524616842302
 30
0.0
 11
-25.21276413091459
 21
23.22711005267942
 31
0.0
  0
LINE
  5
10000189
102
{ACAD_XDICTIONARY
360
1000018A
102
}
330
1F
100
AcDbEntity
  8
MODELSKETCH_VISIBLE
100
AcDbLine
 10
-37.87371271573506
 20
24.58426420166632
 30
0.0
 11
-39.39851072533223
 21
24.52310014598924
 31
0.0
  0
LINE
  5
1000018D
102
{ACAD_XDICTIONARY
360
1000018E
102
}
330
1F
100
AcDbEntity
  8
MODELSKETCH_VISIBLE
100
AcDbLine
 10
-36.44368706287064
 20
24.59880494765963
 30
0.0
 11
-37.87371271573506
 21
24.58426420166633
 31
0.0
  0
LINE
  5
10000191
102
{ACAD_XDICTIONARY
360
10000192
102
}
330
1F
100
AcDbEntity
  8
MODELSKETCH_VISIBLE
100
AcDbLine
 10
-16.78189010205737
 20
23.81849784136641
 30
0.0
 11
-17.0293966830122
 21
21.83387180798278
 31
0.0
  0
CIRCLE
  5
10000195
102
{ACAD_XDICTIONARY
360
10000196
102
}
330
1F
100
AcDbEntity
  8
MODELSKETCH_VISIBLE
100
AcDbCircle
 10
-36.62966527646076
 20
25.5887977036215
 30
0.0
 40
0.0344488188976378
  0
LINE
  5
10000199
102
{ACAD_XDICTIONARY
360
1000019A
102
}
330
1F
100
AcDbEntity
  8
MODELSKETCH_VISIBLE
100
AcDbLine
 10
-34.74542781564384
 20
24.55740486391019
 30
0.0
 11
-36.44368706287064
 21
24.59880494765962
 31
0.0
  0
LINE
  5
1000019D
102
{ACAD_XDICTIONARY
360
1000019E
102
}
330
1F
100
AcDbEntity
  8
MODELSKETCH_VISIBLE
100
AcDbLine
 10
-33.1649979903123
 20
24.45803853540045
 30
0.0
 11
-34.74542781564384
 21
24.5574048639102
 31
0.0
  0
LINE
  5
100001A1
102
{ACAD_XDICTIONARY
360
100001A2
102
}
330
1F
100
AcDbEntity
  8
MODELSKETCH_VISIBLE
100
AcDbLine
 10
-22.03934547195722
 20
27.31414780805224
 30
0.0
 11
-20.53511701475451
 21
26.88615073368121
 31
0.0
  0
LINE
  5
100001A5
102
{ACAD_XDICTIONARY
360
100001A6
102
}
330
1F
100
AcDbEntity
  8
MODELSKETCH_VISIBLE
100
AcDbLine
 10
-31.68241335342671
 20
24.31053721606373
 30
0.0
 11
-33.1649979903123
 21
24.45803853540045
 31
0.0
  0
LINE
  5
100001A9
102
{ACAD_XDICTIONARY
360
100001AA
102
}
330
1F
100
AcDbEntity
  8
MODELSKETCH_VISIBLE
100
AcDbLine
 10
-23.63890744439787
 20
27.7103670441451
 30
0.0
 11
-22.03934547195722
 21
27.31414780805224
 31
0.0
  0
LINE
  5
100001AD
102
{ACAD_XDICTIONARY
360
100001AE
102
}
330
1F
100
AcDbEntity
  8
MODELSKETCH_VISIBLE
100
AcDbLine
 10
-30.2776896715378
 20
24.12473215983334
 30
0.0
 11
-31.68241335342672
 21
24.31053721606373
 31
0.0
  0
CIRCLE
  5
100001B1
102
{ACAD_XDICTIONARY
360
100001B2
102
}
330
1F
100
AcDbEntity
  8
MODELSKETCH_VISIBLE
100
AcDbCircle
 10
-34.56699196043782
 20
16.00986326192998
 30
0.0
 40
0.0344488188976362
  0
LINE
  5
100001B5
102
{ACAD_XDICTIONARY
360
100001B6
102
}
330
1F
100
AcDbEntity
  8
MODELSKETCH_VISIBLE
100
AcDbLine
 10
-25.09301254948003
 20
28.0142527268969
 30
0.0
 11
-23.63890744439787
 21
27.7103670441451
 31
0.0
  0
CIRCLE
  5
100001B9
102
{ACAD_XDICTIONARY
360
100001BA
102
}
330
1F
100
AcDbEntity
  8
MODELSKETCH_VISIBLE
100
AcDbCircle
 10
-38.27890769196383
 20
19.3666385106512
 30
0.0
 40
0.0344488188976378
  0
ARC
  5
100001BD
102
{ACAD_XDICTIONARY
360
100001BE
102
}
330
1F
100
AcDbEntity
  8
MODELSKETCH_VISIBLE
100
AcDbCircle
 10
-42.98985279439594
 20
26.22983875743032
 30
0.0
 40
2.0
100
AcDbArc
 50
187.8459032163
 51
276.2765476370801
  0
CIRCLE
  5
100001C1
102
{ACAD_XDICTIONARY
360
100001C2
102
}
330
1F
100
AcDbEntity
  8
MODELSKETCH_VISIBLE
100
AcDbCircle
 10
-30.07160235148646
 20
18.75153387045738
 30
0.0
 40
0.0344488188976384
  0
LINE
  5
100001C5
102
{ACAD_XDICTIONARY
360
100001C6
102
}
330
1F
100
AcDbEntity
  8
MODELSKETCH_VISIBLE
100
AcDbLine
 10
-26.65532000431351
 20
28.28207095973158
 30
0.0
 11
-25.09301254948002
 21
28.0142527268969
 31
0.0
  0
LINE
  5
100001C9
102
{ACAD_XDICTIONARY
360
100001CA
102
}
330
1F
100
AcDbEntity
  8
MODELSKETCH_VISIBLE
100
AcDbLine
 10
-44.97113037904985
 20
25.95682020028079
 30
0.0
 11
-44.97499090360386
 21
25.98483577125048
 31
0.0
  0
LINE
  5
100001CD
102
{ACAD_XDICTIONARY
360
100001CE
102
}
330
1F
100
AcDbEntity
  8
MODELSKETCH_VISIBLE
100
AcDbLine
 10
-28.3439927306159
 20
28.50776743540998
 30
0.0
 11
-26.65532000431352
 21
28.28207095973158
 31
0.0
  0
LINE
  5
100001D1
102
{ACAD_XDICTIONARY
360
100001D2
102
}
330
1F
100
AcDbEntity
  8
MODELSKETCH_VISIBLE
100
AcDbLine
 10
-43.36137844892738
 20
26.18722493496125
 30
0.0
 11
-44.97499090360386
 21
25.98483577125048
 31
0.0
  0
LINE
  5
100001D5
102
{ACAD_XDICTIONARY
360
100001D6
102
}
330
1F
100
AcDbEntity
  8
MODELSKETCH_VISIBLE
100
AcDbLine
 10
-25.06616979334349
 20
26.01551228115663
 30
0.0
 11
-23.60155509983458
 21
25.7088519774662
 31
0.0
  0
LINE
  5
100001D9
102
{ACAD_XDICTIONARY
360
100001DA
102
}
330
1F
100
AcDbEntity
  8
MODELSKETCH_VISIBLE
100
AcDbLine
 10
-37.43345971827586
 20
26.57664657908594
 30
0.0
 11
-39.05099684454123
 21
26.53353237002561
 31
0.0
  0
LINE
  5
100001DD
102
{ACAD_XDICTIONARY
360
100001DE
102
}
330
1F
100
AcDbEntity
  8
MODELSKETCH_VISIBLE
100
AcDbLine
 10
-23.60155509983458
 20
25.7088519774662
 30
0.0
 11
-21.99122336925512
 21
25.30870686237155
 31
0.0
  0
LINE
  5
100001E1
102
{ACAD_XDICTIONARY
360
100001E2
102
}
330
1F
100
AcDbEntity
  8
MODELSKETCH_VISIBLE
100
AcDbLine
 10
-39.05099684454123
 20
26.53353237002561
 30
0.0
 11
-40.40550755944543
 21
26.4585580098842
 31
0.0
  0
LINE
  5
100001E5
102
{ACAD_XDICTIONARY
360
100001E6
102
}
330
1F
100
AcDbEntity
  8
MODELSKETCH_VISIBLE
100
AcDbLine
 10
-20.53511701475451
 20
26.88615073368122
 30
0.0
 11
-20.4772130965842
 21
24.87633427640906
 31
0.0
  0
LINE
  5
100001E9
102
{ACAD_XDICTIONARY
360
100001EA
102
}
330
1F
100
AcDbEntity
  8
MODELSKETCH_VISIBLE
100
AcDbLine
 10
-41.84025938089103
 20
26.34412727301762
 30
0.0
 11
-43.36137844892738
 21
26.18722493496125
 31
0.0
  0
LINE
  5
100001ED
102
{ACAD_XDICTIONARY
360
100001EE
102
}
330
1F
100
AcDbEntity
  8
MODELSKETCH_VISIBLE
100
AcDbLine
 10
-21.99122336925512
 20
25.30870686237155
 30
0.0
 11
-20.4772130965842
 21
24.87633427640905
 31
0.0
  0
LINE
  5
100001F1
102
{ACAD_XDICTIONARY
360
100001F2
102
}
330
1F
100
AcDbEntity
  8
MODELSKETCH_VISIBLE
100
AcDbLine
 10
-40.40550755944543
 20
26.45855800988421
 30
0.0
 11
-41.84025938089103
 21
26.34412727301762
 31
0.0
  0
LINE
  5
100001F5
102
{ACAD_XDICTIONARY
360
100001F6
102
}
330
1F
100
AcDbEntity
  8
MODELSKETCH_VISIBLE
100
AcDbLine
 10
-31.39346037956783
 20
27.88067345261228
 30
0.0
 11
-31.39346037956781
 21
26.77109266801295
 31
0.0
  0
LINE
  5
100001F9
102
{ACAD_XDICTIONARY
360
100001FA
102
}
330
1F
100
AcDbEntity
  8
MODELSKETCH_VISIBLE
100
AcDbLine
 10
-31.74866508278668
 20
20.62220356376924
 30
0.0
 11
-29.99817159880156
 21
20.53031808559165
 31
0.0
  0
LINE
  5
100001FD
102
{ACAD_XDICTIONARY
360
100001FE
102
}
330
1F
100
AcDbEntity
  8
MODELSKETCH_VISIBLE
100
AcDbLine
 10
-29.5323482653046
 20
26.63416717583123
 30
0.0
 11
-28.34399273023679
 21
26.5123450727093
 31
0.0
  0
LINE
  5
10000201
102
{ACAD_XDICTIONARY
360
10000202
102
}
330
1F
100
AcDbEntity
  8
MODELSKETCH_VISIBLE
100
AcDbLine
 10
-33.17487532938856
 20
26.41397944944132
 30
0.0
 11
-34.50802865889951
 21
26.51065390847813
 31
0.0
  0
LINE
  5
10000205
102
{ACAD_XDICTIONARY
360
10000206
102
}
330
1F
100
AcDbEntity
  8
MODELSKETCH_VISIBLE
100
AcDbLine
 10
-35.92334688912642
 20
26.56694835513137
 30
0.0
 11
-37.43345971827586
 21
26.57664657908594
 31
0.0
  0
LINE
  5
10000209
102
{ACAD_XDICTIONARY
360
1000020A
102
}
330
1F
100
AcDbEntity
  8
MODELSKETCH_VISIBLE
100
AcDbLine
 10
-26.64076481389947
 20
26.28541715220022
 30
0.0
 11
-25.06616979334349
 21
26.01551228115663
 31
0.0
  0
LINE
  5
1000020D
102
{ACAD_XDICTIONARY
360
1000020E
102
}
330
1F
100
AcDbEntity
  8
MODELSKETCH_VISIBLE
100
AcDbLine
 10
-31.14346037956782
 20
26.75626171725717
 30
0.0
 11
-31.14346037956782
 21
27.88067345261228
 31
0.0
  0
LINE
  5
10000211
102
{ACAD_XDICTIONARY
360
10000212
102
}
330
1F
100
AcDbEntity
  8
MODELSKETCH_VISIBLE
100
AcDbLine
 10
-28.36915952966943
 20
20.4964900833941
 30
0.0
 11
-26.84911446567644
 21
20.51473876544607
 31
0.0
  0
LINE
  5
10000215
102
{ACAD_XDICTIONARY
360
10000216
102
}
330
1F
100
AcDbEntity
  8
MODELSKETCH_VISIBLE
100
AcDbLine
 10
-32.78435188693167
 20
25.39972909694322
 30
0.0
 11
-33.0320625003513
 21
25.36597332707691
 31
0.0
  0
LINE
  5
10000219
102
{ACAD_XDICTIONARY
360
1000021A
102
}
330
1F
100
AcDbEntity
  8
MODELSKETCH_VISIBLE
100
AcDbLine
 10
-34.50802865889951
 20
26.51065390847814
 30
0.0
 11
-35.92334688912642
 21
26.56694835513137
 31
0.0
  0
LINE
  5
1000021D
102
{ACAD_XDICTIONARY
360
1000021E
102
}
330
1F
100
AcDbEntity
  8
MODELSKETCH_VISIBLE
100
AcDbLine
 10
-28.34399273023679
 20
26.5123450727093
 30
0.0
 11
-26.64076481389947
 21
26.28541715220021
 31
0.0
  0
LINE
  5
10000221
102
{ACAD_XDICTIONARY
360
10000222
102
}
330
1F
100
AcDbEntity
  8
MODELSKETCH_VISIBLE
100
AcDbLine
 10
-31.39346037956783
 20
27.88067345261228
 30
0.0
 11
-31.14346037956782
 21
27.88067345261228
 31
0.0
  0
LINE
  5
10000225
102
{ACAD_XDICTIONARY
360
10000226
102
}
330
1F
100
AcDbEntity
  8
MODELSKETCH_VISIBLE
100
AcDbLine
 10
-29.99817159880156
 20
20.53031808559165
 30
0.0
 11
-28.36915952966943
 21
20.4964900833941
 31
0.0
  0
LINE
  5
10000229
102
{ACAD_XDICTIONARY
360
1000022A
102
}
330
1F
100
AcDbEntity
  8
MODELSKETCH_VISIBLE
100
AcDbLine
 10
-32.91937496631228
 20
26.39057155061376
 30
0.0
 11
-32.78435188693167
 21
25.39972909694322
 31
0.0
  0
LINE
  5
1000022D
102
{ACAD_XDICTIONARY
360
1000022E
102
}
330
1F
100
AcDbEntity
  8
MODELSKETCH_VISIBLE
100
AcDbLine
 10
-33.0320625003513
 20
25.36597332707691
 30
0.0
 11
-33.17487532938856
 21
26.41397944944132
 31
0.0
  0
LINE
  5
10000231
102
{ACAD_XDICTIONARY
360
10000232
102
}
330
1F
100
AcDbEntity
  8
MODELSKETCH_VISIBLE
100
AcDbLine
 10
-31.14346037956782
 20
26.75626171725717
 30
0.0
 11
-29.5323482653046
 21
26.63416717583123
 31
0.0
  0
LINE
  5
10000235
102
{ACAD_XDICTIONARY
360
10000236
102
}
330
1F
100
AcDbEntity
  8
MODELSKETCH_VISIBLE
100
AcDbLine
 10
-26.84911446567644
 20
20.51473876544607
 30
0.0
 11
-25.42552199710871
 21
20.57908334001702
 31
0.0
  0
LINE
  5
10000239
102
{ACAD_XDICTIONARY
360
1000023A
102
}
330
1F
100
AcDbEntity
  8
MODELSKETCH_VISIBLE
100
AcDbLine
 10
-39.39851072533223
 20
24.52310014598924
 30
0.0
 11
-41.02777461014648
 21
24.41054404921978
 31
0.0
  0
LINE
  5
1000023D
102
{ACAD_XDICTIONARY
360
1000023E
102
}
330
1F
100
AcDbEntity
  8
MODELSKETCH_VISIBLE
100
AcDbLine
 10
-35.40619966176546
 20
28.87865573031779
 30
0.0
 11
-33.92253347708047
 21
28.86455243444735
 31
0.0
  0
LINE
  5
10000241
102
{ACAD_XDICTIONARY
360
10000242
102
}
330
1F
100
AcDbEntity
  8
MODELSKETCH_VISIBLE
100
AcDbLine
 10
-25.21276413091459
 20
23.22711005267942
 30
0.0
 11
-27.15335369020057
 21
23.59050289997383
 31
0.0
  0
LINE
  5
10000245
102
{ACAD_XDICTIONARY
360
10000246
102
}
330
1F
100
AcDbEntity
  8
MODELSKETCH_VISIBLE
100
AcDbLine
 10
-41.02777461014648
 20
24.41054404921978
 30
0.0
 11
-42.77119788866216
 21
24.2418271799493
 31
0.0
  0
LINE
  5
10000249
102
{ACAD_XDICTIONARY
360
1000024A
102
}
330
1F
100
AcDbEntity
  8
MODELSKETCH_VISIBLE
100
AcDbLine
 10
-33.92253347708047
 20
28.86455243444735
 30
0.0
 11
-32.52023750893589
 21
28.82332573306345
 31
0.0
  0
LINE
  5
1000024D
102
{ACAD_XDICTIONARY
360
1000024E
102
}
330
1F
100
AcDbEntity
  8
MODELSKETCH_VISIBLE
100
AcDbLine
 10
-27.15335369020057
 20
23.59050289997383
 30
0.0
 11
-28.69161712772911
 21
23.86937738712697
 31
0.0
  0
LINE
  5
10000251
102
{ACAD_XDICTIONARY
360
10000252
102
}
330
1F
100
AcDbEntity
  8
MODELSKETCH_VISIBLE
100
AcDbLine
 10
-31.17318056891257
 20
15.13001422056792
 30
0.0
 11
-29.70220578901507
 21
15.23917989380372
 31
0.0
  0
CIRCLE
  5
10000255
102
{ACAD_XDICTIONARY
360
10000256
102
}
330
1F
100
AcDbEntity
  8
MODELSKETCH_VISIBLE
100
AcDbCircle
 10
-27.31673101488162
 20
24.58341702156337
 30
0.0
 40
0.0344488188976373
  0
LINE
  5
10000259
102
{ACAD_XDICTIONARY
360
1000025A
102
}
330
1F
100
AcDbEntity
  8
MODELSKETCH_VISIBLE
100
AcDbLine
 10
-32.52023750893589
 20
28.82332573306345
 30
0.0
 11
-31.19443741930835
 21
28.7566004055072
 31
0.0
  0
LINE
  5
1000025D
102
{ACAD_XDICTIONARY
360
1000025E
102
}
330
1F
100
AcDbEntity
  8
MODELSKETCH_VISIBLE
100
AcDbLine
 10
-28.69161712772911
 20
23.86937738712698
 30
0.0
 11
-30.2776896715378
 21
24.12473215983334
 31
0.0
  0
LINE
  5
10000261
102
{ACAD_XDICTIONARY
360
10000262
102
}
330
1F
100
AcDbEntity
  8
MODELSKETCH_VISIBLE
100
AcDbLine
 10
-31.19443741930836
 20
28.7566004055072
 30
0.0
 11
-29.72346263948495
 21
28.64743473228431
 31
0.0
  0
LINE
  5
10000265
102
{ACAD_XDICTIONARY
360
10000266
102
}
330
1F
100
AcDbEntity
  8
MODELSKETCH_VISIBLE
100
AcDbLine
 10
-23.22841211477085
 20
22.88524616842302
 30
0.0
 11
-23.5571573823491
 21
24.86883927304563
 31
0.0
  0
LINE
  5
10000269
102
{ACAD_XDICTIONARY
360
1000026A
102
}
330
1F
100
AcDbEntity
  8
MODELSKETCH_VISIBLE
100
AcDbLine
 10
-29.01986706542328
 20
22.49326516963099
 30
0.0
 11
-27.32022062987616
 21
22.48446138333991
 31
0.0
  0
LINE
  5
1000026D
102
{ACAD_XDICTIONARY
360
1000026E
102
}
330
1F
100
AcDbEntity
  8
MODELSKETCH_VISIBLE
100
AcDbLine
 10
-23.5571573823491
 20
24.86883927304563
 30
0.0
 11
-25.52356489830486
 21
25.20916597832776
 31
0.0
  0
LINE
  5
10000271
102
{ACAD_XDICTIONARY
360
10000272
102
}
330
1F
100
AcDbEntity
  8
MODELSKETCH_VISIBLE
100
AcDbLine
 10
-27.32022062987615
 20
22.48446138333991
 30
0.0
 11
-25.7398642384243
 21
22.5326677896318
 31
0.0
  0
LINE
  5
10000275
102
{ACAD_XDICTIONARY
360
10000276
102
}
330
1F
100
AcDbEntity
  8
MODELSKETCH_VISIBLE
100
AcDbLine
 10
-25.52356489830486
 20
25.20916597832776
 30
0.0
 11
-27.44801021105451
 21
25.5703296479281
 31
0.0
  0
LINE
  5
10000279
102
{ACAD_XDICTIONARY
360
1000027A
102
}
330
1F
100
AcDbEntity
  8
MODELSKETCH_VISIBLE
100
AcDbLine
 10
-25.7398642384243
 20
22.5326677896318
 30
0.0
 11
-24.26308001243276
 21
22.6303726193302
 31
0.0
  0
LINE
  5
1000027D
102
{ACAD_XDICTIONARY
360
1000027E
102
}
330
1F
100
AcDbEntity
  8
MODELSKETCH_VISIBLE
100
AcDbLine
 10
-27.44801021105451
 20
25.5703296479281
 30
0.0
 11
-28.9738861969489
 21
25.84743186220217
 31
0.0
  0
LINE
  5
10000281
102
{ACAD_XDICTIONARY
360
10000282
102
}
330
1F
100
AcDbEntity
  8
MODELSKETCH_VISIBLE
100
AcDbLine
 10
-24.26308001243276
 20
22.6303726193302
 30
0.0
 11
-22.87415007327988
 21
22.77006410315222
 31
0.0
  0
CIRCLE
  5
10000285
102
{ACAD_XDICTIONARY
360
10000286
102
}
330
1F
100
AcDbEntity
  8
MODELSKETCH_VISIBLE
100
AcDbCircle
 10
-34.5882488105909
 20
27.87675136413027
 30
0.0
 40
0.0344488188976362
  0
LINE
  5
10000289
102
{ACAD_XDICTIONARY
360
1000028A
102
}
330
1F
100
AcDbEntity
  8
MODELSKETCH_VISIBLE
100
AcDbLine
 10
-28.9738861969489
 20
25.84743186220217
 30
0.0
 11
-30.54704854474931
 21
26.10137354393312
 31
0.0
  0
LINE
  5
1000028D
102
{ACAD_XDICTIONARY
360
1000028E
102
}
330
1F
100
AcDbEntity
  8
MODELSKETCH_VISIBLE
100
AcDbLine
 10
-30.5470485447493
 20
26.10137354393312
 30
0.0
 11
-31.85003211388897
 21
26.27585671178185
 31
0.0
  0
LINE
  5
10000291
102
{ACAD_XDICTIONARY
360
10000292
102
}
330
1F
100
AcDbEntity
  8
MODELSKETCH_VISIBLE
100
AcDbLine
 10
-31.85003211388897
 20
26.27585671178185
 30
0.0
 11
-32.91937496631228
 21
26.39057155061376
 31
0.0
  0
LINE
  5
10000295
102
{ACAD_XDICTIONARY
360
10000296
102
}
330
1F
100
AcDbEntity
  8
MODELSKETCH_VISIBLE
100
AcDbLine
 10
-22.87415007327987
 20
22.77006410315222
 30
0.0
 11
-21.55735654234396
 21
22.94423047181495
 31
0.0
  0
LINE
  5
10000299
102
{ACAD_XDICTIONARY
360
1000029A
102
}
330
1F
100
AcDbEntity
  8
MODELSKETCH_VISIBLE
100
AcDbLine
 10
-21.55735654234396
 20
22.94423047181495
 30
0.0
 11
-19.91584720227773
 21
23.21190680193692
 31
0.0
  0
LINE
  5
1000029D
102
{ACAD_XDICTIONARY
360
1000029E
102
}
330
1F
100
AcDbEntity
  8
MODELSKETCH_VISIBLE
100
AcDbLine
 10
-19.91584720227773
 20
23.21190680193692
 30
0.0
 11
-18.33579062283944
 21
23.50895216911185
 31
0.0
  0
LINE
  5
100002A1
102
{ACAD_XDICTIONARY
360
100002A2
102
}
330
1F
100
AcDbEntity
  8
MODELSKETCH_VISIBLE
100
AcDbLine
 10
-18.33579062283944
 20
23.50895216911185
 30
0.0
 11
-16.78189010205737
 21
23.81849784136641
 31
0.0
  0
LINE
  5
100002A5
102
{ACAD_XDICTIONARY
360
100002A6
102
}
330
1F
100
AcDbEntity
  8
MODELSKETCH_VISIBLE
100
AcDbLine
 10
-31.18392101303161
 20
22.58619730290129
 30
0.0
 11
-29.94772795099975
 21
22.52253111576866
 31
0.0
  0
LINE
  5
100002A9
102
{ACAD_XDICTIONARY
360
100002AA
102
}
330
1F
100
AcDbEntity
  8
MODELSKETCH_VISIBLE
100
AcDbLine
 10
-29.94772795099975
 20
22.52253111576866
 30
0.0
 11
-29.01986706542328
 21
22.49326516963099
 31
0.0
  0
LINE
  5
100002AD
102
{ACAD_XDICTIONARY
360
100002AE
102
}
330
1F
100
AcDbEntity
  8
MODELSKETCH_VISIBLE
100
AcDbLine
 10
-31.32307032275376
 20
21.47043164714958
 30
0.0
 11
-31.18392101303161
 21
22.58619730290129
 31
0.0
  0
LINE
  5
100002B1
102
{ACAD_XDICTIONARY
360
100002B2
102
}
330
1F
100
AcDbEntity
  8
MODELSKETCH_VISIBLE
100
AcDbLine
 10
-31.57114857692671
 20
21.50136996976893
 30
0.0
 11
-31.32307032275376
 21
21.47043164714958
 31
0.0
  0
LINE
  5
100002B5
102
{ACAD_XDICTIONARY
360
100002B6
102
}
330
1F
100
AcDbEntity
  8
MODELSKETCH_VISIBLE
100
AcDbLine
 10
-31.57114857692671
 20
21.50136996976893
 30
0.0
 11
-31.43384815637943
 21
22.60231034865273
 31
0.0
  0
LINE
  5
100002B9
102
{ACAD_XDICTIONARY
360
100002BA
102
}
330
1F
100
AcDbEntity
  8
MODELSKETCH_VISIBLE
100
AcDbLine
 10
-35.41664735321657
 20
22.98869614837041
 30
0.0
 11
-33.11175347401981
 21
22.73670304289731
 31
0.0
  0
CIRCLE
  5
100002BD
102
{ACAD_XDICTIONARY
360
100002BE
102
}
330
1F
100
AcDbEntity
  8
MODELSKETCH_VISIBLE
100
AcDbCircle
 10
-41.81636614381306
 20
27.87865573031779
 30
0.0
 40
0.0344488188976362
  0
LINE
  5
100002C1
102
{ACAD_XDICTIONARY
360
100002C2
102
}
330
1F
100
AcDbEntity
  8
MODELSKETCH_VISIBLE
100
AcDbLine
 10
-33.11175347401981
 20
22.73670304289731
 30
0.0
 11
-31.43384815637943
 21
22.60231034865273
 31
0.0
  0
LINE
  5
100002C5
102
{ACAD_XDICTIONARY
360
100002C6
102
}
330
1F
100
AcDbEntity
  8
MODELSKETCH_VISIBLE
100
AcDbLine
 10
-35.41664735321657
 20
22.98869614837041
 30
0.0
 11
-45.33977752013472
 21
24.22622905314457
 31
0.0
  0
ARC
  5
100002C9
102
{ACAD_XDICTIONARY
360
100002CA
102
}
330
1F
100
AcDbEntity
  8
MODELSKETCH_VISIBLE
100
AcDbCircle
 10
-43.35515148675109
 20
23.97872247218974
 30
0.0
 40
2.000000000000004
100
AcDbArc
 50
172.8912344156462
 51
262.891234415646
  0
LINE
  5
100002CD
102
{ACAD_XDICTIONARY
360
100002CE
102
}
330
1F
100
AcDbEntity
  8
MODELSKETCH_VISIBLE
100
AcDbLine
 10
-35.6641539341714
 20
21.00407011498679
 30
0.0
 11
-43.60265806770592
 21
21.99409643880611
 31
0.0
  0
LINE
  5
100002D1
102
{ACAD_XDICTIONARY
360
100002D2
102
}
330
1F
100
AcDbEntity
  8
MODELSKETCH_VISIBLE
100
AcDbLine
 10
-35.6641539341714
 20
21.00407011498679
 30
0.0
 11
-33.63315439133867
 21
20.77812730965745
 31
0.0
  0
LINE
  5
100002D5
102
{ACAD_XDICTIONARY
360
100002D6
102
}
330
1F
100
AcDbEntity
  8
MODELSKETCH_VISIBLE
100
AcDbLine
 10
-33.63315439133867
 20
20.77812730965744
 30
0.0
 11
-31.74866508278668
 21
20.62220356376924
 31
0.0
  0
ENDSEC
  0
SECTION
  2
OBJECTS
  0
DICTIONARY
  5
C
330
0
100
AcDbDictionary
  3
ACAD_GROUP
350
D
  3
ACAD_LAYOUT
350
1A
  3
ACAD_MATERIAL
350
43
  3
ACAD_MLEADERSTYLE
350
5B
  3
ACAD_MLINESTYLE
350
17
  3
ACAD_PLOTSETTINGS
350
19
  3
ACAD_SCALELIST
350
47
  3
ACAD_VISUALSTYLE
350
2A
  3
ACDBHEADERROUNDTRIPXREC
350
100002DB
  3
ACDBVARIABLEDICTIONARY
350
100002FC
  3
DWGPROPS
350
10000303
  3
ONSHAPE_DATA
350
10000001
  0
DICTIONARY
  5
10000304
330
8
100
AcDbDictionary
280
     1
  3
ACAD_XREC_ROUNDTRIP
360
10000305
  0
DICTIONARY
  5
100002D9
330
1F
100
AcDbDictionary
280
     1
  3
ACAD_SORTENTS
360
100002DA
  0
DICTIONARY
  5
1000005A
330
10000059
100
AcDbDictionary
280
     1
  3
BTDETID
360
1000005B
  3
BTPARTID
360
1000005C
  0
DICTIONARY
  5
1000005E
330
1000005D
100
AcDbDictionary
280
     1
  3
BTDETID
360
1000005F
  3
BTPARTID
360
10000060
  0
DICTIONARY
  5
10000062
330
10000061
100
AcDbDictionary
280
     1
  3
BTDETID
360
10000063
  3
BTPARTID
360
10000064
  0
DICTIONARY
  5
10000066
330
10000065
100
AcDbDictionary
280
     1
  3
BTDETID
360
10000067
  3
BTPARTID
360
10000068
  0
DICTIONARY
  5
1000006A
330
10000069
100
AcDbDictionary
280
     1
  3
BTDETID
360
1000006B
  3
BTPARTID
360
1000006C
  0
DICTIONARY
  5
1000006E
330
1000006D
100
AcDbDictionary
280
     1
  3
BTDETID
360
1000006F
  3
BTPARTID
360
10000070
  0
DICTIONARY
  5
10000072
330
10000071
100
AcDbDictionary
280
     1
  3
BTDETID
360
10000073
  3
BTPARTID
360
10000074
  0
DICTIONARY
  5
10000076
330
10000075
100
AcDbDictionary
280
     1
  3
BTDETID
360
10000077
  3
BTPARTID
360
10000078
  0
DICTIONARY
  5
1000007A
330
10000079
100
AcDbDictionary
280
     1
  3
BTDETID
360
1000007B
  3
BTPARTID
360
1000007C
  0
DICTIONARY
  5
1000007E
330
1000007D
100
AcDbDictionary
280
     1
  3
BTDETID
360
1000007F
  3
BTPARTID
360
10000080
  0
DICTIONARY
  5
10000082
330
10000081
100
AcDbDictionary
280
     1
  3
BTDETID
360
10000083
  3
BTPARTID
360
10000084
  0
DICTIONARY
  5
10000086
330
10000085
100
AcDbDictionary
280
     1
  3
BTDETID
360
10000087
  3
BTPARTID
360
10000088
  0
DICTIONARY
  5
1000008A
330
10000089
100
AcDbDictionary
280
     1
  3
BTDETID
360
1000008B
  3
BTPARTID
360
1000008C
  0
DICTIONARY
  5
1000008E
330
1000008D
100
AcDbDictionary
280
     1
  3
BTDETID
360
1000008F
  3
BTPARTID
360
10000090
  0
DICTIONARY
  5
10000092
330
10000091
100
AcDbDictionary
280
     1
  3
BTDETID
360
10000093
  3
BTPARTID
360
10000094
  0
DICTIONARY
  5
10000096
330
10000095
100
AcDbDictionary
280
     1
  3
BTDETID
360
10000097
  3
BTPARTID
360
10000098
  0
DICTIONARY
  5
1000009A
330
10000099
100
AcDbDictionary
280
     1
  3
BTDETID
360
1000009B
  3
BTPARTID
360
1000009C
  0
DICTIONARY
  5
1000009E
330
1000009D
100
AcDbDictionary
280
     1
  3
BTDETID
360
1000009F
  3
BTPARTID
360
100000A0
  0
DICTIONARY
  5
100000A2
330
100000A1
100
AcDbDictionary
280
     1
  3
BTDETID
360
100000A3
  3
BTPARTID
360
100000A4
  0
DICTIONARY
  5
100000A6
330
100000A5
100
AcDbDictionary
280
     1
  3
BTDETID
360
100000A7
  3
BTPARTID
360
100000A8
  0
DICTIONARY
  5
100000AA
330
100000A9
100
AcDbDictionary
280
     1
  3
BTDETID
360
100000AB
  3
BTPARTID
360
100000AC
  0
DICTIONARY
  5
100000AE
330
100000AD
100
AcDbDictionary
280
     1
  3
BTDETID
360
100000AF
  3
BTPARTID
360
100000B0
  0
DICTIONARY
  5
100000B2
330
100000B1
100
AcDbDictionary
280
     1
  3
BTDETID
360
100000B3
  3
BTPARTID
360
100000B4
  0
DICTIONARY
  5
100000B6
330
100000B5
100
AcDbDictionary
280
     1
  3
BTDETID
360
100000B7
  3
BTPARTID
360
100000B8
  0
DICTIONARY
  5
100000BA
330
100000B9
100
AcDbDictionary
280
     1
  3
BTDETID
360
100000BB
  3
BTPARTID
360
100000BC
  0
DICTIONARY
  5
100000BE
330
100000BD
100
AcDbDictionary
280
     1
  3
BTDETID
360
100000BF
  3
BTPARTID
360
100000C0
  0
DICTIONARY
  5
100000C2
330
100000C1
100
AcDbDictionary
280
     1
  3
BTDETID
360
100000C3
  3
BTPARTID
360
100000C4
  0
DICTIONARY
  5
100000C6
330
100000C5
100
AcDbDictionary
280
     1
  3
BTDETID
360
100000C7
  3
BTPARTID
360
100000C8
  0
DICTIONARY
  5
100000CA
330
100000C9
100
AcDbDictionary
280
     1
  3
BTDETID
360
100000CB
  3
BTPARTID
360
100000CC
  0
DICTIONARY
  5
100000CE
330
100000CD
100
AcDbDictionary
280
     1
  3
BTDETID
360
100000CF
  3
BTPARTID
360
100000D0
  0
DICTIONARY
  5
100000D2
330
100000D1
100
AcDbDictionary
280
     1
  3
BTDETID
360
100000D3
  3
BTPARTID
360
100000D4
  0
DICTIONARY
  5
100000D6
330
100000D5
100
AcDbDictionary
280
     1
  3
BTDETID
360
100000D7
  3
BTPARTID
360
100000D8
  0
DICTIONARY
  5
100000DA
330
100000D9
100
AcDbDictionary
280
     1
  3
BTDETID
360
100000DB
  3
BTPARTID
360
100000DC
  0
DICTIONARY
  5
100000DE
330
100000DD
100
AcDbDictionary
280
     1
  3
BTDETID
360
100000DF
  3
BTPARTID
360
100000E0
  0
DICTIONARY
  5
100000E2
330
100000E1
100
AcDbDictionary
280
     1
  3
BTDETID
360
100000E3
  3
BTPARTID
360
100000E4
  0
DICTIONARY
  5
100000E6
330
100000E5
100
AcDbDictionary
280
     1
  3
BTDETID
360
100000E7
  3
BTPARTID
360
100000E8
  0
DICTIONARY
  5
100000EA
330
100000E9
100
AcDbDictionary
280
     1
  3
BTDETID
360
100000EB
  3
BTPARTID
360
100000EC
  0
DICTIONARY
  5
100000EE
330
100000ED
100
AcDbDictionary
280
     1
  3
BTDETID
360
100000EF
  3
BTPARTID
360
100000F0
  0
DICTIONARY
  5
100000F2
330
100000F1
100
AcDbDictionary
280
     1
  3
BTDETID
360
100000F3
  3
BTPARTID
360
100000F4
  0
DICTIONARY
  5
100000F6
330
100000F5
100
AcDbDictionary
280
     1
  3
BTDETID
360
100000F7
  3
BTPARTID
360
100000F8
  0
DICTIONARY
  5
100000FA
330
100000F9
100
AcDbDictionary
280
     1
  3
BTDETID
360
100000FB
  3
BTPARTID
360
100000FC
  0
DICTIONARY
  5
100000FE
330
100000FD
100
AcDbDictionary
280
     1
  3
BTDETID
360
100000FF
  3
BTPARTID
360
10000100
  0
DICTIONARY
  5
10000102
330
10000101
100
AcDbDictionary
280
     1
  3
BTDETID
360
10000103
  3
BTPARTID
360
10000104
  0
DICTIONARY
  5
10000106
330
10000105
100
AcDbDictionary
280
     1
  3
BTDETID
360
10000107
  3
BTPARTID
360
10000108
  0
DICTIONARY
  5
1000010A
330
10000109
100
AcDbDictionary
280
     1
  3
BTDETID
360
1000010B
  3
BTPARTID
360
1000010C
  0
DICTIONARY
  5
1000010E
330
1000010D
100
AcDbDictionary
280
     1
  3
BTDETID
360
1000010F
  3
BTPARTID
360
10000110
  0
DICTIONARY
  5
10000112
330
10000111
100
AcDbDictionary
280
     1
  3
BTDETID
360
10000113
  3
BTPARTID
360
10000114
  0
DICTIONARY
  5
10000116
330
10000115
100
AcDbDictionary
280
     1
  3
BTDETID
360
10000117
  3
BTPARTID
360
10000118
  0
DICTIONARY
  5
1000011A
330
10000119
100
AcDbDictionary
280
     1
  3
BTDETID
360
1000011B
  3
BTPARTID
360
1000011C
  0
DICTIONARY
  5
1000011E
330
1000011D
100
AcDbDictionary
280
     1
  3
BTDETID
360
1000011F
  3
BTPARTID
360
10000120
  0
DICTIONARY
  5
10000122
330
10000121
100
AcDbDictionary
280
     1
  3
BTDETID
360
10000123
  3
BTPARTID
360
10000124
  0
DICTIONARY
  5
10000126
330
10000125
100
AcDbDictionary
280
     1
  3
BTDETID
360
10000127
  3
BTPARTID
360
10000128
  0
DICTIONARY
  5
1000012A
330
10000129
100
AcDbDictionary
280
     1
  3
BTDETID
360
1000012B
  3
BTPARTID
360
1000012C
  0
DICTIONARY
  5
1000012E
330
1000012D
100
AcDbDictionary
280
     1
  3
BTDETID
360
1000012F
  3
BTPARTID
360
10000130
  0
DICTIONARY
  5
10000132
330
10000131
100
AcDbDictionary
280
     1
  3
BTDETID
360
10000133
  3
BTPARTID
360
10000134
  0
DICTIONARY
  5
10000136
330
10000135
100
AcDbDictionary
280
     1
  3
BTDETID
360
10000137
  3
BTPARTID
360
10000138
  0
DICTIONARY
  5
1000013A
330
10000139
100
AcDbDictionary
280
     1
  3
BTDETID
360
1000013B
  3
BTPARTID
360
1000013C
  0
DICTIONARY
  5
1000013E
330
1000013D
100
AcDbDictionary
280
     1
  3
BTDETID
360
1000013F
  3
BTPARTID
360
10000140
  0
DICTIONARY
  5
10000142
330
10000141
100
AcDbDictionary
280
     1
  3
BTDETID
360
10000143
  3
BTPARTID
360
10000144
  0
DICTIONARY
  5
10000146
330
10000145
100
AcDbDictionary
280
     1
  3
BTDETID
360
10000147
  3
BTPARTID
360
10000148
  0
DICTIONARY
  5
1000014A
330
10000149
100
AcDbDictionary
280
     1
  3
BTDETID
360
1000014B
  3
BTPARTID
360
1000014C
  0
DICTIONARY
  5
1000014E
330
1000014D
100
AcDbDictionary
280
     1
  3
BTDETID
360
1000014F
  3
BTPARTID
360
10000150
  0
DICTIONARY
  5
10000152
330
10000151
100
AcDbDictionary
280
     1
  3
BTDETID
360
10000153
  3
BTPARTID
360
10000154
  0
DICTIONARY
  5
10000156
330
10000155
100
AcDbDictionary
280
     1
  3
BTDETID
360
10000157
  3
BTPARTID
360
10000158
  0
DICTIONARY
  5
1000015A
330
10000159
100
AcDbDictionary
280
     1
  3
BTDETID
360
1000015B
  3
BTPARTID
360
1000015C
  0
DICTIONARY
  5
1000015E
330
1000015D
100
AcDbDictionary
280
     1
  3
BTDETID
360
1000015F
  3
BTPARTID
360
10000160
  0
DICTIONARY
  5
10000162
330
10000161
100
AcDbDictionary
280
     1
  3
BTDETID
360
10000163
  3
BTPARTID
360
10000164
  0
DICTIONARY
  5
10000166
330
10000165
100
AcDbDictionary
280
     1
  3
BTDETID
360
10000167
  3
BTPARTID
360
10000168
  0
DICTIONARY
  5
1000016A
330
10000169
100
AcDbDictionary
280
     1
  3
BTDETID
360
1000016B
  3
BTPARTID
360
1000016C
  0
DICTIONARY
  5
1000016E
330
1000016D
100
AcDbDictionary
280
     1
  3
BTDETID
360
1000016F
  3
BTPARTID
360
10000170
  0
DICTIONARY
  5
10000172
330
10000171
100
AcDbDictionary
280
     1
  3
BTDETID
360
10000173
  3
BTPARTID
360
10000174
  0
DICTIONARY
  5
10000176
330
10000175
100
AcDbDictionary
280
     1
  3
BTDETID
360
10000177
  3
BTPARTID
360
10000178
  0
DICTIONARY
  5
1000017A
330
10000179
100
AcDbDictionary
280
     1
  3
BTDETID
360
1000017B
  3
BTPARTID
360
1000017C
  0
DICTIONARY
  5
1000017E
330
1000017D
100
AcDbDictionary
280
     1
  3
BTDETID
360
1000017F
  3
BTPARTID
360
10000180
  0
DICTIONARY
  5
10000182
330
10000181
100
AcDbDictionary
280
     1
  3
BTDETID
360
10000183
  3
BTPARTID
360
10000184
  0
DICTIONARY
  5
10000186
330
10000185
100
AcDbDictionary
280
     1
  3
BTDETID
360
10000187
  3
BTPARTID
360
10000188
  0
DICTIONARY
  5
1000018A
330
10000189
100
AcDbDictionary
280
     1
  3
BTDETID
360
1000018B
  3
BTPARTID
360
1000018C
  0
DICTIONARY
  5
1000018E
330
1000018D
100
AcDbDictionary
280
     1
  3
BTDETID
360
1000018F
  3
BTPARTID
360
10000190
  0
DICTIONARY
  5
10000192
330
10000191
100
AcDbDictionary
280
     1
  3
BTDETID
360
10000193
  3
BTPARTID
360
10000194
  0
DICTIONARY
  5
10000196
330
10000195
100
AcDbDictionary
280
     1
  3
BTDETID
360
10000197
  3
BTPARTID
360
10000198
  0
DICTIONARY
  5
1000019A
330
10000199
100
AcDbDictionary
280
     1
  3
BTDETID
360
1000019B
  3
BTPARTID
360
1000019C
  0
DICTIONARY
  5
1000019E
330
1000019D
100
AcDbDictionary
280
     1
  3
BTDETID
360
1000019F
  3
BTPARTID
360
100001A0
  0
DICTIONARY
  5
100001A2
330
100001A1
100
AcDbDictionary
280
     1
  3
BTDETID
360
100001A3
  3
BTPARTID
360
100001A4
  0
DICTIONARY
  5
100001A6
330
100001A5
100
AcDbDictionary
280
     1
  3
BTDETID
360
100001A7
  3
BTPARTID
360
100001A8
  0
DICTIONARY
  5
100001AA
330
100001A9
100
AcDbDictionary
280
     1
  3
BTDETID
360
100001AB
  3
BTPARTID
360
100001AC
  0
DICTIONARY
  5
100001AE
330
100001AD
100
AcDbDictionary
280
     1
  3
BTDETID
360
100001AF
  3
BTPARTID
360
100001B0
  0
DICTIONARY
  5
100001B2
330
100001B1
100
AcDbDictionary
280
     1
  3
BTDETID
360
100001B3
  3
BTPARTID
360
100001B4
  0
DICTIONARY
  5
100001B6
330
100001B5
100
AcDbDictionary
280
     1
  3
BTDETID
360
100001B7
  3
BTPARTID
360
100001B8
  0
DICTIONARY
  5
100001BA
330
100001B9
100
AcDbDictionary
280
     1
  3
BTDETID
360
100001BB
  3
BTPARTID
360
100001BC
  0
DICTIONARY
  5
100001BE
330
100001BD
100
AcDbDictionary
280
     1
  3
BTDETID
360
100001BF
  3
BTPARTID
360
100001C0
  0
DICTIONARY
  5
100001C2
330
100001C1
100
AcDbDictionary
280
     1
  3
BTDETID
360
100001C3
  3
BTPARTID
360
100001C4
  0
DICTIONARY
  5
100001C6
330
100001C5
100
AcDbDictionary
280
     1
  3
BTDETID
360
100001C7
  3
BTPARTID
360
100001C8
  0
DICTIONARY
  5
100001CA
330
100001C9
100
AcDbDictionary
280
     1
  3
BTDETID
360
100001CB
  3
BTPARTID
360
100001CC
  0
DICTIONARY
  5
100001CE
330
100001CD
100
AcDbDictionary
280
     1
  3
BTDETID
360
100001CF
  3
BTPARTID
360
100001D0
  0
DICTIONARY
  5
100001D2
330
100001D1
100
AcDbDictionary
280
     1
  3
BTDETID
360
100001D3
  3
BTPARTID
360
100001D4
  0
DICTIONARY
  5
100001D6
330
100001D5
100
AcDbDictionary
280
     1
  3
BTDETID
360
100001D7
  3
BTPARTID
360
100001D8
  0
DICTIONARY
  5
100001DA
330
100001D9
100
AcDbDictionary
280
     1
  3
BTDETID
360
100001DB
  3
BTPARTID
360
100001DC
  0
DICTIONARY
  5
100001DE
330
100001DD
100
AcDbDictionary
280
     1
  3
BTDETID
360
100001DF
  3
BTPARTID
360
100001E0
  0
DICTIONARY
  5
100001E2
330
100001E1
100
AcDbDictionary
280
     1
  3
BTDETID
360
100001E3
  3
BTPARTID
360
100001E4
  0
DICTIONARY
  5
100001E6
330
100001E5
100
AcDbDictionary
280
     1
  3
BTDETID
360
100001E7
  3
BTPARTID
360
100001E8
  0
DICTIONARY
  5
100001EA
330
100001E9
100
AcDbDictionary
280
     1
  3
BTDETID
360
100001EB
  3
BTPARTID
360
100001EC
  0
DICTIONARY
  5
100001EE
330
100001ED
100
AcDbDictionary
280
     1
  3
BTDETID
360
100001EF
  3
BTPARTID
360
100001F0
  0
DICTIONARY
  5
100001F2
330
100001F1
100
AcDbDictionary
280
     1
  3
BTDETID
360
100001F3
  3
BTPARTID
360
100001F4
  0
DICTIONARY
  5
100001F6
330
100001F5
100
AcDbDictionary
280
     1
  3
BTDETID
360
100001F7
  3
BTPARTID
360
100001F8
  0
DICTIONARY
  5
100001FA
330
100001F9
100
AcDbDictionary
280
     1
  3
BTDETID
360
100001FB
  3
BTPARTID
360
100001FC
  0
DICTIONARY
  5
100001FE
330
100001FD
100
AcDbDictionary
280
     1
  3
BTDETID
360
100001FF
  3
BTPARTID
360
10000200
  0
DICTIONARY
  5
10000202
330
10000201
100
AcDbDictionary
280
     1
  3
BTDETID
360
10000203
  3
BTPARTID
360
10000204
  0
DICTIONARY
  5
10000206
330
10000205
100
AcDbDictionary
280
     1
  3
BTDETID
360
10000207
  3
BTPARTID
360
10000208
  0
DICTIONARY
  5
1000020A
330
10000209
100
AcDbDictionary
280
     1
  3
BTDETID
360
1000020B
  3
BTPARTID
360
1000020C
  0
DICTIONARY
  5
1000020E
330
1000020D
100
AcDbDictionary
280
     1
  3
BTDETID
360
1000020F
  3
BTPARTID
360
10000210
  0
DICTIONARY
  5
10000212
330
10000211
100
AcDbDictionary
280
     1
  3
BTDETID
360
10000213
  3
BTPARTID
360
10000214
  0
DICTIONARY
  5
10000216
330
10000215
100
AcDbDictionary
280
     1
  3
BTDETID
360
10000217
  3
BTPARTID
360
10000218
  0
DICTIONARY
  5
1000021A
330
10000219
100
AcDbDictionary
280
     1
  3
BTDETID
360
1000021B
  3
BTPARTID
360
1000021C
  0
DICTIONARY
  5
1000021E
330
1000021D
100
AcDbDictionary
280
     1
  3
BTDETID
360
1000021F
  3
BTPARTID
360
10000220
  0
DICTIONARY
  5
10000222
330
10000221
100
AcDbDictionary
280
     1
  3
BTDETID
360
10000223
  3
BTPARTID
360
10000224
  0
DICTIONARY
  5
10000226
330
10000225
100
AcDbDictionary
280
     1
  3
BTDETID
360
10000227
  3
BTPARTID
360
10000228
  0
DICTIONARY
  5
1000022A
330
10000229
100
AcDbDictionary
280
     1
  3
BTDETID
360
1000022B
  3
BTPARTID
360
1000022C
  0
DICTIONARY
  5
1000022E
330
1000022D
100
AcDbDictionary
280
     1
  3
BTDETID
360
1000022F
  3
BTPARTID
360
10000230
  0
DICTIONARY
  5
10000232
330
10000231
100
AcDbDictionary
280
     1
  3
BTDETID
360
10000233
  3
BTPARTID
360
10000234
  0
DICTIONARY
  5
10000236
330
10000235
100
AcDbDictionary
280
     1
  3
BTDETID
360
10000237
  3
BTPARTID
360
10000238
  0
DICTIONARY
  5
1000023A
330
10000239
100
AcDbDictionary
280
     1
  3
BTDETID
360
1000023B
  3
BTPARTID
360
1000023C
  0
DICTIONARY
  5
1000023E
330
1000023D
100
AcDbDictionary
280
     1
  3
BTDETID
360
1000023F
  3
BTPARTID
360
10000240
  0
DICTIONARY
  5
10000242
330
10000241
100
AcDbDictionary
280
     1
  3
BTDETID
360
10000243
  3
BTPARTID
360
10000244
  0
DICTIONARY
  5
10000246
330
10000245
100
AcDbDictionary
280
     1
  3
BTDETID
360
10000247
  3
BTPARTID
360
10000248
  0
DICTIONARY
  5
1000024A
330
10000249
100
AcDbDictionary
280
     1
  3
BTDETID
360
1000024B
  3
BTPARTID
360
1000024C
  0
DICTIONARY
  5
1000024E
330
1000024D
100
AcDbDictionary
280
     1
  3
BTDETID
360
1000024F
  3
BTPARTID
360
10000250
  0
DICTIONARY
  5
10000252
330
10000251
100
AcDbDictionary
280
     1
  3
BTDETID
360
10000253
  3
BTPARTID
360
10000254
  0
DICTIONARY
  5
10000256
330
10000255
100
AcDbDictionary
280
     1
  3
BTDETID
360
10000257
  3
BTPARTID
360
10000258
  0
DICTIONARY
  5
1000025A
330
10000259
100
AcDbDictionary
280
     1
  3
BTDETID
360
1000025B
  3
BTPARTID
360
1000025C
  0
DICTIONARY
  5
1000025E
330
1000025D
100
AcDbDictionary
280
     1
  3
BTDETID
360
1000025F
  3
BTPARTID
360
10000260
  0
DICTIONARY
  5
10000262
330
10000261
100
AcDbDictionary
280
     1
  3
BTDETID
360
10000263
  3
BTPARTID
360
10000264
  0
DICTIONARY
  5
10000266
330
10000265
100
AcDbDictionary
280
     1
  3
BTDETID
360
10000267
  3
BTPARTID
360
10000268
  0
DICTIONARY
  5
1000026A
330
10000269
100
AcDbDictionary
280
     1
  3
BTDETID
360
1000026B
  3
BTPARTID
360
1000026C
  0
DICTIONARY
  5
1000026E
330
1000026D
100
AcDbDictionary
280
     1
  3
BTDETID
360
1000026F
  3
BTPARTID
360
10000270
  0
DICTIONARY
  5
10000272
330
10000271
100
AcDbDictionary
280
     1
  3
BTDETID
360
10000273
  3
BTPARTID
360
10000274
  0
DICTIONARY
  5
10000276
330
10000275
100
AcDbDictionary
280
     1
  3
BTDETID
360
10000277
  3
BTPARTID
360
10000278
  0
DICTIONARY
  5
1000027A
330
10000279
100
AcDbDictionary
280
     1
  3
BTDETID
360
1000027B
  3
BTPARTID
360
1000027C
  0
DICTIONARY
  5
1000027E
330
1000027D
100
AcDbDictionary
280
     1
  3
BTDETID
360
1000027F
  3
BTPARTID
360
10000280
  0
DICTIONARY
  5
10000282
330
10000281
100
AcDbDictionary
280
     1
  3
BTDETID
360
10000283
  3
BTPARTID
360
10000284
  0
DICTIONARY
  5
10000286
330
10000285
100
AcDbDictionary
280
     1
  3
BTDETID
360
10000287
  3
BTPARTID
360
10000288
  0
DICTIONARY
  5
1000028A
330
10000289
100
AcDbDictionary
280
     1
  3
BTDETID
360
1000028B
  3
BTPARTID
360
1000028C
  0
DICTIONARY
  5
1000028E
330
1000028D
100
AcDbDictionary
280
     1
  3
BTDETID
360
1000028F
  3
BTPARTID
360
10000290
  0
DICTIONARY
  5
10000292
330
10000291
100
AcDbDictionary
280
     1
  3
BTDETID
360
10000293
  3
BTPARTID
360
10000294
  0
DICTIONARY
  5
10000296
330
10000295
100
AcDbDictionary
280
     1
  3
BTDETID
360
10000297
  3
BTPARTID
360
10000298
  0
DICTIONARY
  5
1000029A
330
10000299
100
AcDbDictionary
280
     1
  3
BTDETID
360
1000029B
  3
BTPARTID
360
1000029C
  0
DICTIONARY
  5
1000029E
330
1000029D
100
AcDbDictionary
280
     1
  3
BTDETID
360
1000029F
  3
BTPARTID
360
100002A0
  0
DICTIONARY
  5
100002A2
330
100002A1
100
AcDbDictionary
280
     1
  3
BTDETID
360
100002A3
  3
BTPARTID
360
100002A4
  0
DICTIONARY
  5
100002A6
330
100002A5
100
AcDbDictionary
280
     1
  3
BTDETID
360
100002A7
  3
BTPARTID
360
100002A8
  0
DICTIONARY
  5
100002AA
330
100002A9
100
AcDbDictionary
280
     1
  3
BTDETID
360
100002AB
  3
BTPARTID
360
100002AC
  0
DICTIONARY
  5
100002AE
330
100002AD
100
AcDbDictionary
280
     1
  3
BTDETID
360
100002AF
  3
BTPARTID
360
100002B0
  0
DICTIONARY
  5
100002B2
330
100002B1
100
AcDbDictionary
280
     1
  3
BTDETID
360
100002B3
  3
BTPARTID
360
100002B4
  0
DICTIONARY
  5
100002B6
330
100002B5
100
AcDbDictionary
280
     1
  3
BTDETID
360
100002B7
  3
BTPARTID
360
100002B8
  0
DICTIONARY
  5
100002BA
330
100002B9
100
AcDbDictionary
280
     1
  3
BTDETID
360
100002BB
  3
BTPARTID
360
100002BC
  0
DICTIONARY
  5
100002BE
330
100002BD
100
AcDbDictionary
280
     1
  3
BTDETID
360
100002BF
  3
BTPARTID
360
100002C0
  0
DICTIONARY
  5
100002C2
330
100002C1
100
AcDbDictionary
280
     1
  3
BTDETID
360
100002C3
  3
BTPARTID
360
100002C4
  0
DICTIONARY
  5
100002C6
330
100002C5
100
AcDbDictionary
280
     1
  3
BTDETID
360
100002C7
  3
BTPARTID
360
100002C8
  0
DICTIONARY
  5
100002CA
330
100002C9
100
AcDbDictionary
280
     1
  3
BTDETID
360
100002CB
  3
BTPARTID
360
100002CC
  0
DICTIONARY
  5
100002CE
330
100002CD
100
AcDbDictionary
280
     1
  3
BTDETID
360
100002CF
  3
BTPARTID
360
100002D0
  0
DICTIONARY
  5
100002D2
330
100002D1
100
AcDbDictionary
280
     1
  3
BTDETID
360
100002D3
  3
BTPARTID
360
100002D4
  0
DICTIONARY
  5
100002D6
330
100002D5
100
AcDbDictionary
280
     1
  3
BTDETID
360
100002D7
  3
BTPARTID
360
100002D8
  0
DICTIONARY
  5
D
102
{ACAD_REACTORS
330
C
102
}
330
C
100
AcDbDictionary
  0
DICTIONARY
  5
1A
102
{ACAD_REACTORS
330
C
102
}
330
C
100
AcDbDictionary
  0
DICTIONARY
  5
43
102
{ACAD_REACTORS
330
C
102
}
330
C
100
AcDbDictionary
  3
BYBLOCK
350
45
  3
BYLAYER
350
44
  3
GLOBAL
350
46
  0
DICTIONARY
  5
5B
102
{ACAD_REACTORS
330
C
102
}
330
C
100
AcDbDictionary
  3
STANDARD
350
5C
  0
DICTIONARY
  5
17
102
{ACAD_REACTORS
330
C
102
}
330
C
100
AcDbDictionary
  3
STANDARD
350
18
  0
DICTIONARY
  5
19
102
{ACAD_REACTORS
330
C
102
}
330
C
100
AcDbDictionary
  0
DICTIONARY
  5
47
102
{ACAD_REACTORS
330
C
102
}
330
C
100
AcDbDictionary
  3
SCALE100_1
350
10000023
  3
SCALE10_1
350
1000001D
  3
SCALE12_1
350
1000001E
  3
SCALE16_1
350
1000001F
  3
SCALE1_1
350
10000006
  3
SCALE1_10
350
1000000D
  3
SCALE1_100
350
10000016
  3
SCALE1_12
350
1000000E
  3
SCALE1_16
350
1000000F
  3
SCALE1_2
350
10000007
  3
SCALE1_20
350
10000010
  3
SCALE1_25
350
10000011
  3
SCALE1_3
350
10000008
  3
SCALE1_32
350
10000012
  3
SCALE1_4
350
10000009
  3
SCALE1_40
350
10000013
  3
SCALE1_5
350
1000000A
  3
SCALE1_50
350
10000014
  3
SCALE1_6
350
1000000B
  3
SCALE1_8
350
1000000C
  3
SCALE1_80
350
10000015
  3
SCALE20_1
350
10000020
  3
SCALE2_1
350
10000017
  3
SCALE32_1
350
10000021
  3
SCALE3_1
350
10000018
  3
SCALE4_1
350
10000019
  3
SCALE50_1
350
10000022
  3
SCALE5_1
350
1000001A
  3
SCALE6_1
350
1000001B
  3
SCALE8_1
350
1000001C
  0
DICTIONARY
  5
2A
102
{ACAD_REACTORS
330
C
102
}
330
C
100
AcDbDictionary
  3
2DWIREFRAME
350
2F
  3
BASIC
350
32
  3
BRIGHTEN
350
36
  3
COLORCHANGE
350
3A
  3
CONCEPTUAL
350
34
  3
DIM
350
35
  3
EDGECOLOROFF
350
3D
  3
FACEPATTERN
350
39
  3
FLAT
350
2B
  3
FLATWITHEDGES
350
2C
  3
GOURAUD
350
2D
  3
GOURAUDWITHEDGES
350
2E
  3
HIDDEN
350
31
  3
JITTEROFF
350
3B
  3
LINEPATTERN
350
38
  3
OVERHANGOFF
350
3C
  3
REALISTIC
350
33
  3
SHADED
350
42
  3
SHADED_WITH_EDGES
350
41
  3
SHADES_OF_GRAY
350
3E
  3
SKETCHY
350
3F
  3
THICKEN
350
37
  3
WIREFRAME
350
30
  3
X-RAY
350
40
  0
DICTIONARY
  5
100002DB
102
{ACAD_REACTORS
330
C
102
}
330
C
100
AcDbDictionary
  3
CEPSNID
350
100002E5
  3
CEPSNTYPE
350
100002E4
  3
DIMSTYLEDATA
350
100002FB
  3
FINGERPRINTGUID
350
100002E6
  3
HYPERLINKBASE
350
100002DE
  3
INSUNITS
350
100002E3
  3
LAYOUTDICT
350
100002E0
  3
LWETCUNION
350
100002E2
  3
PLOTSETDICT
350
100002E1
  3
PSVPSCALE
350
100002E8
  3
PUCSBASE
350
100002EB
  3
PUCSORGBACK
350
100002F1
  3
PUCSORGBOTTOM
350
100002ED
  3
PUCSORGFRONT
350
100002F0
  3
PUCSORGLEFT
350
100002EE
  3
PUCSORGRIGHT
350
100002EF
  3
PUCSORGTOP
350
100002EC
  3
PUCSORTHOREF
350
100002E9
  3
PUCSORTHOVIEW
350
100002EA
  3
STYLESHEET
350
100002DF
  3
TSTACKALIGN
350
100002DC
  3
TSTACKSIZE
350
100002DD
  3
UCSBASE
350
100002F4
  3
UCSORGBACK
350
100002FA
  3
UCSORGBOTTOM
350
100002F6
  3
UCSORGFRONT
350
100002F9
  3
UCSORGLEFT
350
100002F7
  3
UCSORGRIGHT
350
100002F8
  3
UCSORGTOP
350
100002F5
  3
UCSORTHOREF
350
100002F2
  3
UCSORTHOVIEW
350
100002F3
  3
VERSIONGUID
350
100002E7
  0
DICTIONARY
  5
100002FC
102
{ACAD_REACTORS
330
C
102
}
330
C
100
AcDbDictionary
  3
CANNOSCALE
350
10000306
  3
CMLEADERSTYLE
350
100002FE
  3
CTABLESTYLE
350
100002FD
  3
DIMASSOC
350
10000301
  3
HIDETEXT
350
10000302
  3
MSLTSCALE
350
10000307
  0
XRECORD
  5
10000303
102
{ACAD_REACTORS
330
C
102
}
330
C
100
AcDbXrecord
  1
DWGPROPS COOKIE
  2

  3

  4

  6
File was created by BTDwgCreate
  7

  8
onshape
  9

300
=
301
=
302
=
303
=
304
=
305
=
306
=
307
=
308
=
309
=
 40
0.0
 41
2460922.77333434
 42
2460922.77333441
  1

 90
        0
  0
DICTIONARY
  5
10000001
102
{ACAD_REACTORS
330
C
102
}
330
C
100
AcDbDictionary
280
     1
  3
DIM_UNITS
360
10000003
  3
DWGGEN_VERSION
360
10000002
  3
FIRST_ANGLE
360
10000005
  0
XRECORD
  5
10000305
102
{ACAD_REACTORS
330
10000304
102
}
330
10000304
100
AcDbXrecord
102
VTR_0.000_0.000_1.000_1.000_VISUALSTYLE
340
2F
102
VTR_0.000_0.000_1.000_1.000_GRIDDISPLAY
 70
     3
102
VTR_0.000_0.000_1.000_1.000_GRIDMAJOR
 70
     5
102
VTR_0.000_0.000_1.000_1.000_DEFAULTLIGHTING
280
     1
102
VTR_0.000_0.000_1.000_1.000_DEFAULTLIGHTINGTYPE
 70
     1
102
VTR_0.000_0.000_1.000_1.000_BRIGHTNESS
141
0.0
102
VTR_0.000_0.000_1.000_1.000_CONTRAST
142
0.0
  0
SORTENTSTABLE
  5
100002DA
102
{ACAD_REACTORS
330
100002D9
102
}
330
100002D9
100
AcDbSortentsTable
330
1F
  0
XRECORD
  5
1000005B
102
{ACAD_REACTORS
330
1000005A
102
}
330
1000005A
100
AcDbXrecord
1000
KN5J
  0
XRECORD
  5
1000005C
102
{ACAD_REACTORS
330
1000005A
102
}
330
1000005A
100
AcDbXrecord
1000
KNXJ
  0
XRECORD
  5
1000005F
102
{ACAD_REACTORS
330
1000005E
102
}
330
1000005E
100
AcDbXrecord
1000
KN1J
  0
XRECORD
  5
10000060
102
{ACAD_REACTORS
330
1000005E
102
}
330
1000005E
100
AcDbXrecord
1000
KNTJ
  0
XRECORD
  5
10000063
102
{ACAD_REACTORS
330
10000062
102
}
330
10000062
100
AcDbXrecord
1000
KNxJ
  0
XRECORD
  5
10000064
102
{ACAD_REACTORS
330
10000062
102
}
330
10000062
100
AcDbXrecord
1000
KNPJ
  0
XRECORD
  5
10000067
102
{ACAD_REACTORS
330
10000066
102
}
330
10000066
100
AcDbXrecord
1000
KNtJ
  0
XRECORD
  5
10000068
102
{ACAD_REACTORS
330
10000066
102
}
330
10000066
100
AcDbXrecord
1000
KNLJ
  0
XRECORD
  5
1000006B
102
{ACAD_REACTORS
330
1000006A
102
}
330
1000006A
100
AcDbXrecord
1000
KNpJ
  0
XRECORD
  5
1000006C
102
{ACAD_REACTORS
330
1000006A
102
}
330
1000006A
100
AcDbXrecord
1000
KNHJ
  0
XRECORD
  5
1000006F
102
{ACAD_REACTORS
330
1000006E
102
}
330
1000006E
100
AcDbXrecord
1000
KNlJ
  0
XRECORD
  5
10000070
102
{ACAD_REACTORS
330
1000006E
102
}
330
1000006E
100
AcDbXrecord
1000
KNDJ
  0
XRECORD
  5
10000073
102
{ACAD_REACTORS
330
10000072
102
}
330
10000072
100
AcDbXrecord
1000
KNhJ
  0
XRECORD
  5
10000074
102
{ACAD_REACTORS
330
10000072
102
}
330
10000072
100
AcDbXrecord
1000
KN/I
  0
XRECORD
  5
10000077
102
{ACAD_REACTORS
330
10000076
102
}
330
10000076
100
AcDbXrecord
1000
KNdJ
  0
XRECORD
  5
10000078
102
{ACAD_REACTORS
330
10000076
102
}
330
10000076
100
AcDbXrecord
1000
KN7I
  0
XRECORD
  5
1000007B
102
{ACAD_REACTORS
330
1000007A
102
}
330
1000007A
100
AcDbXrecord
1000
KN1B
  0
XRECORD
  5
1000007C
102
{ACAD_REACTORS
330
1000007A
102
}
330
1000007A
100
AcDbXrecord
1000
KNnJ
  0
XRECORD
  5
1000007F
102
{ACAD_REACTORS
330
1000007E
102
}
330
1000007E
100
AcDbXrecord
1000
KNpB
  0
XRECORD
  5
10000080
102
{ACAD_REACTORS
330
1000007E
102
}
330
1000007E
100
AcDbXrecord
1000
KNrB
  0
XRECORD
  5
10000083
102
{ACAD_REACTORS
330
10000082
102
}
330
10000082
100
AcDbXrecord
1000
KNlB
  0
XRECORD
  5
10000084
102
{ACAD_REACTORS
330
10000082
102
}
330
10000082
100
AcDbXrecord
1000
KNnB
  0
XRECORD
  5
10000087
102
{ACAD_REACTORS
330
10000086
102
}
330
10000086
100
AcDbXrecord
1000
KNhB
  0
XRECORD
  5
10000088
102
{ACAD_REACTORS
330
10000086
102
}
330
10000086
100
AcDbXrecord
1000
KNjB
  0
XRECORD
  5
1000008B
102
{ACAD_REACTORS
330
1000008A
102
}
330
1000008A
100
AcDbXrecord
1000
KNdB
  0
XRECORD
  5
1000008C
102
{ACAD_REACTORS
330
1000008A
102
}
330
1000008A
100
AcDbXrecord
1000
KNfB
  0
XRECORD
  5
1000008F
102
{ACAD_REACTORS
330
1000008E
102
}
330
1000008E
100
AcDbXrecord
1000
KNZB
  0
XRECORD
  5
10000090
102
{ACAD_REACTORS
330
1000008E
102
}
330
1000008E
100
AcDbXrecord
1000
KNbB
  0
XRECORD
  5
10000093
102
{ACAD_REACTORS
330
10000092
102
}
330
10000092
100
AcDbXrecord
1000
KNVB
  0
XRECORD
  5
10000094
102
{ACAD_REACTORS
330
10000092
102
}
330
10000092
100
AcDbXrecord
1000
KNXB
  0
XRECORD
  5
10000097
102
{ACAD_REACTORS
330
10000096
102
}
330
10000096
100
AcDbXrecord
1000
KNRB
  0
XRECORD
  5
10000098
102
{ACAD_REACTORS
330
10000096
102
}
330
10000096
100
AcDbXrecord
1000
KNTB
  0
XRECORD
  5
1000009B
102
{ACAD_REACTORS
330
1000009A
102
}
330
1000009A
100
AcDbXrecord
1000
KNVJ
  0
XRECORD
  5
1000009C
102
{ACAD_REACTORS
330
1000009A
102
}
330
1000009A
100
AcDbXrecord
1000
KNzI
  0
XRECORD
  5
1000009F
102
{ACAD_REACTORS
330
1000009E
102
}
330
1000009E
100
AcDbXrecord
1000
KNRJ
  0
XRECORD
  5
100000A0
102
{ACAD_REACTORS
330
1000009E
102
}
330
1000009E
100
AcDbXrecord
1000
KNvI
  0
XRECORD
  5
100000A3
102
{ACAD_REACTORS
330
100000A2
102
}
330
100000A2
100
AcDbXrecord
1000
KNNJ
  0
XRECORD
  5
100000A4
102
{ACAD_REACTORS
330
100000A2
102
}
330
100000A2
100
AcDbXrecord
1000
KNrI
  0
XRECORD
  5
100000A7
102
{ACAD_REACTORS
330
100000A6
102
}
330
100000A6
100
AcDbXrecord
1000
KNJJ
  0
XRECORD
  5
100000A8
102
{ACAD_REACTORS
330
100000A6
102
}
330
100000A6
100
AcDbXrecord
1000
KNnI
  0
XRECORD
  5
100000AB
102
{ACAD_REACTORS
330
100000AA
102
}
330
100000AA
100
AcDbXrecord
1000
KNFJ
  0
XRECORD
  5
100000AC
102
{ACAD_REACTORS
330
100000AA
102
}
330
100000AA
100
AcDbXrecord
1000
KNjI
  0
XRECORD
  5
100000AF
102
{ACAD_REACTORS
330
100000AE
102
}
330
100000AE
100
AcDbXrecord
1000
KNBJ
  0
XRECORD
  5
100000B0
102
{ACAD_REACTORS
330
100000AE
102
}
330
100000AE
100
AcDbXrecord
1000
KNfI
  0
XRECORD
  5
100000B3
102
{ACAD_REACTORS
330
100000B2
102
}
330
100000B2
100
AcDbXrecord
1000
KN9I
  0
XRECORD
  5
100000B4
102
{ACAD_REACTORS
330
100000B2
102
}
330
100000B2
100
AcDbXrecord
1000
KNbI
  0
XRECORD
  5
100000B7
102
{ACAD_REACTORS
330
100000B6
102
}
330
100000B6
100
AcDbXrecord
1000
KN5I
  0
XRECORD
  5
100000B8
102
{ACAD_REACTORS
330
100000B6
102
}
330
100000B6
100
AcDbXrecord
1000
KNXI
  0
XRECORD
  5
100000BB
102
{ACAD_REACTORS
330
100000BA
102
}
330
100000BA
100
AcDbXrecord
1000
KNZJ
  0
XRECORD
  5
100000BC
102
{ACAD_REACTORS
330
100000BA
102
}
330
100000BA
100
AcDbXrecord
1000
KN3I
  0
XRECORD
  5
100000BF
102
{ACAD_REACTORS
330
100000BE
102
}
330
100000BE
100
AcDbXrecord
1000
KNxI
  0
XRECORD
  5
100000C0
102
{ACAD_REACTORS
330
100000BE
102
}
330
100000BE
100
AcDbXrecord
1000
KN7J
  0
XRECORD
  5
100000C3
102
{ACAD_REACTORS
330
100000C2
102
}
330
100000C2
100
AcDbXrecord
1000
KNtI
  0
XRECORD
  5
100000C4
102
{ACAD_REACTORS
330
100000C2
102
}
330
100000C2
100
AcDbXrecord
1000
KNTI
  0
XRECORD
  5
100000C7
102
{ACAD_REACTORS
330
100000C6
102
}
330
100000C6
100
AcDbXrecord
1000
KNpI
  0
XRECORD
  5
100000C8
102
{ACAD_REACTORS
330
100000C6
102
}
330
100000C6
100
AcDbXrecord
1000
KNPI
  0
XRECORD
  5
100000CB
102
{ACAD_REACTORS
330
100000CA
102
}
330
100000CA
100
AcDbXrecord
1000
KNlI
  0
XRECORD
  5
100000CC
102
{ACAD_REACTORS
330
100000CA
102
}
330
100000CA
100
AcDbXrecord
1000
KNLI
  0
XRECORD
  5
100000CF
102
{ACAD_REACTORS
330
100000CE
102
}
330
100000CE
100
AcDbXrecord
1000
KNhI
  0
XRECORD
  5
100000D0
102
{ACAD_REACTORS
330
100000CE
102
}
330
100000CE
100
AcDbXrecord
1000
KNHI
  0
XRECORD
  5
100000D3
102
{ACAD_REACTORS
330
100000D2
102
}
330
100000D2
100
AcDbXrecord
1000
KNdI
  0
XRECORD
  5
100000D4
102
{ACAD_REACTORS
330
100000D2
102
}
330
100000D2
100
AcDbXrecord
1000
KNDI
  0
XRECORD
  5
100000D7
102
{ACAD_REACTORS
330
100000D6
102
}
330
100000D6
100
AcDbXrecord
1000
KNZI
  0
XRECORD
  5
100000D8
102
{ACAD_REACTORS
330
100000D6
102
}
330
100000D6
100
AcDbXrecord
1000
KN/H
  0
XRECORD
  5
100000DB
102
{ACAD_REACTORS
330
100000DA
102
}
330
100000DA
100
AcDbXrecord
1000
KNRI
  0
XRECORD
  5
100000DC
102
{ACAD_REACTORS
330
100000DA
102
}
330
100000DA
100
AcDbXrecord
1000
KN3H
  0
XRECORD
  5
100000DF
102
{ACAD_REACTORS
330
100000DE
102
}
330
100000DE
100
AcDbXrecord
1000
KNNI
  0
XRECORD
  5
100000E0
102
{ACAD_REACTORS
330
100000DE
102
}
330
100000DE
100
AcDbXrecord
1000
KNzH
  0
XRECORD
  5
100000E3
102
{ACAD_REACTORS
330
100000E2
102
}
330
100000E2
100
AcDbXrecord
1000
KNJI
  0
XRECORD
  5
100000E4
102
{ACAD_REACTORS
330
100000E2
102
}
330
100000E2
100
AcDbXrecord
1000
KNvH
  0
XRECORD
  5
100000E7
102
{ACAD_REACTORS
330
100000E6
102
}
330
100000E6
100
AcDbXrecord
1000
KNFI
  0
XRECORD
  5
100000E8
102
{ACAD_REACTORS
330
100000E6
102
}
330
100000E6
100
AcDbXrecord
1000
KNrH
  0
XRECORD
  5
100000EB
102
{ACAD_REACTORS
330
100000EA
102
}
330
100000EA
100
AcDbXrecord
1000
KNBI
  0
XRECORD
  5
100000EC
102
{ACAD_REACTORS
330
100000EA
102
}
330
100000EA
100
AcDbXrecord
1000
KNnH
  0
XRECORD
  5
100000EF
102
{ACAD_REACTORS
330
100000EE
102
}
330
100000EE
100
AcDbXrecord
1000
KN9H
  0
XRECORD
  5
100000F0
102
{ACAD_REACTORS
330
100000EE
102
}
330
100000EE
100
AcDbXrecord
1000
KNjH
  0
XRECORD
  5
100000F3
102
{ACAD_REACTORS
330
100000F2
102
}
330
100000F2
100
AcDbXrecord
1000
KN5H
  0
XRECORD
  5
100000F4
102
{ACAD_REACTORS
330
100000F2
102
}
330
100000F2
100
AcDbXrecord
1000
KNfH
  0
XRECORD
  5
100000F7
102
{ACAD_REACTORS
330
100000F6
102
}
330
100000F6
100
AcDbXrecord
1000
KN1H
  0
XRECORD
  5
100000F8
102
{ACAD_REACTORS
330
100000F6
102
}
330
100000F6
100
AcDbXrecord
1000
KNbH
  0
XRECORD
  5
100000FB
102
{ACAD_REACTORS
330
100000FA
102
}
330
100000FA
100
AcDbXrecord
1000
KNxH
  0
XRECORD
  5
100000FC
102
{ACAD_REACTORS
330
100000FA
102
}
330
100000FA
100
AcDbXrecord
1000
KNXH
  0
XRECORD
  5
100000FF
102
{ACAD_REACTORS
330
100000FE
102
}
330
100000FE
100
AcDbXrecord
1000
KNtH
  0
XRECORD
  5
10000100
102
{ACAD_REACTORS
330
100000FE
102
}
330
100000FE
100
AcDbXrecord
1000
KNTH
  0
XRECORD
  5
10000103
102
{ACAD_REACTORS
330
10000102
102
}
330
10000102
100
AcDbXrecord
1000
KNpH
  0
XRECORD
  5
10000104
102
{ACAD_REACTORS
330
10000102
102
}
330
10000102
100
AcDbXrecord
1000
KNPH
  0
XRECORD
  5
10000107
102
{ACAD_REACTORS
330
10000106
102
}
330
10000106
100
AcDbXrecord
1000
KNlH
  0
XRECORD
  5
10000108
102
{ACAD_REACTORS
330
10000106
102
}
330
10000106
100
AcDbXrecord
1000
KNLH
  0
XRECORD
  5
1000010B
102
{ACAD_REACTORS
330
1000010A
102
}
330
1000010A
100
AcDbXrecord
1000
KNhH
  0
XRECORD
  5
1000010C
102
{ACAD_REACTORS
330
1000010A
102
}
330
1000010A
100
AcDbXrecord
1000
KNHH
  0
XRECORD
  5
1000010F
102
{ACAD_REACTORS
330
1000010E
102
}
330
1000010E
100
AcDbXrecord
1000
KNdH
  0
XRECORD
  5
10000110
102
{ACAD_REACTORS
330
1000010E
102
}
330
1000010E
100
AcDbXrecord
1000
KNDH
  0
XRECORD
  5
10000113
102
{ACAD_REACTORS
330
10000112
102
}
330
10000112
100
AcDbXrecord
1000
KN9J
  0
XRECORD
  5
10000114
102
{ACAD_REACTORS
330
10000112
102
}
330
10000112
100
AcDbXrecord
1000
KNbJ
  0
XRECORD
  5
10000117
102
{ACAD_REACTORS
330
10000116
102
}
330
10000116
100
AcDbXrecord
1000
KNZH
  0
XRECORD
  5
10000118
102
{ACAD_REACTORS
330
10000116
102
}
330
10000116
100
AcDbXrecord
1000
KN/G
  0
XRECORD
  5
1000011B
102
{ACAD_REACTORS
330
1000011A
102
}
330
1000011A
100
AcDbXrecord
1000
KNVH
  0
XRECORD
  5
1000011C
102
{ACAD_REACTORS
330
1000011A
102
}
330
1000011A
100
AcDbXrecord
1000
KN7G
  0
XRECORD
  5
1000011F
102
{ACAD_REACTORS
330
1000011E
102
}
330
1000011E
100
AcDbXrecord
1000
KNRH
  0
XRECORD
  5
10000120
102
{ACAD_REACTORS
330
1000011E
102
}
330
1000011E
100
AcDbXrecord
1000
KN3G
  0
XRECORD
  5
10000123
102
{ACAD_REACTORS
330
10000122
102
}
330
10000122
100
AcDbXrecord
1000
KNNH
  0
XRECORD
  5
10000124
102
{ACAD_REACTORS
330
10000122
102
}
330
10000122
100
AcDbXrecord
1000
KNzG
  0
XRECORD
  5
10000127
102
{ACAD_REACTORS
330
10000126
102
}
330
10000126
100
AcDbXrecord
1000
KNJH
  0
XRECORD
  5
10000128
102
{ACAD_REACTORS
330
10000126
102
}
330
10000126
100
AcDbXrecord
1000
KNvG
  0
XRECORD
  5
1000012B
102
{ACAD_REACTORS
330
1000012A
102
}
330
1000012A
100
AcDbXrecord
1000
KNFH
  0
XRECORD
  5
1000012C
102
{ACAD_REACTORS
330
1000012A
102
}
330
1000012A
100
AcDbXrecord
1000
KNrG
  0
XRECORD
  5
1000012F
102
{ACAD_REACTORS
330
1000012E
102
}
330
1000012E
100
AcDbXrecord
1000
KNBH
  0
XRECORD
  5
10000130
102
{ACAD_REACTORS
330
1000012E
102
}
330
1000012E
100
AcDbXrecord
1000
KNnG
  0
XRECORD
  5
10000133
102
{ACAD_REACTORS
330
10000132
102
}
330
10000132
100
AcDbXrecord
1000
KN9G
  0
XRECORD
  5
10000134
102
{ACAD_REACTORS
330
10000132
102
}
330
10000132
100
AcDbXrecord
1000
KNjG
  0
XRECORD
  5
10000137
102
{ACAD_REACTORS
330
10000136
102
}
330
10000136
100
AcDbXrecord
1000
KN5G
  0
XRECORD
  5
10000138
102
{ACAD_REACTORS
330
10000136
102
}
330
10000136
100
AcDbXrecord
1000
KNfG
  0
XRECORD
  5
1000013B
102
{ACAD_REACTORS
330
1000013A
102
}
330
1000013A
100
AcDbXrecord
1000
KN1G
  0
XRECORD
  5
1000013C
102
{ACAD_REACTORS
330
1000013A
102
}
330
1000013A
100
AcDbXrecord
1000
KNbG
  0
XRECORD
  5
1000013F
102
{ACAD_REACTORS
330
1000013E
102
}
330
1000013E
100
AcDbXrecord
1000
KNxG
  0
XRECORD
  5
10000140
102
{ACAD_REACTORS
330
1000013E
102
}
330
1000013E
100
AcDbXrecord
1000
KNXG
  0
XRECORD
  5
10000143
102
{ACAD_REACTORS
330
10000142
102
}
330
10000142
100
AcDbXrecord
1000
KNtG
  0
XRECORD
  5
10000144
102
{ACAD_REACTORS
330
10000142
102
}
330
10000142
100
AcDbXrecord
1000
KNTG
  0
XRECORD
  5
10000147
102
{ACAD_REACTORS
330
10000146
102
}
330
10000146
100
AcDbXrecord
1000
KNpG
  0
XRECORD
  5
10000148
102
{ACAD_REACTORS
330
10000146
102
}
330
10000146
100
AcDbXrecord
1000
KNPG
  0
XRECORD
  5
1000014B
102
{ACAD_REACTORS
330
1000014A
102
}
330
1000014A
100
AcDbXrecord
1000
KNlG
  0
XRECORD
  5
1000014C
102
{ACAD_REACTORS
330
1000014A
102
}
330
1000014A
100
AcDbXrecord
1000
KNLG
  0
XRECORD
  5
1000014F
102
{ACAD_REACTORS
330
1000014E
102
}
330
1000014E
100
AcDbXrecord
1000
KNhG
  0
XRECORD
  5
10000150
102
{ACAD_REACTORS
330
1000014E
102
}
330
1000014E
100
AcDbXrecord
1000
KNHG
  0
XRECORD
  5
10000153
102
{ACAD_REACTORS
330
10000152
102
}
330
10000152
100
AcDbXrecord
1000
KNdG
  0
XRECORD
  5
10000154
102
{ACAD_REACTORS
330
10000152
102
}
330
10000152
100
AcDbXrecord
1000
KNDG
  0
XRECORD
  5
10000157
102
{ACAD_REACTORS
330
10000156
102
}
330
10000156
100
AcDbXrecord
1000
KNZG
  0
XRECORD
  5
10000158
102
{ACAD_REACTORS
330
10000156
102
}
330
10000156
100
AcDbXrecord
1000
KN/F
  0
XRECORD
  5
1000015B
102
{ACAD_REACTORS
330
1000015A
102
}
330
1000015A
100
AcDbXrecord
1000
KNVG
  0
XRECORD
  5
1000015C
102
{ACAD_REACTORS
330
1000015A
102
}
330
1000015A
100
AcDbXrecord
1000
KN7F
  0
XRECORD
  5
1000015F
102
{ACAD_REACTORS
330
1000015E
102
}
330
1000015E
100
AcDbXrecord
1000
KNRG
  0
XRECORD
  5
10000160
102
{ACAD_REACTORS
330
1000015E
102
}
330
1000015E
100
AcDbXrecord
1000
KN3F
  0
XRECORD
  5
10000163
102
{ACAD_REACTORS
330
10000162
102
}
330
10000162
100
AcDbXrecord
1000
KNNG
  0
XRECORD
  5
10000164
102
{ACAD_REACTORS
330
10000162
102
}
330
10000162
100
AcDbXrecord
1000
KNzF
  0
XRECORD
  5
10000167
102
{ACAD_REACTORS
330
10000166
102
}
330
10000166
100
AcDbXrecord
1000
KNJG
  0
XRECORD
  5
10000168
102
{ACAD_REACTORS
330
10000166
102
}
330
10000166
100
AcDbXrecord
1000
KNvF
  0
XRECORD
  5
1000016B
102
{ACAD_REACTORS
330
1000016A
102
}
330
1000016A
100
AcDbXrecord
1000
KNFG
  0
XRECORD
  5
1000016C
102
{ACAD_REACTORS
330
1000016A
102
}
330
1000016A
100
AcDbXrecord
1000
KNrF
  0
XRECORD
  5
1000016F
102
{ACAD_REACTORS
330
1000016E
102
}
330
1000016E
100
AcDbXrecord
1000
KNBG
  0
XRECORD
  5
10000170
102
{ACAD_REACTORS
330
1000016E
102
}
330
1000016E
100
AcDbXrecord
1000
KNnF
  0
XRECORD
  5
10000173
102
{ACAD_REACTORS
330
10000172
102
}
330
10000172
100
AcDbXrecord
1000
KNxF
  0
XRECORD
  5
10000174
102
{ACAD_REACTORS
330
10000172
102
}
330
10000172
100
AcDbXrecord
1000
KNfF
  0
XRECORD
  5
10000177
102
{ACAD_REACTORS
330
10000176
102
}
330
10000176
100
AcDbXrecord
1000
KNtF
  0
XRECORD
  5
10000178
102
{ACAD_REACTORS
330
10000176
102
}
330
10000176
100
AcDbXrecord
1000
KNbF
  0
XRECORD
  5
1000017B
102
{ACAD_REACTORS
330
1000017A
102
}
330
1000017A
100
AcDbXrecord
1000
KNpF
  0
XRECORD
  5
1000017C
102
{ACAD_REACTORS
330
1000017A
102
}
330
1000017A
100
AcDbXrecord
1000
KNXF
  0
XRECORD
  5
1000017F
102
{ACAD_REACTORS
330
1000017E
102
}
330
1000017E
100
AcDbXrecord
1000
KNlF
  0
XRECORD
  5
10000180
102
{ACAD_REACTORS
330
1000017E
102
}
330
1000017E
100
AcDbXrecord
1000
KNTF
  0
XRECORD
  5
10000183
102
{ACAD_REACTORS
330
10000182
102
}
330
10000182
100
AcDbXrecord
1000
KNhF
  0
XRECORD
  5
10000184
102
{ACAD_REACTORS
330
10000182
102
}
330
10000182
100
AcDbXrecord
1000
KNPF
  0
XRECORD
  5
10000187
102
{ACAD_REACTORS
330
10000186
102
}
330
10000186
100
AcDbXrecord
1000
KN5B
  0
XRECORD
  5
10000188
102
{ACAD_REACTORS
330
10000186
102
}
330
10000186
100
AcDbXrecord
1000
KNvB
  0
XRECORD
  5
1000018B
102
{ACAD_REACTORS
330
1000018A
102
}
330
1000018A
100
AcDbXrecord
1000
KNtD
  0
XRECORD
  5
1000018C
102
{ACAD_REACTORS
330
1000018A
102
}
330
1000018A
100
AcDbXrecord
1000
KNjD
  0
XRECORD
  5
1000018F
102
{ACAD_REACTORS
330
1000018E
102
}
330
1000018E
100
AcDbXrecord
1000
KNpD
  0
XRECORD
  5
10000190
102
{ACAD_REACTORS
330
1000018E
102
}
330
1000018E
100
AcDbXrecord
1000
KNfD
  0
XRECORD
  5
10000193
102
{ACAD_REACTORS
330
10000192
102
}
330
10000192
100
AcDbXrecord
1000
KN1F
  0
XRECORD
  5
10000194
102
{ACAD_REACTORS
330
10000192
102
}
330
10000192
100
AcDbXrecord
1000
KNjF
  0
XRECORD
  5
10000197
102
{ACAD_REACTORS
330
10000196
102
}
330
10000196
100
AcDbXrecord
1000
KN9D
  0
XRECORD
  5
10000198
102
{ACAD_REACTORS
330
10000196
102
}
330
10000196
100
AcDbXrecord
1000
KNvJ
  0
XRECORD
  5
1000019B
102
{ACAD_REACTORS
330
1000019A
102
}
330
1000019A
100
AcDbXrecord
1000
KNlD
  0
XRECORD
  5
1000019C
102
{ACAD_REACTORS
330
1000019A
102
}
330
1000019A
100
AcDbXrecord
1000
KNbD
  0
XRECORD
  5
1000019F
102
{ACAD_REACTORS
330
1000019E
102
}
330
1000019E
100
AcDbXrecord
1000
KNhD
  0
XRECORD
  5
100001A0
102
{ACAD_REACTORS
330
1000019E
102
}
330
1000019E
100
AcDbXrecord
1000
KNXD
  0
XRECORD
  5
100001A3
102
{ACAD_REACTORS
330
100001A2
102
}
330
100001A2
100
AcDbXrecord
1000
JN9
  0
XRECORD
  5
100001A4
102
{ACAD_REACTORS
330
100001A2
102
}
330
100001A2
100
AcDbXrecord
1000
JN/
  0
XRECORD
  5
100001A7
102
{ACAD_REACTORS
330
100001A6
102
}
330
100001A6
100
AcDbXrecord
1000
KNdD
  0
XRECORD
  5
100001A8
102
{ACAD_REACTORS
330
100001A6
102
}
330
100001A6
100
AcDbXrecord
1000
KNTD
  0
XRECORD
  5
100001AB
102
{ACAD_REACTORS
330
100001AA
102
}
330
100001AA
100
AcDbXrecord
1000
JN5
  0
XRECORD
  5
100001AC
102
{ACAD_REACTORS
330
100001AA
102
}
330
100001AA
100
AcDbXrecord
1000
JN7
  0
XRECORD
  5
100001AF
102
{ACAD_REACTORS
330
100001AE
102
}
330
100001AE
100
AcDbXrecord
1000
KNZD
  0
XRECORD
  5
100001B0
102
{ACAD_REACTORS
330
100001AE
102
}
330
100001AE
100
AcDbXrecord
1000
KNPD
  0
XRECORD
  5
100001B3
102
{ACAD_REACTORS
330
100001B2
102
}
330
100001B2
100
AcDbXrecord
1000
KN1I
  0
XRECORD
  5
100001B4
102
{ACAD_REACTORS
330
100001B2
102
}
330
100001B2
100
AcDbXrecord
1000
KN/J
  0
XRECORD
  5
100001B7
102
{ACAD_REACTORS
330
100001B6
102
}
330
100001B6
100
AcDbXrecord
1000
JN1
  0
XRECORD
  5
100001B8
102
{ACAD_REACTORS
330
100001B6
102
}
330
100001B6
100
AcDbXrecord
1000
JN3
  0
XRECORD
  5
100001BB
102
{ACAD_REACTORS
330
100001BA
102
}
330
100001BA
100
AcDbXrecord
1000
KN5F
  0
XRECORD
  5
100001BC
102
{ACAD_REACTORS
330
100001BA
102
}
330
100001BA
100
AcDbXrecord
1000
KNzJ
  0
XRECORD
  5
100001BF
102
{ACAD_REACTORS
330
100001BE
102
}
330
100001BE
100
AcDbXrecord
1000
KNVD
  0
XRECORD
  5
100001C0
102
{ACAD_REACTORS
330
100001BE
102
}
330
100001BE
100
AcDbXrecord
1000
KNLD
  0
XRECORD
  5
100001C3
102
{ACAD_REACTORS
330
100001C2
102
}
330
100001C2
100
AcDbXrecord
1000
KN9F
  0
XRECORD
  5
100001C4
102
{ACAD_REACTORS
330
100001C2
102
}
330
100001C2
100
AcDbXrecord
1000
KN3J
  0
XRECORD
  5
100001C7
102
{ACAD_REACTORS
330
100001C6
102
}
330
100001C6
100
AcDbXrecord
1000
JNx
  0
XRECORD
  5
100001C8
102
{ACAD_REACTORS
330
100001C6
102
}
330
100001C6
100
AcDbXrecord
1000
JNz
  0
XRECORD
  5
100001CB
102
{ACAD_REACTORS
330
100001CA
102
}
330
100001CA
100
AcDbXrecord
1000
KNRD
  0
XRECORD
  5
100001CC
102
{ACAD_REACTORS
330
100001CA
102
}
330
100001CA
100
AcDbXrecord
1000
KNHD
  0
XRECORD
  5
100001CF
102
{ACAD_REACTORS
330
100001CE
102
}
330
100001CE
100
AcDbXrecord
1000
JNt
  0
XRECORD
  5
100001D0
102
{ACAD_REACTORS
330
100001CE
102
}
330
100001CE
100
AcDbXrecord
1000
JNv
  0
XRECORD
  5
100001D3
102
{ACAD_REACTORS
330
100001D2
102
}
330
100001D2
100
AcDbXrecord
1000
KNND
  0
XRECORD
  5
100001D4
102
{ACAD_REACTORS
330
100001D2
102
}
330
100001D2
100
AcDbXrecord
1000
KNDD
  0
XRECORD
  5
100001D7
102
{ACAD_REACTORS
330
100001D6
102
}
330
100001D6
100
AcDbXrecord
1000
JNd
  0
XRECORD
  5
100001D8
102
{ACAD_REACTORS
330
100001D6
102
}
330
100001D6
100
AcDbXrecord
1000
JNf
  0
XRECORD
  5
100001DB
102
{ACAD_REACTORS
330
100001DA
102
}
330
100001DA
100
AcDbXrecord
1000
KN9C
  0
XRECORD
  5
100001DC
102
{ACAD_REACTORS
330
100001DA
102
}
330
100001DA
100
AcDbXrecord
1000
KNzC
  0
XRECORD
  5
100001DF
102
{ACAD_REACTORS
330
100001DE
102
}
330
100001DE
100
AcDbXrecord
1000
JNh
  0
XRECORD
  5
100001E0
102
{ACAD_REACTORS
330
100001DE
102
}
330
100001DE
100
AcDbXrecord
1000
JNj
  0
XRECORD
  5
100001E3
102
{ACAD_REACTORS
330
100001E2
102
}
330
100001E2
100
AcDbXrecord
1000
KNBD
  0
XRECORD
  5
100001E4
102
{ACAD_REACTORS
330
100001E2
102
}
330
100001E2
100
AcDbXrecord
1000
KN3C
  0
XRECORD
  5
100001E7
102
{ACAD_REACTORS
330
100001E6
102
}
330
100001E6
100
AcDbXrecord
1000
JNp
  0
XRECORD
  5
100001E8
102
{ACAD_REACTORS
330
100001E6
102
}
330
100001E6
100
AcDbXrecord
1000
JNr
  0
XRECORD
  5
100001EB
102
{ACAD_REACTORS
330
100001EA
102
}
330
100001EA
100
AcDbXrecord
1000
KNJD
  0
XRECORD
  5
100001EC
102
{ACAD_REACTORS
330
100001EA
102
}
330
100001EA
100
AcDbXrecord
1000
KN/C
  0
XRECORD
  5
100001EF
102
{ACAD_REACTORS
330
100001EE
102
}
330
100001EE
100
AcDbXrecord
1000
JNl
  0
XRECORD
  5
100001F0
102
{ACAD_REACTORS
330
100001EE
102
}
330
100001EE
100
AcDbXrecord
1000
JNn
  0
XRECORD
  5
100001F3
102
{ACAD_REACTORS
330
100001F2
102
}
330
100001F2
100
AcDbXrecord
1000
KNFD
  0
XRECORD
  5
100001F4
102
{ACAD_REACTORS
330
100001F2
102
}
330
100001F2
100
AcDbXrecord
1000
KN7C
  0
XRECORD
  5
100001F7
102
{ACAD_REACTORS
330
100001F6
102
}
330
100001F6
100
AcDbXrecord
1000
JNB
  0
XRECORD
  5
100001F8
102
{ACAD_REACTORS
330
100001F6
102
}
330
100001F6
100
AcDbXrecord
1000
JND
  0
XRECORD
  5
100001FB
102
{ACAD_REACTORS
330
100001FA
102
}
330
100001FA
100
AcDbXrecord
1000
KNRF
  0
XRECORD
  5
100001FC
102
{ACAD_REACTORS
330
100001FA
102
}
330
100001FA
100
AcDbXrecord
1000
KN/E
  0
XRECORD
  5
100001FF
102
{ACAD_REACTORS
330
100001FE
102
}
330
100001FE
100
AcDbXrecord
1000
JNR
  0
XRECORD
  5
10000200
102
{ACAD_REACTORS
330
100001FE
102
}
330
100001FE
100
AcDbXrecord
1000
JNT
  0
XRECORD
  5
10000203
102
{ACAD_REACTORS
330
10000202
102
}
330
10000202
100
AcDbXrecord
1000
KNxC
  0
XRECORD
  5
10000204
102
{ACAD_REACTORS
330
10000202
102
}
330
10000202
100
AcDbXrecord
1000
KNnC
  0
XRECORD
  5
10000207
102
{ACAD_REACTORS
330
10000206
102
}
330
10000206
100
AcDbXrecord
1000
KN5C
  0
XRECORD
  5
10000208
102
{ACAD_REACTORS
330
10000206
102
}
330
10000206
100
AcDbXrecord
1000
KNvC
  0
XRECORD
  5
1000020B
102
{ACAD_REACTORS
330
1000020A
102
}
330
1000020A
100
AcDbXrecord
1000
JNZ
  0
XRECORD
  5
1000020C
102
{ACAD_REACTORS
330
1000020A
102
}
330
1000020A
100
AcDbXrecord
1000
JNb
  0
XRECORD
  5
1000020F
102
{ACAD_REACTORS
330
1000020E
102
}
330
1000020E
100
AcDbXrecord
1000
JNJ
  0
XRECORD
  5
10000210
102
{ACAD_REACTORS
330
1000020E
102
}
330
1000020E
100
AcDbXrecord
1000
JNL
  0
XRECORD
  5
10000213
102
{ACAD_REACTORS
330
10000212
102
}
330
10000212
100
AcDbXrecord
1000
KNZF
  0
XRECORD
  5
10000214
102
{ACAD_REACTORS
330
10000212
102
}
330
10000212
100
AcDbXrecord
1000
KNHF
  0
XRECORD
  5
10000217
102
{ACAD_REACTORS
330
10000216
102
}
330
10000216
100
AcDbXrecord
1000
KNpC
  0
XRECORD
  5
10000218
102
{ACAD_REACTORS
330
10000216
102
}
330
10000216
100
AcDbXrecord
1000
KNfC
  0
XRECORD
  5
1000021B
102
{ACAD_REACTORS
330
1000021A
102
}
330
1000021A
100
AcDbXrecord
1000
KN1C
  0
XRECORD
  5
1000021C
102
{ACAD_REACTORS
330
1000021A
102
}
330
1000021A
100
AcDbXrecord
1000
KNrC
  0
XRECORD
  5
1000021F
102
{ACAD_REACTORS
330
1000021E
102
}
330
1000021E
100
AcDbXrecord
1000
JNV
  0
XRECORD
  5
10000220
102
{ACAD_REACTORS
330
1000021E
102
}
330
1000021E
100
AcDbXrecord
1000
JNX
  0
XRECORD
  5
10000223
102
{ACAD_REACTORS
330
10000222
102
}
330
10000222
100
AcDbXrecord
1000
JNF
  0
XRECORD
  5
10000224
102
{ACAD_REACTORS
330
10000222
102
}
330
10000222
100
AcDbXrecord
1000
JNH
  0
XRECORD
  5
10000227
102
{ACAD_REACTORS
330
10000226
102
}
330
10000226
100
AcDbXrecord
1000
KNVF
  0
XRECORD
  5
10000228
102
{ACAD_REACTORS
330
10000226
102
}
330
10000226
100
AcDbXrecord
1000
KNDF
  0
XRECORD
  5
1000022B
102
{ACAD_REACTORS
330
1000022A
102
}
330
1000022A
100
AcDbXrecord
1000
KNlC
  0
XRECORD
  5
1000022C
102
{ACAD_REACTORS
330
1000022A
102
}
330
1000022A
100
AcDbXrecord
1000
KNbC
  0
XRECORD
  5
1000022F
102
{ACAD_REACTORS
330
1000022E
102
}
330
1000022E
100
AcDbXrecord
1000
KNtC
  0
XRECORD
  5
10000230
102
{ACAD_REACTORS
330
1000022E
102
}
330
1000022E
100
AcDbXrecord
1000
KNjC
  0
XRECORD
  5
10000233
102
{ACAD_REACTORS
330
10000232
102
}
330
10000232
100
AcDbXrecord
1000
JNN
  0
XRECORD
  5
10000234
102
{ACAD_REACTORS
330
10000232
102
}
330
10000232
100
AcDbXrecord
1000
JNP
  0
XRECORD
  5
10000237
102
{ACAD_REACTORS
330
10000236
102
}
330
10000236
100
AcDbXrecord
1000
KNdF
  0
XRECORD
  5
10000238
102
{ACAD_REACTORS
330
10000236
102
}
330
10000236
100
AcDbXrecord
1000
KNLF
  0
XRECORD
  5
1000023B
102
{ACAD_REACTORS
330
1000023A
102
}
330
1000023A
100
AcDbXrecord
1000
KNxD
  0
XRECORD
  5
1000023C
102
{ACAD_REACTORS
330
1000023A
102
}
330
1000023A
100
AcDbXrecord
1000
KNnD
  0
XRECORD
  5
1000023F
102
{ACAD_REACTORS
330
1000023E
102
}
330
1000023E
100
AcDbXrecord
1000
KNBB
  0
XRECORD
  5
10000240
102
{ACAD_REACTORS
330
1000023E
102
}
330
1000023E
100
AcDbXrecord
1000
KNDB
  0
XRECORD
  5
10000243
102
{ACAD_REACTORS
330
10000242
102
}
330
10000242
100
AcDbXrecord
1000
KN9B
  0
XRECORD
  5
10000244
102
{ACAD_REACTORS
330
10000242
102
}
330
10000242
100
AcDbXrecord
1000
KNzB
  0
XRECORD
  5
10000247
102
{ACAD_REACTORS
330
10000246
102
}
330
10000246
100
AcDbXrecord
1000
KN1D
  0
XRECORD
  5
10000248
102
{ACAD_REACTORS
330
10000246
102
}
330
10000246
100
AcDbXrecord
1000
KNrD
  0
XRECORD
  5
1000024B
102
{ACAD_REACTORS
330
1000024A
102
}
330
1000024A
100
AcDbXrecord
1000
KNFB
  0
XRECORD
  5
1000024C
102
{ACAD_REACTORS
330
1000024A
102
}
330
1000024A
100
AcDbXrecord
1000
KNHB
  0
XRECORD
  5
1000024F
102
{ACAD_REACTORS
330
1000024E
102
}
330
1000024E
100
AcDbXrecord
1000
KNBC
  0
XRECORD
  5
10000250
102
{ACAD_REACTORS
330
1000024E
102
}
330
1000024E
100
AcDbXrecord
1000
KN3B
  0
XRECORD
  5
10000253
102
{ACAD_REACTORS
330
10000252
102
}
330
10000252
100
AcDbXrecord
1000
KNVI
  0
XRECORD
  5
10000254
102
{ACAD_REACTORS
330
10000252
102
}
330
10000252
100
AcDbXrecord
1000
KN7H
  0
XRECORD
  5
10000257
102
{ACAD_REACTORS
330
10000256
102
}
330
10000256
100
AcDbXrecord
1000
KN5D
  0
XRECORD
  5
10000258
102
{ACAD_REACTORS
330
10000256
102
}
330
10000256
100
AcDbXrecord
1000
KNrJ
  0
XRECORD
  5
1000025B
102
{ACAD_REACTORS
330
1000025A
102
}
330
1000025A
100
AcDbXrecord
1000
KNJB
  0
XRECORD
  5
1000025C
102
{ACAD_REACTORS
330
1000025A
102
}
330
1000025A
100
AcDbXrecord
1000
KNLB
  0
XRECORD
  5
1000025F
102
{ACAD_REACTORS
330
1000025E
102
}
330
1000025E
100
AcDbXrecord
1000
KNFC
  0
XRECORD
  5
10000260
102
{ACAD_REACTORS
330
1000025E
102
}
330
1000025E
100
AcDbXrecord
1000
KN7B
  0
XRECORD
  5
10000263
102
{ACAD_REACTORS
330
10000262
102
}
330
10000262
100
AcDbXrecord
1000
KNNB
  0
XRECORD
  5
10000264
102
{ACAD_REACTORS
330
10000262
102
}
330
10000262
100
AcDbXrecord
1000
KNPB
  0
XRECORD
  5
10000267
102
{ACAD_REACTORS
330
10000266
102
}
330
10000266
100
AcDbXrecord
1000
KNJC
  0
XRECORD
  5
10000268
102
{ACAD_REACTORS
330
10000266
102
}
330
10000266
100
AcDbXrecord
1000
KN/B
  0
XRECORD
  5
1000026B
102
{ACAD_REACTORS
330
1000026A
102
}
330
1000026A
100
AcDbXrecord
1000
KNBE
  0
XRECORD
  5
1000026C
102
{ACAD_REACTORS
330
1000026A
102
}
330
1000026A
100
AcDbXrecord
1000
KNvD
  0
XRECORD
  5
1000026F
102
{ACAD_REACTORS
330
1000026E
102
}
330
1000026E
100
AcDbXrecord
1000
KNNC
  0
XRECORD
  5
10000270
102
{ACAD_REACTORS
330
1000026E
102
}
330
1000026E
100
AcDbXrecord
1000
KNDC
  0
XRECORD
  5
10000273
102
{ACAD_REACTORS
330
10000272
102
}
330
10000272
100
AcDbXrecord
1000
KNFE
  0
XRECORD
  5
10000274
102
{ACAD_REACTORS
330
10000272
102
}
330
10000272
100
AcDbXrecord
1000
KNzD
  0
XRECORD
  5
10000277
102
{ACAD_REACTORS
330
10000276
102
}
330
10000276
100
AcDbXrecord
1000
KNRC
  0
XRECORD
  5
10000278
102
{ACAD_REACTORS
330
10000276
102
}
330
10000276
100
AcDbXrecord
1000
KNHC
  0
XRECORD
  5
1000027B
102
{ACAD_REACTORS
330
1000027A
102
}
330
1000027A
100
AcDbXrecord
1000
KNJE
  0
XRECORD
  5
1000027C
102
{ACAD_REACTORS
330
1000027A
102
}
330
1000027A
100
AcDbXrecord
1000
KN3D
  0
XRECORD
  5
1000027F
102
{ACAD_REACTORS
330
1000027E
102
}
330
1000027E
100
AcDbXrecord
1000
KNVC
  0
XRECORD
  5
10000280
102
{ACAD_REACTORS
330
1000027E
102
}
330
1000027E
100
AcDbXrecord
1000
KNLC
  0
XRECORD
  5
10000283
102
{ACAD_REACTORS
330
10000282
102
}
330
10000282
100
AcDbXrecord
1000
KNNE
  0
XRECORD
  5
10000284
102
{ACAD_REACTORS
330
10000282
102
}
330
10000282
100
AcDbXrecord
1000
KN7D
  0
XRECORD
  5
10000287
102
{ACAD_REACTORS
330
10000286
102
}
330
10000286
100
AcDbXrecord
1000
KNxB
  0
XRECORD
  5
10000288
102
{ACAD_REACTORS
330
10000286
102
}
330
10000286
100
AcDbXrecord
1000
KNjJ
  0
XRECORD
  5
1000028B
102
{ACAD_REACTORS
330
1000028A
102
}
330
1000028A
100
AcDbXrecord
1000
KNZC
  0
XRECORD
  5
1000028C
102
{ACAD_REACTORS
330
1000028A
102
}
330
1000028A
100
AcDbXrecord
1000
KNPC
  0
XRECORD
  5
1000028F
102
{ACAD_REACTORS
330
1000028E
102
}
330
1000028E
100
AcDbXrecord
1000
KNdC
  0
XRECORD
  5
10000290
102
{ACAD_REACTORS
330
1000028E
102
}
330
1000028E
100
AcDbXrecord
1000
KNTC
  0
XRECORD
  5
10000293
102
{ACAD_REACTORS
330
10000292
102
}
330
10000292
100
AcDbXrecord
1000
KNhC
  0
XRECORD
  5
10000294
102
{ACAD_REACTORS
330
10000292
102
}
330
10000292
100
AcDbXrecord
1000
KNXC
  0
XRECORD
  5
10000297
102
{ACAD_REACTORS
330
10000296
102
}
330
10000296
100
AcDbXrecord
1000
KNRE
  0
XRECORD
  5
10000298
102
{ACAD_REACTORS
330
10000296
102
}
330
10000296
100
AcDbXrecord
1000
KN/D
  0
XRECORD
  5
1000029B
102
{ACAD_REACTORS
330
1000029A
102
}
330
1000029A
100
AcDbXrecord
1000
KNVE
  0
XRECORD
  5
1000029C
102
{ACAD_REACTORS
330
1000029A
102
}
330
1000029A
100
AcDbXrecord
1000
KNDE
  0
XRECORD
  5
1000029F
102
{ACAD_REACTORS
330
1000029E
102
}
330
1000029E
100
AcDbXrecord
1000
KNZE
  0
XRECORD
  5
100002A0
102
{ACAD_REACTORS
330
1000029E
102
}
330
1000029E
100
AcDbXrecord
1000
KNHE
  0
XRECORD
  5
100002A3
102
{ACAD_REACTORS
330
100002A2
102
}
330
100002A2
100
AcDbXrecord
1000
KNdE
  0
XRECORD
  5
100002A4
102
{ACAD_REACTORS
330
100002A2
102
}
330
100002A2
100
AcDbXrecord
1000
KNLE
  0
XRECORD
  5
100002A7
102
{ACAD_REACTORS
330
100002A6
102
}
330
100002A6
100
AcDbXrecord
1000
KNhE
  0
XRECORD
  5
100002A8
102
{ACAD_REACTORS
330
100002A6
102
}
330
100002A6
100
AcDbXrecord
1000
KNPE
  0
XRECORD
  5
100002AB
102
{ACAD_REACTORS
330
100002AA
102
}
330
100002AA
100
AcDbXrecord
1000
KNlE
  0
XRECORD
  5
100002AC
102
{ACAD_REACTORS
330
100002AA
102
}
330
100002AA
100
AcDbXrecord
1000
KNTE
  0
XRECORD
  5
100002AF
102
{ACAD_REACTORS
330
100002AE
102
}
330
100002AE
100
AcDbXrecord
1000
KNpE
  0
XRECORD
  5
100002B0
102
{ACAD_REACTORS
330
100002AE
102
}
330
100002AE
100
AcDbXrecord
1000
KNXE
  0
XRECORD
  5
100002B3
102
{ACAD_REACTORS
330
100002B2
102
}
330
100002B2
100
AcDbXrecord
1000
KNtE
  0
XRECORD
  5
100002B4
102
{ACAD_REACTORS
330
100002B2
102
}
330
100002B2
100
AcDbXrecord
1000
KNbE
  0
XRECORD
  5
100002B7
102
{ACAD_REACTORS
330
100002B6
102
}
330
100002B6
100
AcDbXrecord
1000
KNxE
  0
XRECORD
  5
100002B8
102
{ACAD_REACTORS
330
100002B6
102
}
330
100002B6
100
AcDbXrecord
1000
KNfE
  0
XRECORD
  5
100002BB
102
{ACAD_REACTORS
330
100002BA
102
}
330
100002BA
100
AcDbXrecord
1000
KN1E
  0
XRECORD
  5
100002BC
102
{ACAD_REACTORS
330
100002BA
102
}
330
100002BA
100
AcDbXrecord
1000
KNjE
  0
XRECORD
  5
100002BF
102
{ACAD_REACTORS
330
100002BE
102
}
330
100002BE
100
AcDbXrecord
1000
KNtB
  0
XRECORD
  5
100002C0
102
{ACAD_REACTORS
330
100002BE
102
}
330
100002BE
100
AcDbXrecord
1000
KNfJ
  0
XRECORD
  5
100002C3
102
{ACAD_REACTORS
330
100002C2
102
}
330
100002C2
100
AcDbXrecord
1000
KN5E
  0
XRECORD
  5
100002C4
102
{ACAD_REACTORS
330
100002C2
102
}
330
100002C2
100
AcDbXrecord
1000
KNnE
  0
XRECORD
  5
100002C7
102
{ACAD_REACTORS
330
100002C6
102
}
330
100002C6
100
AcDbXrecord
1000
KN9E
  0
XRECORD
  5
100002C8
102
{ACAD_REACTORS
330
100002C6
102
}
330
100002C6
100
AcDbXrecord
1000
KNrE
  0
XRECORD
  5
100002CB
102
{ACAD_REACTORS
330
100002CA
102
}
330
100002CA
100
AcDbXrecord
1000
KNBF
  0
XRECORD
  5
100002CC
102
{ACAD_REACTORS
330
100002CA
102
}
330
100002CA
100
AcDbXrecord
1000
KNvE
  0
XRECORD
  5
100002CF
102
{ACAD_REACTORS
330
100002CE
102
}
330
100002CE
100
AcDbXrecord
1000
KNFF
  0
XRECORD
  5
100002D0
102
{ACAD_REACTORS
330
100002CE
102
}
330
100002CE
100
AcDbXrecord
1000
KNzE
  0
XRECORD
  5
100002D3
102
{ACAD_REACTORS
330
100002D2
102
}
330
100002D2
100
AcDbXrecord
1000
KNJF
  0
XRECORD
  5
100002D4
102
{ACAD_REACTORS
330
100002D2
102
}
330
100002D2
100
AcDbXrecord
1000
KN3E
  0
XRECORD
  5
100002D7
102
{ACAD_REACTORS
330
100002D6
102
}
330
100002D6
100
AcDbXrecord
1000
KNNF
  0
XRECORD
  5
100002D8
102
{ACAD_REACTORS
330
100002D6
102
}
330
100002D6
100
AcDbXrecord
1000
KN7E
  0
MATERIAL
  5
45
102
{ACAD_REACTORS
330
43
102
}
102
{ACAD_XDICTIONARY
360
1000030A
102
}
330
43
100
AcDbMaterial
  1
BYBLOCK
  0
MATERIAL
  5
44
102
{ACAD_REACTORS
330
43
102
}
102
{ACAD_XDICTIONARY
360
10000308
102
}
330
43
100
AcDbMaterial
  1
BYLAYER
  0
MATERIAL
  5
46
102
{ACAD_REACTORS
330
43
102
}
102
{ACAD_XDICTIONARY
360
1000030C
102
}
330
43
100
AcDbMaterial
  1
GLOBAL
  0
ACAD_PROXY_OBJECT
  5
5C
102
{ACAD_REACTORS
330
5B
102
}
330
5B
100
AcDbProxyObject
 90
      499
 91
      505
 93
      610
310
40901902A4063FBFFFFFE056BD1B81E855B9FC0AD7A3703D0AD73F4214DD185B99185C9900AD7A3703D0AC73F90141901A02B5E8DC0F42B1CFC02B5E8DC0F42B1CFE5764000000000000300FC0
340
14
340
0
340
11
340
0
 94
        0
1001
ACAD_MLEADERVER
1070
     2
  0
MLINESTYLE
  5
18
102
{ACAD_REACTORS
330
17
102
}
330
17
100
AcDbMlineStyle
  2
Standard
 70
     0
  3

 62
   256
 51
90.0
 52
90.0
 71
     2
 49
0.5
 62
   256
  6
BYLAYER
 49
-0.5
 62
   256
  6
BYLAYER
  0
ACAD_PROXY_OBJECT
  5
10000023
102
{ACAD_REACTORS
330
47
102
}
330
47
100
AcDbProxyObject
 90
      499
 91
      503
 93
      121
310
9053130303A310000000000001650100
  0
ACAD_PROXY_OBJECT
  5
1000001D
102
{ACAD_REACTORS
330
47
102
}
330
47
100
AcDbProxyObject
 90
      499
 91
      503
 93
      113
310
90431303A310000000000000910100
  0
ACAD_PROXY_OBJECT
  5
1000001E
102
{ACAD_REACTORS
330
47
102
}
330
47
100
AcDbProxyObject
 90
      499
 91
      503
 93
      113
310
90431323A310000000000000A10100
  0
ACAD_PROXY_OBJECT
  5
1000001F
102
{ACAD_REACTORS
330
47
102
}
330
47
100
AcDbProxyObject
 90
      499
 91
      503
 93
      113
310
90431363A310000000000000C10100
  0
ACAD_PROXY_OBJECT
  5
10000006
102
{ACAD_REACTORS
330
47
102
}
330
47
100
AcDbProxyObject
 90
      499
 91
      503
 93
       41
310
903313A31500
  0
ACAD_PROXY_OBJECT
  5
1000000D
102
{ACAD_REACTORS
330
47
102
}
330
47
100
AcDbProxyObject
 90
      499
 91
      503
 93
      113
310
904313A31304000000000000244000
  0
ACAD_PROXY_OBJECT
  5
10000016
102
{ACAD_REACTORS
330
47
102
}
330
47
100
AcDbProxyObject
 90
      499
 91
      503
 93
      121
310
905313A3130304000000000000594000
  0
ACAD_PROXY_OBJECT
  5
1000000E
102
{ACAD_REACTORS
330
47
102
}
330
47
100
AcDbProxyObject
 90
      499
 91
      503
 93
      113
310
904313A31324000000000000284000
  0
ACAD_PROXY_OBJECT
  5
1000000F
102
{ACAD_REACTORS
330
47
102
}
330
47
100
AcDbProxyObject
 90
      499
 91
      503
 93
      113
310
904313A31364000000000000304000
  0
ACAD_PROXY_OBJECT
  5
10000007
102
{ACAD_REACTORS
330
47
102
}
330
47
100
AcDbProxyObject
 90
      499
 91
      503
 93
      105
310
903313A324000000000000004000
  0
ACAD_PROXY_OBJECT
  5
10000010
102
{ACAD_REACTORS
330
47
102
}
330
47
100
AcDbProxyObject
 90
      499
 91
      503
 93
      113
310
904313A32304000000000000344000
  0
ACAD_PROXY_OBJECT
  5
10000011
102
{ACAD_REACTORS
330
47
102
}
330
47
100
AcDbProxyObject
 90
      499
 91
      503
 93
      113
310
904313A32354000000000000394000
  0
ACAD_PROXY_OBJECT
  5
10000008
102
{ACAD_REACTORS
330
47
102
}
330
47
100
AcDbProxyObject
 90
      499
 91
      503
 93
      105
310
903313A334000000000000084000
  0
ACAD_PROXY_OBJECT
  5
10000012
102
{ACAD_REACTORS
330
47
102
}
330
47
100
AcDbProxyObject
 90
      499
 91
      503
 93
      113
310
904313A33324000000000000404000
  0
ACAD_PROXY_OBJECT
  5
10000009
102
{ACAD_REACTORS
330
47
102
}
330
47
100
AcDbProxyObject
 90
      499
 91
      503
 93
      105
310
903313A344000000000000104000
  0
ACAD_PROXY_OBJECT
  5
10000013
102
{ACAD_REACTORS
330
47
102
}
330
47
100
AcDbProxyObject
 90
      499
 91
      503
 93
      113
310
904313A34304000000000000444000
  0
ACAD_PROXY_OBJECT
  5
1000000A
102
{ACAD_REACTORS
330
47
102
}
330
47
100
AcDbProxyObject
 90
      499
 91
      503
 93
      105
310
903313A354000000000000144000
  0
ACAD_PROXY_OBJECT
  5
10000014
102
{ACAD_REACTORS
330
47
102
}
330
47
100
AcDbProxyObject
 90
      499
 91
      503
 93
      113
310
904313A35304000000000000494000
  0
ACAD_PROXY_OBJECT
  5
1000000B
102
{ACAD_REACTORS
330
47
102
}
330
47
100
AcDbProxyObject
 90
      499
 91
      503
 93
      105
310
903313A364000000000000184000
  0
ACAD_PROXY_OBJECT
  5
1000000C
102
{ACAD_REACTORS
330
47
102
}
330
47
100
AcDbProxyObject
 90
      499
 91
      503
 93
      105
310
903313A384000000000000204000
  0
ACAD_PROXY_OBJECT
  5
10000015
102
{ACAD_REACTORS
330
47
102
}
330
47
100
AcDbProxyObject
 90
      499
 91
      503
 93
      113
310
904313A38304000000000000544000
  0
ACAD_PROXY_OBJECT
  5
10000020
102
{ACAD_REACTORS
330
47
102
}
330
47
100
AcDbProxyObject
 90
      499
 91
      503
 93
      113
310
90432303A310000000000000D10100
  0
ACAD_PROXY_OBJECT
  5
10000017
102
{ACAD_REACTORS
330
47
102
}
330
47
100
AcDbProxyObject
 90
      499
 91
      503
 93
      105
310
903323A310000000000000010100
  0
ACAD_PROXY_OBJECT
  5
10000021
102
{ACAD_REACTORS
330
47
102
}
330
47
100
AcDbProxyObject
 90
      499
 91
      503
 93
      113
310
90433323A310000000000001010100
  0
ACAD_PROXY_OBJECT
  5
10000018
102
{ACAD_REACTORS
330
47
102
}
330
47
100
AcDbProxyObject
 90
      499
 91
      503
 93
      105
310
903333A310000000000000210100
  0
ACAD_PROXY_OBJECT
  5
10000019
102
{ACAD_REACTORS
330
47
102
}
330
47
100
AcDbProxyObject
 90
      499
 91
      503
 93
      105
310
903343A310000000000000410100
  0
ACAD_PROXY_OBJECT
  5
10000022
102
{ACAD_REACTORS
330
47
102
}
330
47
100
AcDbProxyObject
 90
      499
 91
      503
 93
      113
310
90435303A310000000000001250100
  0
ACAD_PROXY_OBJECT
  5
1000001A
102
{ACAD_REACTORS
330
47
102
}
330
47
100
AcDbProxyObject
 90
      499
 91
      503
 93
      105
310
903353A310000000000000510100
  0
ACAD_PROXY_OBJECT
  5
1000001B
102
{ACAD_REACTORS
330
47
102
}
330
47
100
AcDbProxyObject
 90
      499
 91
      503
 93
      105
310
903363A310000000000000610100
  0
ACAD_PROXY_OBJECT
  5
1000001C
102
{ACAD_REACTORS
330
47
102
}
330
47
100
AcDbProxyObject
 90
      499
 91
      503
 93
      105
310
903383A310000000000000810100
  0
ACAD_PROXY_OBJECT
  5
2F
102
{ACAD_REACTORS
330
2A
102
}
330
2A
100
AcDbProxyObject
 90
      499
 91
      501
 93
      436
310
42CC9915DA5C99599C985B595049028333333333333E33F0000000000000F90107901411070040501600405405064090741402480A0340
1001
ACAD
1000
AcDbSavedByObjectVersion
1070
     0
  0
ACAD_PROXY_OBJECT
  5
32
102
{ACAD_REACTORS
330
2A
102
}
330
2A
100
AcDbProxyObject
 90
      499
 91
      501
 93
      388
310
4150985CDA58D07406404333333333333E33F0000000000000F90107A41107004050150841D405064090741402480A0350
1001
ACAD
1000
AcDbSavedByObjectVersion
1070
     0
  0
ACAD_PROXY_OBJECT
  5
36
102
{ACAD_REACTORS
330
2A
102
}
330
2A
100
AcDbProxyObject
 90
      499
 91
      501
 93
      428
310
42109C9A59DA1D195B90C409028333333333333E33F0000000000000F9010790141107004050150841D405064090741402480A029950
1001
ACAD
1000
AcDbSavedByObjectVersion
1070
     0
  0
ACAD_PROXY_OBJECT
  5
3A
102
{ACAD_REACTORS
330
2A
102
}
330
2A
100
AcDbProxyObject
 90
      499
 91
      501
 93
      452
310
42D0DBDB1BDC90DA185B99D95104090240C333333333333E33F0000000000000F90108901411070040501508421405064090741402480A0350
1001
ACAD
1000
AcDbSavedByObjectVersion
1070
     0
  0
ACAD_PROXY_OBJECT
  5
34
102
{ACAD_REACTORS
330
2A
102
}
330
2A
100
AcDbProxyObject
 90
      499
 91
      501
 93
      500
310
4290DBDB98D95C1D1D585B10940D028333333333333E33F0000000000000F90107902409070040501000000000018199010841D405064090740C02480A0340
1001
ACAD
1000
AcDbSavedByObjectVersion
1070
     0
  0
ACAD_PROXY_OBJECT
  5
35
102
{ACAD_REACTORS
330
2A
102
}
330
2A
100
AcDbProxyObject
 90
      499
 91
      501
 93
      412
310
40D11A5B50B409028333333333333E33F0000000000000F9010790141107004050150841D405064090741402480A02677FFFFFD0
1001
ACAD
1000
AcDbSavedByObjectVersion
1070
     0
  0
ACAD_PROXY_OBJECT
  5
3D
102
{ACAD_REACTORS
330
2A
102
}
330
2A
100
AcDbProxyObject
 90
      499
 91
      501
 93
      452
310
43115919D950DBDB1BDC93D999916409028333333333333E33F0000000000000F9010790141107004050150841D405064090741402480A0350
1001
ACAD
1000
AcDbSavedByObjectVersion
1070
     0
  0
ACAD_PROXY_OBJECT
  5
39
102
{ACAD_REACTORS
330
2A
102
}
330
2A
100
AcDbProxyObject
 90
      499
 91
      501
 93
      444
310
42D19858D95C185D1D195C9B90F409028333333333333E33F0000000000000F9010790141107004050150841D405064090741402480A0350
1001
ACAD
1000
AcDbSavedByObjectVersion
1070
     0
  0
ACAD_PROXY_OBJECT
  5
2B
102
{ACAD_REACTORS
330
2A
102
}
330
2A
100
AcDbProxyObject
 90
      499
 91
      501
 93
      380
310
41119B185D240901404333333333333E33F0000000000000F9010740A907004050150841D405064090741402480A1B50
1001
ACAD
1000
AcDbSavedByObjectVersion
1070
     0
  0
ACAD_PROXY_OBJECT
  5
2C
102
{ACAD_REACTORS
330
2A
102
}
330
2A
100
AcDbProxyObject
 90
      499
 91
      501
 93
      468
310
43519B185D15DA5D1A115919D95CD0140901404333333333333E33F0000000000000F90107409019070040501600405405064090741402480A1B50
1001
ACAD
1000
AcDbSavedByObjectVersion
1070
     0
  0
ACAD_PROXY_OBJECT
  5
2D
102
{ACAD_REACTORS
330
2A
102
}
330
2A
100
AcDbProxyObject
 90
      499
 91
      501
 93
      404
310
41D1DBDD5C985D5910240902404333333333333E33F0000000000000F9010740A9070040501641D405064090741402480A1B50
1001
ACAD
1000
AcDbSavedByObjectVersion
1070
     0
  0
ACAD_PROXY_OBJECT
  5
2E
102
{ACAD_REACTORS
330
2A
102
}
330
2A
100
AcDbProxyObject
 90
      499
 91
      501
 93
      492
310
4411DBDD5C985D5915DA5D1A115919D95CD0340902404333333333333E33F0000000000000F90107409019070040501600405405064090741402480A1B50
1001
ACAD
1000
AcDbSavedByObjectVersion
1070
     0
  0
ACAD_PROXY_OBJECT
  5
31
102
{ACAD_REACTORS
330
2A
102
}
330
2A
100
AcDbProxyObject
 90
      499
 91
      501
 93
      476
310
41921A5919195B90640502408333333333333E33F0000000000000F901079024090700405020000000000001110200405405064090740C02480A0340
1001
ACAD
1000
AcDbSavedByObjectVersion
1070
     0
  0
ACAD_PROXY_OBJECT
  5
3B
102
{ACAD_REACTORS
330
2A
102
}
330
2A
100
AcDbProxyObject
 90
      499
 91
      501
 93
      428
310
42529A5D1D195C93D999914409028333333333333E33F0000000000000F9010790141107004050150A41D405064090741402480A0350
1001
ACAD
1000
AcDbSavedByObjectVersion
1070
     0
  0
ACAD_PROXY_OBJECT
  5
38
102
{ACAD_REACTORS
330
2A
102
}
330
2A
100
AcDbProxyObject
 90
      499
 91
      501
 93
      444
310
42D31A5B995C185D1D195C9B90E409028333333333333E33F0000000000000F9010790141107004050750841D405064090741402483A0350
1001
ACAD
1000
AcDbSavedByObjectVersion
1070
     0
  0
ACAD_PROXY_OBJECT
  5
3C
102
{ACAD_REACTORS
330
2A
102
}
330
2A
100
AcDbProxyObject
 90
      499
 91
      501
 93
      444
310
42D3DD995C9A185B99D3D999915409028333333333333E33F0000000000000F9010790141107004050150941D405064090741402480A0350
1001
ACAD
1000
AcDbSavedByObjectVersion
1070
     0
  0
ACAD_PROXY_OBJECT
  5
33
102
{ACAD_REACTORS
330
2A
102
}
330
2A
100
AcDbProxyObject
 90
      499
 91
      501
 93
      428
310
425499585B1A5CDD1A58D08409038333333333333E33F0000000000000F9010740A907004050150800405405064090740C02480A1B40
1001
ACAD
1000
AcDbSavedByObjectVersion
1070
     0
  0
ACAD_PROXY_OBJECT
  5
42
102
{ACAD_REACTORS
330
2A
102
}
330
2A
100
AcDbProxyObject
 90
      499
 91
      501
 93
      420
310
4194DA1859195911B40902404333333333333E33F0000000000000F9010740A41107004050150800405405064090840C02480A0B40
1001
ACAD
1000
AcDbSavedByObjectVersion
1070
     0
  0
ACAD_PROXY_OBJECT
  5
41
102
{ACAD_REACTORS
330
2A
102
}
330
2A
100
AcDbProxyObject
 90
      499
 91
      501
 93
      516
310
4454DA18591959081DDA5D1A08195919D95CD1A40902404333333333333E33F0000000000000F901074090142907004050250800405405064090740C02480A0B40
1001
ACAD
1000
AcDbSavedByObjectVersion
1070
     0
  0
ACAD_PROXY_OBJECT
  5
3E
102
{ACAD_REACTORS
330
2A
102
}
330
2A
100
AcDbProxyObject
 90
      499
 91
      501
 93
      532
310
4394DA1859195CC81BD98811DC985E5174090240C333333333333E33F0000000000000F901079024090741D01000000000000111010841D405064090740C02480A0340
1001
ACAD
1000
AcDbSavedByObjectVersion
1070
     0
  0
ACAD_PROXY_OBJECT
  5
3F
102
{ACAD_REACTORS
330
2A
102
}
330
2A
100
AcDbProxyObject
 90
      499
 91
      501
 93
      476
310
41D4DAD95D18DA1E51840502408333333333333E33F0000000000000F901079024090741D01000000000000111010B41D405064090741802480A0340
1001
ACAD
1000
AcDbSavedByObjectVersion
1070
     0
  0
ACAD_PROXY_OBJECT
  5
37
102
{ACAD_REACTORS
330
2A
102
}
330
2A
100
AcDbProxyObject
 90
      499
 91
      501
 93
      412
310
41D51A1A58DAD95B90D409028333333333333E33F0000000000000F9010790141107004050150C41D405064090741402480A0350
1001
ACAD
1000
AcDbSavedByObjectVersion
1070
     0
  0
ACAD_PROXY_OBJECT
  5
30
102
{ACAD_REACTORS
330
2A
102
}
330
2A
100
AcDbProxyObject
 90
      499
 91
      501
 93
      420
310
4255DA5C99599C985B595059028333333333333E33F0000000000000F90107901411070040501600405405064090740C02480A0340
1001
ACAD
1000
AcDbSavedByObjectVersion
1070
     0
  0
ACAD_PROXY_OBJECT
  5
40
102
{ACAD_REACTORS
330
2A
102
}
330
2A
100
AcDbProxyObject
 90
      499
 91
      501
 93
      404
310
41560B54985E51940902404000000000000E03F0000000000000F9010740501907004050150841D405064090740C02480A1B40
1001
ACAD
1000
AcDbSavedByObjectVersion
1070
     0
  0
XRECORD
  5
100002E5
102
{ACAD_REACTORS
330
100002DB
102
}
330
100002DB
100
AcDbXrecord
340
0
  0
XRECORD
  5
100002E4
102
{ACAD_REACTORS
330
100002DB
102
}
330
100002DB
100
AcDbXrecord
 90
        0
  0
XRECORD
  5
100002FB
102
{ACAD_REACTORS
330
100002DB
102
}
330
100002DB
100
AcDbXrecord
1000
DSTYLE
1002
{
1070
   340
340
11
1002
}
  0
XRECORD
  5
100002E6
102
{ACAD_REACTORS
330
100002DB
102
}
330
100002DB
100
AcDbXrecord
  1
{34366571-7534-7661-3463-723074757661}
  0
XRECORD
  5
100002DE
102
{ACAD_REACTORS
330
100002DB
102
}
330
100002DB
100
AcDbXrecord
  1

  0
XRECORD
  5
100002E3
102
{ACAD_REACTORS
330
100002DB
102
}
330
100002DB
100
AcDbXrecord
 90
        1
  0
XRECORD
  5
100002E0
102
{ACAD_REACTORS
330
100002DB
102
}
330
100002DB
100
AcDbXrecord
340
1A
  0
XRECORD
  5
100002E2
102
{ACAD_REACTORS
330
100002DB
102
}
330
100002DB
100
AcDbXrecord
 90
    10781
  0
XRECORD
  5
100002E1
102
{ACAD_REACTORS
330
100002DB
102
}
330
100002DB
100
AcDbXrecord
340
19
  0
XRECORD
  5
100002E8
102
{ACAD_REACTORS
330
100002DB
102
}
330
100002DB
100
AcDbXrecord
 40
0.0
  0
XRECORD
  5
100002EB
102
{ACAD_REACTORS
330
100002DB
102
}
330
100002DB
100
AcDbXrecord
340
0
  0
XRECORD
  5
100002F1
102
{ACAD_REACTORS
330
100002DB
102
}
330
100002DB
100
AcDbXrecord
 10
0.0
 20
0.0
 30
0.0
  0
XRECORD
  5
100002ED
102
{ACAD_REACTORS
330
100002DB
102
}
330
100002DB
100
AcDbXrecord
 10
0.0
 20
0.0
 30
0.0
  0
XRECORD
  5
100002F0
102
{ACAD_REACTORS
330
100002DB
102
}
330
100002DB
100
AcDbXrecord
 10
0.0
 20
0.0
 30
0.0
  0
XRECORD
  5
100002EE
102
{ACAD_REACTORS
330
100002DB
102
}
330
100002DB
100
AcDbXrecord
 10
0.0
 20
0.0
 30
0.0
  0
XRECORD
  5
100002EF
102
{ACAD_REACTORS
330
100002DB
102
}
330
100002DB
100
AcDbXrecord
 10
0.0
 20
0.0
 30
0.0
  0
XRECORD
  5
100002EC
102
{ACAD_REACTORS
330
100002DB
102
}
330
100002DB
100
AcDbXrecord
 10
0.0
 20
0.0
 30
0.0
  0
XRECORD
  5
100002E9
102
{ACAD_REACTORS
330
100002DB
102
}
330
100002DB
100
AcDbXrecord
340
0
  0
XRECORD
  5
100002EA
102
{ACAD_REACTORS
330
100002DB
102
}
330
100002DB
100
AcDbXrecord
 70
     0
  0
XRECORD
  5
100002DF
102
{ACAD_REACTORS
330
100002DB
102
}
330
100002DB
100
AcDbXrecord
  1

  0
XRECORD
  5
100002DC
102
{ACAD_REACTORS
330
100002DB
102
}
330
100002DB
100
AcDbXrecord
 90
        1
  0
XRECORD
  5
100002DD
102
{ACAD_REACTORS
330
100002DB
102
}
330
100002DB
100
AcDbXrecord
 90
       70
  0
XRECORD
  5
100002F4
102
{ACAD_REACTORS
330
100002DB
102
}
330
100002DB
100
AcDbXrecord
340
0
  0
XRECORD
  5
100002FA
102
{ACAD_REACTORS
330
100002DB
102
}
330
100002DB
100
AcDbXrecord
 10
0.0
 20
0.0
 30
0.0
  0
XRECORD
  5
100002F6
102
{ACAD_REACTORS
330
100002DB
102
}
330
100002DB
100
AcDbXrecord
 10
0.0
 20
0.0
 30
0.0
  0
XRECORD
  5
100002F9
102
{ACAD_REACTORS
330
100002DB
102
}
330
100002DB
100
AcDbXrecord
 10
0.0
 20
0.0
 30
0.0
  0
XRECORD
  5
100002F7
102
{ACAD_REACTORS
330
100002DB
102
}
330
100002DB
100
AcDbXrecord
 10
0.0
 20
0.0
 30
0.0
  0
XRECORD
  5
100002F8
102
{ACAD_REACTORS
330
100002DB
102
}
330
100002DB
100
AcDbXrecord
 10
0.0
 20
0.0
 30
0.0
  0
XRECORD
  5
100002F5
102
{ACAD_REACTORS
330
100002DB
102
}
330
100002DB
100
AcDbXrecord
 10
0.0
 20
0.0
 30
0.0
  0
XRECORD
  5
100002F2
102
{ACAD_REACTORS
330
100002DB
102
}
330
100002DB
100
AcDbXrecord
340
0
  0
XRECORD
  5
100002F3
102
{ACAD_REACTORS
330
100002DB
102
}
330
100002DB
100
AcDbXrecord
 70
     0
  0
XRECORD
  5
100002E7
102
{ACAD_REACTORS
330
100002DB
102
}
330
100002DB
100
AcDbXrecord
  1
{FAEB1C32-E019-11D5-929B-00C0DF256EC4}
  0
DICTIONARYVAR
  5
10000306
102
{ACAD_REACTORS
330
100002FC
102
}
330
100002FC
100
DictionaryVariables
280
     0
  1
1:1
  0
DICTIONARYVAR
  5
100002FE
102
{ACAD_REACTORS
330
100002FC
102
}
330
100002FC
100
DictionaryVariables
280
     0
  1
Standard
  0
DICTIONARYVAR
  5
100002FD
102
{ACAD_REACTORS
330
100002FC
102
}
330
100002FC
100
DictionaryVariables
280
     0
  1
Standard
  0
DICTIONARYVAR
  5
10000301
102
{ACAD_REACTORS
330
100002FC
102
}
330
100002FC
100
DictionaryVariables
280
     0
  1
2
  0
DICTIONARYVAR
  5
10000302
102
{ACAD_REACTORS
330
100002FC
102
}
330
100002FC
100
DictionaryVariables
280
     0
  1
1
  0
DICTIONARYVAR
  5
10000307
102
{ACAD_REACTORS
330
100002FC
102
}
330
100002FC
100
DictionaryVariables
280
     0
  1
1
  0
XRECORD
  5
10000003
102
{ACAD_REACTORS
330
10000001
102
}
330
10000001
100
AcDbXrecord
 70
     1
  0
XRECORD
  5
10000002
102
{ACAD_REACTORS
330
10000001
102
}
330
10000001
100
AcDbXrecord
1040
89.0
  0
ACAD_PROXY_OBJECT
  5
10000005
102
{ACAD_REACTORS
330
10000001
102
}
330
10000001
100
AcDbProxyObject
 90
      499
 91
      509
 93
       34
310
40C8804000
  0
DICTIONARY
  5
1000030A
330
45
100
AcDbDictionary
280
     1
  3
ACAD_XREC_ROUNDTRIP
360
1000030B
  0
DICTIONARY
  5
10000308
330
44
100
AcDbDictionary
280
     1
  3
ACAD_XREC_ROUNDTRIP
360
10000309
  0
DICTIONARY
  5
1000030C
330
46
100
AcDbDictionary
280
     1
  3
ACAD_XREC_ROUNDTRIP
360
1000030D
  0
XRECORD
  5
1000030B
102
{ACAD_REACTORS
330
1000030A
102
}
330
1000030A
100
AcDbXrecord
102
MATERIAL
148
0.0
149
0.0
149
0.0
 93
        0
 94
      127
282
     0
 72
     1
 77
     1
171
     1
175
     1
179
     1
273
     0
  0
XRECORD
  5
10000309
102
{ACAD_REACTORS
330
10000308
102
}
330
10000308
100
AcDbXrecord
102
MATERIAL
148
0.0
149
0.0
149
0.0
 93
        0
 94
      127
282
     0
 72
     1
 77
     1
171
     1
175
     1
179
     1
273
     0
  0
XRECORD
  5
1000030D
102
{ACAD_REACTORS
330
1000030C
102
}
330
1000030C
100
AcDbXrecord
102
MATERIAL
148
0.0
149
0.0
149
0.0
 93
        0
 94
      127
282
     0
 72
     1
 77
     1
171
     1
175
     1
179
     1
273
     0
  0
ENDSEC
  0
EOF
