  0
SECTION
  2
HEADER
  9
$ACADVER
  1
AC1014
  9
$ACADMAINTVER
 70
     9
  9
$DWGCODEPAGE
  3
ANSI_1252
  9
$INSBASE
 10
0.0
 20
0.0
 30
0.0
  9
$EXTMIN
 10
1.000000000000000E+20
 20
1.000000000000000E+20
 30
1.000000000000000E+20
  9
$EXTMAX
 10
-1.000000000000000E+20
 20
-1.000000000000000E+20
 30
-1.000000000000000E+20
  9
$LIMMIN
 10
0.0
 20
0.0
  9
$LIMMAX
 10
12.0
 20
9.0
  9
$ORTHOMODE
 70
     0
  9
$REGENMODE
 70
     1
  9
$FILLMODE
 70
     1
  9
$QTEXTMODE
 70
     0
  9
$MIRRTEXT
 70
     1
  9
$DRAGMODE
 70
     2
  9
$LTSCALE
 40
1.0
  9
$OSMODE
 70
    37
  9
$ATTMODE
 70
     1
  9
$TEXTSIZE
 40
0.2
  9
$TRACEWID
 40
0.05
  9
$TEXTSTYLE
  7
STANDARD
  9
$CLAYER
  8
0
  9
$CELTYPE
  6
BYLAYER
  9
$CECOLOR
 62
   256
  9
$CELTSCALE
 40
1.0
  9
$DELOBJ
 70
     1
  9
$DISPSILH
 70
     0
  9
$DIMSCALE
 40
1.0
  9
$DIMASZ
 40
0.18
  9
$DIMEXO
 40
0.0625
  9
$DIMDLI
 40
0.38
  9
$DIMRND
 40
0.0
  9
$DIMDLE
 40
0.0
  9
$DIMEXE
 40
0.18
  9
$DIMTP
 40
0.0
  9
$DIMTM
 40
0.0
  9
$DIMTXT
 40
0.18
  9
$DIMCEN
 40
0.09
  9
$DIMTSZ
 40
0.0
  9
$DIMTOL
 70
     0
  9
$DIMLIM
 70
     0
  9
$DIMTIH
 70
     1
  9
$DIMTOH
 70
     1
  9
$DIMSE1
 70
     0
  9
$DIMSE2
 70
     0
  9
$DIMTAD
 70
     0
  9
$DIMZIN
 70
     0
  9
$DIMBLK
  1

  9
$DIMASO
 70
     1
  9
$DIMSHO
 70
     1
  9
$DIMPOST
  1

  9
$DIMAPOST
  1

  9
$DIMALT
 70
     0
  9
$DIMALTD
 70
     2
  9
$DIMALTF
 40
25.4
  9
$DIMLFAC
 40
1.0
  9
$DIMTOFL
 70
     0
  9
$DIMTVP
 40
0.0
  9
$DIMTIX
 70
     0
  9
$DIMSOXD
 70
     0
  9
$DIMSAH
 70
     0
  9
$DIMBLK1
  1

  9
$DIMBLK2
  1

  9
$DIMSTYLE
  2
STANDARD
  9
$DIMCLRD
 70
     0
  9
$DIMCLRE
 70
     0
  9
$DIMCLRT
 70
     0
  9
$DIMTFAC
 40
1.0
  9
$DIMGAP
 40
0.09
  9
$DIMJUST
 70
     0
  9
$DIMSD1
 70
     0
  9
$DIMSD2
 70
     0
  9
$DIMTOLJ
 70
     1
  9
$DIMTZIN
 70
     0
  9
$DIMALTZ
 70
     0
  9
$DIMALTTZ
 70
     0
  9
$DIMFIT
 70
     3
  9
$DIMUPT
 70
     0
  9
$DIMUNIT
 70
     2
  9
$DIMDEC
 70
     4
  9
$DIMTDEC
 70
     4
  9
$DIMALTU
 70
     2
  9
$DIMALTTD
 70
     2
  9
$DIMTXSTY
  7
STANDARD
  9
$DIMAUNIT
 70
     0
  9
$LUNITS
 70
     2
  9
$LUPREC
 70
     4
  9
$SKETCHINC
 40
0.1
  9
$FILLETRAD
 40
0.0
  9
$AUNITS
 70
     0
  9
$AUPREC
 70
     0
  9
$MENU
  1
.
  9
$ELEVATION
 40
0.0
  9
$PELEVATION
 40
0.0
  9
$THICKNESS
 40
0.0
  9
$LIMCHECK
 70
     0
  9
$CHAMFERA
 40
0.0
  9
$CHAMFERB
 40
0.0
  9
$CHAMFERC
 40
0.0
  9
$CHAMFERD
 40
0.0
  9
$SKPOLY
 70
     0
  9
$TDCREATE
 40
2460922.773258507
  9
$TDUPDATE
 40
2460922.773258611
  9
$TDINDWG
 40
0.0000000116
  9
$TDUSRTIMER
 40
0.0000000116
  9
$USRTIMER
 70
     1
  9
$ANGBASE
 50
0.0
  9
$ANGDIR
 70
     0
  9
$PDMODE
 70
     0
  9
$PDSIZE
 40
0.0
  9
$PLINEWID
 40
0.0
  9
$COORDS
 70
     1
  9
$SPLFRAME
 70
     0
  9
$SPLINETYPE
 70
     6
  9
$SPLINESEGS
 70
     8
  9
$ATTDIA
 70
     0
  9
$ATTREQ
 70
     1
  9
$HANDLING
 70
     1
  9
$HANDSEED
  5
100003D7
  9
$SURFTAB1
 70
     6
  9
$SURFTAB2
 70
     6
  9
$SURFTYPE
 70
     6
  9
$SURFU
 70
     6
  9
$SURFV
 70
     6
  9
$UCSNAME
  2

  9
$UCSORG
 10
0.0
 20
0.0
 30
0.0
  9
$UCSXDIR
 10
1.0
 20
0.0
 30
0.0
  9
$UCSYDIR
 10
0.0
 20
1.0
 30
0.0
  9
$PUCSNAME
  2

  9
$PUCSORG
 10
0.0
 20
0.0
 30
0.0
  9
$PUCSXDIR
 10
1.0
 20
0.0
 30
0.0
  9
$PUCSYDIR
 10
0.0
 20
1.0
 30
0.0
  9
$USERI1
 70
     0
  9
$USERI2
 70
     0
  9
$USERI3
 70
     0
  9
$USERI4
 70
     0
  9
$USERI5
 70
     0
  9
$USERR1
 40
0.0
  9
$USERR2
 40
0.0
  9
$USERR3
 40
0.0
  9
$USERR4
 40
0.0
  9
$USERR5
 40
0.0
  9
$WORLDVIEW
 70
     1
  9
$SHADEDGE
 70
     3
  9
$SHADEDIF
 70
    70
  9
$TILEMODE
 70
     1
  9
$MAXACTVP
 70
    64
  9
$PINSBASE
 10
0.0
 20
0.0
 30
0.0
  9
$PLIMCHECK
 70
     0
  9
$PEXTMIN
 10
1.000000000000000E+20
 20
1.000000000000000E+20
 30
1.000000000000000E+20
  9
$PEXTMAX
 10
-1.000000000000000E+20
 20
-1.000000000000000E+20
 30
-1.000000000000000E+20
  9
$PLIMMIN
 10
0.0
 20
0.0
  9
$PLIMMAX
 10
12.0
 20
9.0
  9
$UNITMODE
 70
     0
  9
$VISRETAIN
 70
     1
  9
$PLINEGEN
 70
     0
  9
$PSLTSCALE
 70
     1
  9
$TREEDEPTH
 70
  3020
  9
$PICKSTYLE
 70
     1
  9
$CMLSTYLE
  2
STANDARD
  9
$CMLJUST
 70
     0
  9
$CMLSCALE
 40
1.0
  9
$PROXYGRAPHICS
 70
     1
  9
$MEASUREMENT
 70
     0
  0
ENDSEC
  0
SECTION
  2
CLASSES
  0
CLASS
  1
ACDBDICTIONARYWDFLT
  2
AcDbDictionaryWithDefault
  3
ObjectDBX Classes
 90
        0
280
     0
281
     0
  0
CLASS
  1
VISUALSTYLE
  2
AcDbVisualStyle
  3
ObjectDBX Classes
 90
     4095
280
     0
281
     0
  0
CLASS
  1
MATERIAL
  2
AcDbMaterial
  3
ObjectDBX Classes
 90
     1153
280
     0
281
     0
  0
CLASS
  1
SCALE
  2
AcDbScale
  3
ObjectDBX Classes
 90
     1153
280
     0
281
     0
  0
CLASS
  1
TABLESTYLE
  2
AcDbTableStyle
  3
ObjectDBX Classes
 90
     4095
280
     0
281
     0
  0
CLASS
  1
MLEADERSTYLE
  2
AcDbMLeaderStyle
  3
ACDB_MLEADERSTYLE_CLASS
 90
     4095
280
     0
281
     0
  0
CLASS
  1
SUN
  2
AcDbSun
  3
SCENEOE
 90
     1153
280
     0
281
     0
  0
CLASS
  1
SORTENTSTABLE
  2
AcDbSortentsTable
  3
ObjectDBX Classes
 90
        0
280
     0
281
     0
  0
CLASS
  1
DICTIONARYVAR
  2
AcDbDictionaryVar
  3
ObjectDBX Classes
 90
        0
280
     0
281
     0
  0
CLASS
  1
XRECORD
  2
AcDbXrecord
  3
ObjectDBX Classes
 90
        0
280
     0
281
     0
  0
CLASS
  1
LWPOLYLINE
  2
AcDbPolyline
  3
ObjectDBX Classes
 90
        0
280
     0
281
     1
  0
CLASS
  1
HATCH
  2
AcDbHatch
  3
ObjectDBX Classes
 90
        0
280
     0
281
     1
  0
CLASS
  1
ACDBPLACEHOLDER
  2
AcDbPlaceHolder
  3
ObjectDBX Classes
 90
        0
280
     0
281
     0
  0
CLASS
  1
LAYOUT
  2
AcDbLayout
  3
ObjectDBX Classes
 90
        0
280
     0
281
     0
  0
ENDSEC
  0
SECTION
  2
TABLES
  0
TABLE
  2
VPORT
  5
8
102
{ACAD_XDICTIONARY
360
100003CC
102
}
330
0
100
AcDbSymbolTable
 70
     1
  0
VPORT
  5
29
330
8
100
AcDbSymbolTableRecord
100
AcDbViewportTableRecord
  2
*ACTIVE
 70
     0
 10
0.0
 20
0.0
 11
1.0
 21
1.0
 12
10.42990654205607
 22
4.5
 13
0.0
 23
0.0
 14
0.5
 24
0.5
 15
0.5
 25
0.5
 16
0.0
 26
0.0
 36
1.0
 17
0.0
 27
0.0
 37
0.0
 40
9.0
 41
1.972972972850329
 42
50.0
 43
0.0
 44
0.0
 50
0.0
 51
0.0
 71
     0
 72
   100
 73
     1
 74
     3
 75
     0
 76
     0
 77
     0
 78
     0
  0
ENDTAB
  0
TABLE
  2
LTYPE
  5
5
330
0
100
AcDbSymbolTable
 70
     7
  0
LTYPE
  5
14
330
5
100
AcDbSymbolTableRecord
100
AcDbLinetypeTableRecord
  2
BYBLOCK
 70
     0
  3

 72
    65
 73
     0
 40
0.0
  0
LTYPE
  5
15
330
5
100
AcDbSymbolTableRecord
100
AcDbLinetypeTableRecord
  2
BYLAYER
 70
     0
  3

 72
    65
 73
     0
 40
0.0
  0
LTYPE
  5
16
330
5
100
AcDbSymbolTableRecord
100
AcDbLinetypeTableRecord
  2
CONTINUOUS
 70
     0
  3
Solid line
 72
    65
 73
     0
 40
0.0
  0
LTYPE
  5
10000024
330
5
100
AcDbSymbolTableRecord
100
AcDbLinetypeTableRecord
  2
ONS_PHANTOM
 70
     0
  3
Onshape Phantom line ______ __ __ ______
 72
    65
 73
     6
 40
0.4999999999999999
 49
0.25
 74
     0
 49
-0.05
 74
     0
 49
0.05
 74
     0
 49
-0.05
 74
     0
 49
0.05
 74
     0
 49
-0.05
 74
     0
  0
LTYPE
  5
10000025
330
5
100
AcDbSymbolTableRecord
100
AcDbLinetypeTableRecord
  2
CENTER
 70
     0
  3
Center line ____ _ ____ _ ____ _
 72
    65
 73
     4
 40
0.7199999999999999
 49
0.45
 74
     0
 49
-0.09
 74
     0
 49
0.09
 74
     0
 49
-0.09
 74
     0
  0
LTYPE
  5
10000026
330
5
100
AcDbSymbolTableRecord
100
AcDbLinetypeTableRecord
  2
DASHED
 70
     0
  3
Dashed line __ __ __ __ __
 72
    65
 73
     2
 40
0.75
 49
0.5
 74
     0
 49
-0.25
 74
     0
  0
LTYPE
  5
10000027
330
5
100
AcDbSymbolTableRecord
100
AcDbLinetypeTableRecord
  2
ONS_DASHDOT
 70
     0
  3
Onshape Dashed with Dot _ . ____ . ____
 72
    65
 73
     4
 40
0.71
 49
0.5
 74
     0
 49
-0.1
 74
     0
 49
0.01
 74
     0
 49
-0.1
 74
     0
  0
LTYPE
  5
10000028
330
5
100
AcDbSymbolTableRecord
100
AcDbLinetypeTableRecord
  2
ONS_DOTTED
 70
     0
  3
Onshape Dotted line . . . . . . .
 72
    65
 73
     2
 40
0.11
 49
0.01
 74
     0
 49
-0.1
 74
     0
  0
LTYPE
  5
10000029
330
5
100
AcDbSymbolTableRecord
100
AcDbLinetypeTableRecord
  2
HIDDEN
 70
     0
  3
Hidden line ____ ____ ____ ____ 
 72
    65
 73
     2
 40
0.15
 49
0.1
 74
     0
 49
-0.05
 74
     0
  0
ENDTAB
  0
TABLE
  2
LAYER
  5
2
330
0
100
AcDbSymbolTable
 70
    48
  0
LAYER
  5
10
330
2
100
AcDbSymbolTableRecord
100
AcDbLayerTableRecord
  2
0
 70
     0
 62
     7
  6
CONTINUOUS
  0
LAYER
  5
1000002A
330
2
100
AcDbSymbolTableRecord
100
AcDbLayerTableRecord
  2
SECTION_CUTTING_LINE
 70
     0
 62
     7
  6
ONS_PHANTOM
  0
LAYER
  5
1000002B
330
2
100
AcDbSymbolTableRecord
100
AcDbLayerTableRecord
  2
DETAIL_VIEW_BORDER
 70
     0
 62
     7
  6
CONTINUOUS
  0
LAYER
  5
1000002C
330
2
100
AcDbSymbolTableRecord
100
AcDbLayerTableRecord
  2
DETAIL_VIEW_PARENT_BORDER
 70
     0
 62
     7
  6
ONS_PHANTOM
  0
LAYER
  5
1000002D
330
2
100
AcDbSymbolTableRecord
100
AcDbLayerTableRecord
  2
TEXT
 70
     0
 62
     7
  6
CONTINUOUS
  0
LAYER
  5
1000002E
330
2
100
AcDbSymbolTableRecord
100
AcDbLayerTableRecord
  2
SKETCHED_GEOMETRY
 70
     0
 62
    -7
  6
CONTINUOUS
  0
LAYER
  5
1000002F
330
2
100
AcDbSymbolTableRecord
100
AcDbLayerTableRecord
  2
VIRTUAL_SHARPS
 70
     0
 62
    -7
  6
CONTINUOUS
  0
LAYER
  5
10000030
330
2
100
AcDbSymbolTableRecord
100
AcDbLayerTableRecord
  2
CENTERLINES
 70
     0
 62
    -7
  6
CENTER
  0
LAYER
  5
10000031
330
2
100
AcDbSymbolTableRecord
100
AcDbLayerTableRecord
  2
CENTERMARKS
 70
     0
 62
    -7
  6
CONTINUOUS
  0
LAYER
  5
10000032
330
2
100
AcDbSymbolTableRecord
100
AcDbLayerTableRecord
  2
TABLES
 70
     0
 62
     7
  6
CONTINUOUS
  0
LAYER
  5
10000033
330
2
100
AcDbSymbolTableRecord
100
AcDbLayerTableRecord
  2
IMAGES
 70
     0
 62
    -7
  6
CONTINUOUS
  0
LAYER
  5
10000034
330
2
100
AcDbSymbolTableRecord
100
AcDbLayerTableRecord
  2
ANNOTATION_LINES
 70
     0
 62
    -7
  6
CONTINUOUS
  0
LAYER
  5
10000035
330
2
100
AcDbSymbolTableRecord
100
AcDbLayerTableRecord
  2
ANNOTATION_TEXT
 70
     0
 62
    -7
  6
CONTINUOUS
  0
LAYER
  5
10000036
330
2
100
AcDbSymbolTableRecord
100
AcDbLayerTableRecord
  2
SIDE_THREAD_SYMBOLS
 70
     0
 62
     7
  6
HIDDEN
  0
LAYER
  5
10000037
330
2
100
AcDbSymbolTableRecord
100
AcDbLayerTableRecord
  2
SIDE_THREAD_SYMBOLS_HIDDEN
 70
     0
 62
    -7
  6
HIDDEN
  0
LAYER
  5
10000038
330
2
100
AcDbSymbolTableRecord
100
AcDbLayerTableRecord
  2
SURFACE_THREAD_SYMBOLS
 70
     0
 62
     7
  6
HIDDEN
  0
LAYER
  5
10000039
330
2
100
AcDbSymbolTableRecord
100
AcDbLayerTableRecord
  2
SURFACE_THREAD_SYMBOLS_ON_
 70
     0
 62
     7
  6
HIDDEN
  0
LAYER
  5
1000003A
330
2
100
AcDbSymbolTableRecord
100
AcDbLayerTableRecord
  2
SURFACE_THREAD_SYMBOLS_HID
 70
     0
 62
    -7
  6
HIDDEN
  0
LAYER
  5
1000003B
330
2
100
AcDbSymbolTableRecord
100
AcDbLayerTableRecord
  2
BLIND_THREAD_SYMBOLS
 70
     0
 62
     7
  6
CONTINUOUS
  0
LAYER
  5
1000003C
330
2
100
AcDbSymbolTableRecord
100
AcDbLayerTableRecord
  2
BLIND_THREAD_SYMBOLS_HIDDE
 70
     0
 62
    -7
  6
HIDDEN
  0
LAYER
  5
1000003D
330
2
100
AcDbSymbolTableRecord
100
AcDbLayerTableRecord
  2
EXPLODE_LINES
 70
     0
 62
     7
  6
ONS_PHANTOM
  0
LAYER
  5
1000003E
330
2
100
AcDbSymbolTableRecord
100
AcDbLayerTableRecord
  2
HIDDEN_EXPLODE_LINES
 70
     0
 62
    -7
  6
ONS_PHANTOM
  0
LAYER
  5
1000003F
330
2
100
AcDbSymbolTableRecord
100
AcDbLayerTableRecord
  2
BREAK_LINES
 70
     0
 62
    -7
  6
CONTINUOUS
  0
LAYER
  5
10000040
330
2
100
AcDbSymbolTableRecord
100
AcDbLayerTableRecord
  2
SHEETMETAL_BEND_LINES_UP
 70
     0
 62
     7
  6
CENTER
  0
LAYER
  5
10000041
330
2
100
AcDbSymbolTableRecord
100
AcDbLayerTableRecord
  2
SHEETMETAL_BEND_LINES_DOWN
 70
     0
 62
     7
  6
CENTER
  0
LAYER
  5
10000042
330
2
100
AcDbSymbolTableRecord
100
AcDbLayerTableRecord
  2
SHEETMETAL_BEND_TANGENT_LI
 70
     0
 62
     7
  6
CONTINUOUS
  0
LAYER
  5
10000043
330
2
100
AcDbSymbolTableRecord
100
AcDbLayerTableRecord
  2
SHEETMETAL_CUT_LINES
 70
     0
 62
     7
  6
CONTINUOUS
  0
LAYER
  5
10000044
330
2
100
AcDbSymbolTableRecord
100
AcDbLayerTableRecord
  2
SHEETMETAL_CBORE_CSINK_UP
 70
     0
 62
     7
  6
CONTINUOUS
  0
LAYER
  5
10000045
330
2
100
AcDbSymbolTableRecord
100
AcDbLayerTableRecord
  2
SHEETMETAL_CBORE_CSINK_DOW
 70
     0
 62
     7
  6
CONTINUOUS
  0
LAYER
  5
10000046
330
2
100
AcDbSymbolTableRecord
100
AcDbLayerTableRecord
  2
SHEETMETAL_CBORE_CSINK_UP_
 70
     0
 62
    -7
  6
HIDDEN
  0
LAYER
  5
10000047
330
2
100
AcDbSymbolTableRecord
100
AcDbLayerTableRecord
  2
SHEETMETAL_CBORE_CSINK_DO0
 70
     0
 62
    -7
  6
HIDDEN
  0
LAYER
  5
10000048
330
2
100
AcDbSymbolTableRecord
100
AcDbLayerTableRecord
  2
SHEETMETAL_FORM_TEAR
 70
     0
 62
     7
  6
CONTINUOUS
  0
LAYER
  5
10000049
330
2
100
AcDbSymbolTableRecord
100
AcDbLayerTableRecord
  2
SHEETMETAL_FORM_UP
 70
     0
 62
     7
  6
CENTER
  0
LAYER
  5
1000004A
330
2
100
AcDbSymbolTableRecord
100
AcDbLayerTableRecord
  2
SHEETMETAL_FORM_DOWN
 70
     0
 62
     7
  6
CENTER
  0
LAYER
  5
1000004B
330
2
100
AcDbSymbolTableRecord
100
AcDbLayerTableRecord
  2
SHEETMETAL_FORM_CENTERMARK
 70
     0
 62
     7
  6
CENTER
  0
LAYER
  5
1000004C
330
2
100
AcDbSymbolTableRecord
100
AcDbLayerTableRecord
  2
REGION_ASSOC_POINTS
 70
     0
 62
    -7
  6
CONTINUOUS
  0
LAYER
  5
1000004D
330
2
100
AcDbSymbolTableRecord
100
AcDbLayerTableRecord
  2
PATTERN_CENTERLINES
 70
     1
 62
    -7
  6
CENTER
  0
LAYER
  5
1000004E
330
2
100
AcDbSymbolTableRecord
100
AcDbLayerTableRecord
  2
HIDDEN
 70
     0
 62
    -7
  6
HIDDEN
  0
LAYER
  5
1000004F
330
2
100
AcDbSymbolTableRecord
100
AcDbLayerTableRecord
  2
VISIBLE
 70
     0
 62
     7
  6
CONTINUOUS
  0
LAYER
  5
10000050
330
2
100
AcDbSymbolTableRecord
100
AcDbLayerTableRecord
  2
MODELSKETCH_VISIBLE
 70
     0
 62
     7
  6
CONTINUOUS
  0
LAYER
  5
10000051
330
2
100
AcDbSymbolTableRecord
100
AcDbLayerTableRecord
  2
MODELSKETCH_POINT
 70
     0
 62
     7
  6
CONTINUOUS
  0
LAYER
  5
10000052
330
2
100
AcDbSymbolTableRecord
100
AcDbLayerTableRecord
  2
MODELSKETCH_CONSTRUCTION
 70
     0
 62
    -7
  6
CENTER
  0
LAYER
  5
10000053
330
2
100
AcDbSymbolTableRecord
100
AcDbLayerTableRecord
  2
HIDDEN_BASE_VIEW
 70
     0
 62
     7
  6
CONTINUOUS
  0
LAYER
  5
10000054
330
2
100
AcDbSymbolTableRecord
100
AcDbLayerTableRecord
  2
TANGENT_LINES
 70
     0
 62
    -7
  6
CONTINUOUS
  0
LAYER
  5
10000055
330
2
100
AcDbSymbolTableRecord
100
AcDbLayerTableRecord
  2
TANGENT_HIDDEN
 70
     0
 62
    -7
  6
HIDDEN
  0
LAYER
  5
10000056
330
2
100
AcDbSymbolTableRecord
100
AcDbLayerTableRecord
  2
INVISIBLE_LINES
 70
     0
 62
    -7
  6
CONTINUOUS
  0
LAYER
  5
10000057
330
2
100
AcDbSymbolTableRecord
100
AcDbLayerTableRecord
  2
VIEW_HATCHES
 70
     0
 62
    -7
  6
CONTINUOUS
  0
LAYER
  5
10000058
330
2
100
AcDbSymbolTableRecord
100
AcDbLayerTableRecord
  2
SECTION_JOG_LINES
 70
     0
 62
    -7
  6
CONTINUOUS
  0
ENDTAB
  0
TABLE
  2
STYLE
  5
3
330
0
100
AcDbSymbolTable
 70
     2
  0
STYLE
  5
11
330
3
100
AcDbSymbolTableRecord
100
AcDbTextStyleTableRecord
  2
STANDARD
 70
     0
 40
0.0
 41
1.0
 50
0.0
 71
     0
 42
0.2
  3
txt
  4

  0
STYLE
  5
10000004
330
3
100
AcDbSymbolTableRecord
100
AcDbTextStyleTableRecord
  2
TTFSTYLE
 70
     0
 40
0.0
 41
1.0
 50
0.0
 71
     0
 42
0.2
  3

  4

1001
ACAD
1000
Verdana
1071
       34
  0
ENDTAB
  0
TABLE
  2
VIEW
  5
6
330
0
100
AcDbSymbolTable
 70
     0
  0
ENDTAB
  0
TABLE
  2
UCS
  5
7
330
0
100
AcDbSymbolTable
 70
     0
  0
ENDTAB
  0
TABLE
  2
APPID
  5
9
330
0
100
AcDbSymbolTable
 70
     2
  0
APPID
  5
12
330
9
100
AcDbSymbolTableRecord
100
AcDbRegAppTableRecord
  2
ACAD
 70
     0
  0
APPID
  5
100003D6
330
9
100
AcDbSymbolTableRecord
100
AcDbRegAppTableRecord
  2
ACAD_MLEADERVER
 70
     0
  0
ENDTAB
  0
TABLE
  2
DIMSTYLE
  5
A
330
0
100
AcDbSymbolTable
 70
     1
  0
DIMSTYLE
105
27
330
A
100
AcDbSymbolTableRecord
100
AcDbDimStyleTableRecord
  2
STANDARD
 70
     0
  3

  4

  5

  6

  7

 40
1.0
 41
0.18
 42
0.0625
 43
0.38
 44
0.18
 45
0.0
 46
0.0
 47
0.0
 48
0.0
140
0.18
141
0.09
142
0.0
143
25.4
144
1.0
145
0.0
146
1.0
147
0.09
 71
     0
 72
     0
 73
     1
 74
     1
 75
     0
 76
     0
 77
     0
 78
     0
170
     0
171
     2
172
     0
173
     0
174
     0
175
     0
176
     0
177
     0
178
     0
270
     2
271
     4
272
     4
273
     2
274
     2
340
11
275
     0
280
     0
281
     0
282
     0
283
     1
284
     0
285
     0
286
     0
287
     3
288
     0
  0
ENDTAB
  0
TABLE
  2
BLOCK_RECORD
  5
1
330
0
100
AcDbSymbolTable
 70
     0
  0
BLOCK_RECORD
  5
1F
102
{ACAD_XDICTIONARY
360
100003A1
102
}
330
1
100
AcDbSymbolTableRecord
100
AcDbBlockTableRecord
  2
*MODEL_SPACE
  0
BLOCK_RECORD
  5
1B
330
1
100
AcDbSymbolTableRecord
100
AcDbBlockTableRecord
  2
*PAPER_SPACE
  0
ENDTAB
  0
ENDSEC
  0
SECTION
  2
BLOCKS
  0
BLOCK
  5
20
330
1F
100
AcDbEntity
  8
0
100
AcDbBlockBegin
  2
*MODEL_SPACE
 70
     0
 10
0.0
 20
0.0
 30
0.0
  3
*MODEL_SPACE
  1

  0
ENDBLK
  5
21
330
1F
100
AcDbEntity
  8
0
100
AcDbBlockEnd
  0
BLOCK
  5
1C
330
1B
100
AcDbEntity
 67
     1
  8
0
100
AcDbBlockBegin
  2
*PAPER_SPACE
 70
     0
 10
0.0
 20
0.0
 30
0.0
  3
*PAPER_SPACE
  1

  0
ENDBLK
  5
1D
330
1B
100
AcDbEntity
 67
     1
  8
0
100
AcDbBlockEnd
  0
ENDSEC
  0
SECTION
  2
ENTITIES
  0
LINE
  5
10000059
102
{ACAD_XDICTIONARY
360
1000005A
102
}
330
1F
100
AcDbEntity
  8
MODELSKETCH_VISIBLE
100
AcDbLine
 10
16.52672692263285
 20
6.434280822307247
 30
0.0
 11
16.70103840812817
 21
8.426670218490734
 31
0.0
  0
LINE
  5
1000005D
102
{ACAD_XDICTIONARY
360
1000005E
102
}
330
1F
100
AcDbEntity
  8
MODELSKETCH_VISIBLE
100
AcDbLine
 10
17.83229824110033
 20
8.696400954584657
 30
0.0
 11
16.70103840812817
 21
8.426670218490734
 31
0.0
  0
LINE
  5
10000061
102
{ACAD_XDICTIONARY
360
10000062
102
}
330
1F
100
AcDbEntity
  8
MODELSKETCH_VISIBLE
100
AcDbLine
 10
19.28727957482745
 20
9.033107674715449
 30
0.0
 11
17.83229824110033
 21
8.696400954584659
 31
0.0
  0
LINE
  5
10000065
102
{ACAD_XDICTIONARY
360
10000066
102
}
330
1F
100
AcDbEntity
  8
MODELSKETCH_VISIBLE
100
AcDbLine
 10
21.07814574944468
 20
9.407613900756324
 30
0.0
 11
19.28727957482745
 21
9.033107674715449
 31
0.0
  0
LINE
  5
10000069
102
{ACAD_XDICTIONARY
360
1000006A
102
}
330
1F
100
AcDbEntity
  8
MODELSKETCH_VISIBLE
100
AcDbLine
 10
22.98102685054815
 20
9.733565797289517
 30
0.0
 11
21.07814574944468
 21
9.407613900756324
 31
0.0
  0
LINE
  5
1000006D
102
{ACAD_XDICTIONARY
360
1000006E
102
}
330
1F
100
AcDbEntity
  8
MODELSKETCH_VISIBLE
100
AcDbLine
 10
25.04530572325634
 20
9.989557726610148
 30
0.0
 11
22.98102685054815
 21
9.733565797289517
 31
0.0
  0
LINE
  5
10000071
102
{ACAD_XDICTIONARY
360
10000072
102
}
330
1F
100
AcDbEntity
  8
MODELSKETCH_VISIBLE
100
AcDbLine
 10
26.46556643969739
 20
10.10624207934791
 30
0.0
 11
25.04530572325634
 21
9.989557726610148
 31
0.0
  0
LINE
  5
10000075
102
{ACAD_XDICTIONARY
360
10000076
102
}
330
1F
100
AcDbEntity
  8
MODELSKETCH_VISIBLE
100
AcDbLine
 10
27.9839106033882
 20
10.18041088378867
 30
0.0
 11
26.46556643969739
 21
10.10624207934792
 31
0.0
  0
LINE
  5
10000079
102
{ACAD_XDICTIONARY
360
1000007A
102
}
330
1F
100
AcDbEntity
  8
MODELSKETCH_VISIBLE
100
AcDbLine
 10
29.61306422174846
 20
10.20654788618878
 30
0.0
 11
27.9839106033882
 21
10.18041088378867
 31
0.0
  0
LINE
  5
1000007D
102
{ACAD_XDICTIONARY
360
1000007E
102
}
330
1F
100
AcDbEntity
  8
MODELSKETCH_VISIBLE
100
AcDbLine
 10
31.36575330219789
 20
10.17913683280461
 30
0.0
 11
29.61306422174846
 21
10.20654788618878
 31
0.0
  0
LINE
  5
10000081
102
{ACAD_XDICTIONARY
360
10000082
102
}
330
1F
100
AcDbEntity
  8
MODELSKETCH_VISIBLE
100
AcDbLine
 10
17.83229824110033
 20
6.596400954584658
 30
0.0
 11
16.70103840812817
 21
6.326670218490735
 31
0.0
  0
LINE
  5
10000085
102
{ACAD_XDICTIONARY
360
10000086
102
}
330
1F
100
AcDbEntity
  8
MODELSKETCH_VISIBLE
100
AcDbLine
 10
22.57628227890979
 20
7.706178951768439
 30
0.0
 11
21.26678924125113
 21
7.483677016021107
 31
0.0
  0
LINE
  5
10000089
102
{ACAD_XDICTIONARY
360
1000008A
102
}
330
1F
100
AcDbEntity
  8
MODELSKETCH_VISIBLE
100
AcDbLine
 10
19.28727957482745
 20
6.933107674715449
 30
0.0
 11
17.83229824110033
 21
6.596400954584659
 31
0.0
  0
LINE
  5
1000008D
102
{ACAD_XDICTIONARY
360
1000008E
102
}
330
1F
100
AcDbEntity
  8
MODELSKETCH_VISIBLE
100
AcDbLine
 10
23.95913143061536
 20
7.896883724007637
 30
0.0
 11
22.57628227890979
 21
7.706178951768439
 31
0.0
  0
LINE
  5
10000091
102
{ACAD_XDICTIONARY
360
10000092
102
}
330
1F
100
AcDbEntity
  8
MODELSKETCH_VISIBLE
100
AcDbLine
 10
21.26678924125113
 20
5.383677016021108
 30
0.0
 11
19.63624114786473
 21
5.055780010261318
 31
0.0
  0
LINE
  5
10000095
102
{ACAD_XDICTIONARY
360
10000096
102
}
330
1F
100
AcDbEntity
  8
MODELSKETCH_VISIBLE
100
AcDbLine
 10
25.43132033798859
 20
8.048863015001674
 30
0.0
 11
23.95913143061536
 21
7.896883724007637
 31
0.0
  0
LINE
  5
10000099
102
{ACAD_XDICTIONARY
360
1000009A
102
}
330
1F
100
AcDbEntity
  8
MODELSKETCH_VISIBLE
100
AcDbLine
 10
19.63624114786473
 20
5.055780010261317
 30
0.0
 11
18.06818487835126
 21
4.700795109137565
 31
0.0
  0
LINE
  5
1000009D
102
{ACAD_XDICTIONARY
360
1000009E
102
}
330
1F
100
AcDbEntity
  8
MODELSKETCH_VISIBLE
100
AcDbLine
 10
27.00883264265019
 20
8.155188507013532
 30
0.0
 11
25.43132033798859
 21
8.048863015001675
 31
0.0
  0
LINE
  5
100000A1
102
{ACAD_XDICTIONARY
360
100000A2
102
}
330
1F
100
AcDbEntity
  8
MODELSKETCH_VISIBLE
100
AcDbLine
 10
18.06818487835126
 20
4.700795109137566
 30
0.0
 11
16.52672692263285
 21
4.334280822307247
 31
0.0
  0
LINE
  5
100000A5
102
{ACAD_XDICTIONARY
360
100000A6
102
}
330
1F
100
AcDbEntity
  8
MODELSKETCH_VISIBLE
100
AcDbLine
 10
28.70765198623025
 20
8.208931882413038
 30
0.0
 11
27.00883264265019
 21
8.155188507013532
 31
0.0
  0
LINE
  5
100000A9
102
{ACAD_XDICTIONARY
360
100000AA
102
}
330
1F
100
AcDbEntity
  8
MODELSKETCH_VISIBLE
100
AcDbLine
 10
22.98102685054815
 20
-0.7664342027104831
 30
0.0
 11
21.07814574944468
 21
-1.092386099243675
 31
0.0
  0
ARC
  5
100000AD
102
{ACAD_XDICTIONARY
360
100000AE
102
}
330
1F
100
AcDbEntity
  8
MODELSKETCH_VISIBLE
100
AcDbCircle
 10
43.08788797828174
 20
-3.248029794455927
 30
0.0
 40
2.000000000000004
100
AcDbArc
 50
355.0000000000001
 51
85.00000000000001
  0
LINE
  5
100000B1
102
{ACAD_XDICTIONARY
360
100000B2
102
}
330
1F
100
AcDbEntity
  8
MODELSKETCH_VISIBLE
100
AcDbLine
 10
26.46556643969739
 20
-0.3937579206520855
 30
0.0
 11
25.04530572325634
 21
-0.5104422733898528
 31
0.0
  0
LINE
  5
100000B5
102
{ACAD_XDICTIONARY
360
100000B6
102
}
330
1F
100
AcDbEntity
  8
MODELSKETCH_VISIBLE
100
AcDbLine
 10
17.83229824110033
 20
-1.803599045415342
 30
0.0
 11
16.70103840812817
 21
-2.073329781509266
 31
0.0
  0
LINE
  5
100000B9
102
{ACAD_XDICTIONARY
360
100000BA
102
}
330
1F
100
AcDbEntity
  8
MODELSKETCH_VISIBLE
100
AcDbLine
 10
35.29264187904309
 20
-0.5583944562911717
 30
0.0
 11
43.26219946377705
 21
-1.255640398272434
 31
0.0
  0
LINE
  5
100000BD
102
{ACAD_XDICTIONARY
360
100000BE
102
}
330
1F
100
AcDbEntity
  8
MODELSKETCH_VISIBLE
100
AcDbLine
 10
19.28727957482745
 20
-1.466892325284551
 30
0.0
 11
17.83229824110033
 21
-1.803599045415341
 31
0.0
  0
LINE
  5
100000C1
102
{ACAD_XDICTIONARY
360
100000C2
102
}
330
1F
100
AcDbEntity
  8
MODELSKETCH_VISIBLE
100
AcDbLine
 10
29.61306422174846
 20
-0.293452113811221
 30
0.0
 11
27.9839106033882
 21
-0.3195891162113266
 31
0.0
  0
LINE
  5
100000C5
102
{ACAD_XDICTIONARY
360
100000C6
102
}
330
1F
100
AcDbEntity
  8
MODELSKETCH_VISIBLE
100
AcDbLine
 10
21.26678924125113
 20
-3.016322983978892
 30
0.0
 11
19.63624114786473
 21
-3.344219989738682
 31
0.0
  0
LINE
  5
100000C9
102
{ACAD_XDICTIONARY
360
100000CA
102
}
330
1F
100
AcDbEntity
  8
MODELSKETCH_VISIBLE
100
AcDbLine
 10
25.04530572325634
 20
-0.5104422733898522
 30
0.0
 11
22.98102685054815
 21
-0.7664342027104837
 31
0.0
  0
LINE
  5
100000CD
102
{ACAD_XDICTIONARY
360
100000CE
102
}
330
1F
100
AcDbEntity
  8
MODELSKETCH_VISIBLE
100
AcDbLine
 10
19.63624114786473
 20
-3.344219989738683
 30
0.0
 11
18.06818487835126
 21
-3.699204890862435
 31
0.0
  0
LINE
  5
100000D1
102
{ACAD_XDICTIONARY
360
100000D2
102
}
330
1F
100
AcDbEntity
  8
MODELSKETCH_VISIBLE
100
AcDbLine
 10
23.95913143061536
 20
-2.603116275992363
 30
0.0
 11
22.57628227890979
 21
-2.793821048231562
 31
0.0
  0
LINE
  5
100000D5
102
{ACAD_XDICTIONARY
360
100000D6
102
}
330
1F
100
AcDbEntity
  8
MODELSKETCH_VISIBLE
100
AcDbLine
 10
18.06818487835126
 20
-3.699204890862434
 30
0.0
 11
16.52672692263285
 21
-4.065719177692753
 31
0.0
  0
LINE
  5
100000D9
102
{ACAD_XDICTIONARY
360
100000DA
102
}
330
1F
100
AcDbEntity
  8
MODELSKETCH_VISIBLE
100
AcDbLine
 10
29.63596138930268
 20
-2.28617212398039
 30
0.0
 11
28.70765198623025
 21
-2.291068117586962
 31
0.0
  0
LINE
  5
100000DD
102
{ACAD_XDICTIONARY
360
100000DE
102
}
330
1F
100
AcDbEntity
  8
MODELSKETCH_VISIBLE
100
AcDbLine
 10
31.22070734392845
 20
0.8940338166077126
 30
0.0
 11
30.97165866940551
 21
0.915822752294627
 31
0.0
  0
LINE
  5
100000E1
102
{ACAD_XDICTIONARY
360
100000E2
102
}
330
1F
100
AcDbEntity
  8
MODELSKETCH_VISIBLE
100
AcDbLine
 10
27.9839106033882
 20
-0.3195891162113261
 30
0.0
 11
26.46556643969739
 21
-0.3937579206520836
 31
0.0
  0
LINE
  5
100000E5
102
{ACAD_XDICTIONARY
360
100000E6
102
}
330
1F
100
AcDbEntity
  8
MODELSKETCH_VISIBLE
100
AcDbLine
 10
28.70765198623025
 20
-0.1910681175869617
 30
0.0
 11
27.00883264265019
 21
-0.2448114929864673
 31
0.0
  0
LINE
  5
100000E9
102
{ACAD_XDICTIONARY
360
100000EA
102
}
330
1F
100
AcDbEntity
  8
MODELSKETCH_VISIBLE
100
AcDbLine
 10
32.80572495579438
 20
-2.383773646684506
 30
0.0
 11
31.12401076247837
 21
-2.311213166864818
 31
0.0
  0
LINE
  5
100000ED
102
{ACAD_XDICTIONARY
360
100000EE
102
}
330
1F
100
AcDbEntity
  8
MODELSKETCH_VISIBLE
100
AcDbLine
 10
30.97165866940551
 20
0.9158227522946274
 30
0.0
 11
30.87365997058408
 21
-0.2043075008369024
 31
0.0
  0
LINE
  5
100000F1
102
{ACAD_XDICTIONARY
360
100000F2
102
}
330
1F
100
AcDbEntity
  8
MODELSKETCH_VISIBLE
100
AcDbLine
 10
21.07814574944468
 20
-1.092386099243676
 30
0.0
 11
19.28727957482745
 21
-1.466892325284551
 31
0.0
  0
LINE
  5
100000F5
102
{ACAD_XDICTIONARY
360
100000F6
102
}
330
1F
100
AcDbEntity
  8
MODELSKETCH_VISIBLE
100
AcDbLine
 10
35.11833039354777
 20
-0.4507838524746638
 30
0.0
 11
32.80572495579438
 21
-0.283773646684505
 31
0.0
  0
LINE
  5
100000F9
102
{ACAD_XDICTIONARY
360
100000FA
102
}
330
1F
100
AcDbEntity
  8
MODELSKETCH_VISIBLE
100
AcDbLine
 10
35.11833039354777
 20
-2.550783852474664
 30
0.0
 11
45.08027737446523
 21
-3.422341279951242
 31
0.0
  0
LINE
  5
100000FD
102
{ACAD_XDICTIONARY
360
100000FE
102
}
330
1F
100
AcDbEntity
  8
MODELSKETCH_VISIBLE
100
AcDbLine
 10
31.36575330219789
 20
1.779136832804609
 30
0.0
 11
29.61306422174846
 21
1.806547886188778
 31
0.0
  0
LINE
  5
10000101
102
{ACAD_XDICTIONARY
360
10000102
102
}
330
1F
100
AcDbEntity
  8
MODELSKETCH_VISIBLE
100
AcDbLine
 10
33.2547038521562
 20
-0.4073385301074989
 30
0.0
 11
31.36575330219789
 21
-0.3208631671953899
 31
0.0
  0
LINE
  5
10000105
102
{ACAD_XDICTIONARY
360
10000106
102
}
330
1F
100
AcDbEntity
  8
MODELSKETCH_VISIBLE
100
AcDbLine
 10
30.87365997058408
 20
-0.2043075008369024
 30
0.0
 11
29.63596138930268
 21
-0.1861721239803897
 31
0.0
  0
LINE
  5
10000109
102
{ACAD_XDICTIONARY
360
1000010A
102
}
330
1F
100
AcDbEntity
  8
MODELSKETCH_VISIBLE
100
AcDbLine
 10
17.83229824110033
 20
4.496400954584658
 30
0.0
 11
16.70103840812817
 21
4.226670218490734
 31
0.0
  0
LINE
  5
1000010D
102
{ACAD_XDICTIONARY
360
1000010E
102
}
330
1F
100
AcDbEntity
  8
MODELSKETCH_VISIBLE
100
AcDbLine
 10
19.28727957482745
 20
4.833107674715449
 30
0.0
 11
17.83229824110033
 21
4.496400954584659
 31
0.0
  0
LINE
  5
10000111
102
{ACAD_XDICTIONARY
360
10000112
102
}
330
1F
100
AcDbEntity
  8
MODELSKETCH_VISIBLE
100
AcDbLine
 10
21.26678924125113
 20
3.283677016021108
 30
0.0
 11
19.63624114786473
 21
2.955780010261317
 31
0.0
  0
LINE
  5
10000115
102
{ACAD_XDICTIONARY
360
10000116
102
}
330
1F
100
AcDbEntity
  8
MODELSKETCH_VISIBLE
100
AcDbLine
 10
19.63624114786473
 20
2.955780010261317
 30
0.0
 11
18.06818487835126
 21
2.600795109137565
 31
0.0
  0
LINE
  5
10000119
102
{ACAD_XDICTIONARY
360
1000011A
102
}
330
1F
100
AcDbEntity
  8
MODELSKETCH_VISIBLE
100
AcDbLine
 10
18.06818487835126
 20
2.600795109137566
 30
0.0
 11
16.52672692263285
 21
2.234280822307247
 31
0.0
  0
LINE
  5
1000011D
102
{ACAD_XDICTIONARY
360
1000011E
102
}
330
1F
100
AcDbEntity
  8
MODELSKETCH_VISIBLE
100
AcDbLine
 10
31.22070734392845
 20
7.194033816607713
 30
0.0
 11
30.97165866940551
 21
7.215822752294628
 31
0.0
  0
LINE
  5
10000121
102
{ACAD_XDICTIONARY
360
10000122
102
}
330
1F
100
AcDbEntity
  8
MODELSKETCH_VISIBLE
100
AcDbLine
 10
28.70765198623025
 20
6.108931882413039
 30
0.0
 11
27.00883264265019
 21
6.055188507013533
 31
0.0
  0
LINE
  5
10000125
102
{ACAD_XDICTIONARY
360
10000126
102
}
330
1F
100
AcDbEntity
  8
MODELSKETCH_VISIBLE
100
AcDbLine
 10
30.97165866940551
 20
7.215822752294628
 30
0.0
 11
30.87365997058408
 21
6.095692499163097
 31
0.0
  0
LINE
  5
10000129
102
{ACAD_XDICTIONARY
360
1000012A
102
}
330
1F
100
AcDbEntity
  8
MODELSKETCH_VISIBLE
100
AcDbLine
 10
31.22070734392845
 20
9.294033816607712
 30
0.0
 11
31.12401076247837
 21
8.188786833135183
 31
0.0
  0
LINE
  5
1000012D
102
{ACAD_XDICTIONARY
360
1000012E
102
}
330
1F
100
AcDbEntity
  8
MODELSKETCH_VISIBLE
100
AcDbLine
 10
31.22070734392845
 20
-1.205966183392287
 30
0.0
 11
30.97165866940551
 21
-1.184177247705373
 31
0.0
  0
LINE
  5
10000131
102
{ACAD_XDICTIONARY
360
10000132
102
}
330
1F
100
AcDbEntity
  8
MODELSKETCH_VISIBLE
100
AcDbLine
 10
35.11833039354777
 20
5.849216147525336
 30
0.0
 11
32.80572495579438
 21
6.016226353315495
 31
0.0
  0
LINE
  5
10000135
102
{ACAD_XDICTIONARY
360
10000136
102
}
330
1F
100
AcDbEntity
  8
MODELSKETCH_VISIBLE
100
AcDbLine
 10
31.22070734392845
 20
9.294033816607712
 30
0.0
 11
30.97165866940551
 21
9.315822752294627
 31
0.0
  0
LINE
  5
10000139
102
{ACAD_XDICTIONARY
360
1000013A
102
}
330
1F
100
AcDbEntity
  8
MODELSKETCH_VISIBLE
100
AcDbLine
 10
28.70765198623025
 20
-2.291068117586962
 30
0.0
 11
27.00883264265019
 21
-2.344811492986467
 31
0.0
  0
LINE
  5
1000013D
102
{ACAD_XDICTIONARY
360
1000013E
102
}
330
1F
100
AcDbEntity
  8
MODELSKETCH_VISIBLE
100
AcDbLine
 10
31.36575330219789
 20
8.07913683280461
 30
0.0
 11
29.61306422174846
 21
8.106547886188778
 31
0.0
  0
LINE
  5
10000141
102
{ACAD_XDICTIONARY
360
10000142
102
}
330
1F
100
AcDbEntity
  8
MODELSKETCH_VISIBLE
100
AcDbLine
 10
30.97165866940551
 20
9.315822752294627
 30
0.0
 11
30.87365997058408
 21
8.195692499163098
 31
0.0
  0
LINE
  5
10000145
102
{ACAD_XDICTIONARY
360
10000146
102
}
330
1F
100
AcDbEntity
  8
MODELSKETCH_VISIBLE
100
AcDbLine
 10
30.97165866940551
 20
-1.184177247705373
 30
0.0
 11
30.87365997058408
 21
-2.304307500836902
 31
0.0
  0
LINE
  5
10000149
102
{ACAD_XDICTIONARY
360
1000014A
102
}
330
1F
100
AcDbEntity
  8
MODELSKETCH_VISIBLE
100
AcDbLine
 10
30.87365997058408
 20
6.095692499163097
 30
0.0
 11
29.63596138930268
 21
6.11382787601961
 31
0.0
  0
LINE
  5
1000014D
102
{ACAD_XDICTIONARY
360
1000014E
102
}
330
1F
100
AcDbEntity
  8
MODELSKETCH_VISIBLE
100
AcDbLine
 10
29.63596138930268
 20
8.21382787601961
 30
0.0
 11
28.70765198623025
 21
8.208931882413038
 31
0.0
  0
LINE
  5
10000151
102
{ACAD_XDICTIONARY
360
10000152
102
}
330
1F
100
AcDbEntity
  8
MODELSKETCH_VISIBLE
100
AcDbLine
 10
31.22070734392845
 20
-3.305966183392287
 30
0.0
 11
30.97165866940551
 21
-3.284177247705373
 31
0.0
  0
LINE
  5
10000155
102
{ACAD_XDICTIONARY
360
10000156
102
}
330
1F
100
AcDbEntity
  8
MODELSKETCH_VISIBLE
100
AcDbLine
 10
35.11833039354777
 20
-2.550783852474664
 30
0.0
 11
32.80572495579438
 21
-2.383773646684505
 31
0.0
  0
LINE
  5
10000159
102
{ACAD_XDICTIONARY
360
1000015A
102
}
330
1F
100
AcDbEntity
  8
MODELSKETCH_VISIBLE
100
AcDbLine
 10
22.57628227890979
 20
5.606178951768439
 30
0.0
 11
21.26678924125113
 21
5.383677016021108
 31
0.0
  0
LINE
  5
1000015D
102
{ACAD_XDICTIONARY
360
1000015E
102
}
330
1F
100
AcDbEntity
  8
MODELSKETCH_VISIBLE
100
AcDbLine
 10
30.87365997058408
 20
8.195692499163098
 30
0.0
 11
29.63596138930268
 21
8.21382787601961
 31
0.0
  0
LINE
  5
10000161
102
{ACAD_XDICTIONARY
360
10000162
102
}
330
1F
100
AcDbEntity
  8
MODELSKETCH_VISIBLE
100
AcDbLine
 10
28.70765198623025
 20
-4.391068117586961
 30
0.0
 11
27.00883264265019
 21
-4.444811492986467
 31
0.0
  0
LINE
  5
10000165
102
{ACAD_XDICTIONARY
360
10000166
102
}
330
1F
100
AcDbEntity
  8
MODELSKETCH_VISIBLE
100
AcDbLine
 10
31.36575330219789
 20
-0.3208631671953912
 30
0.0
 11
29.61306422174846
 21
-0.2934521138112219
 31
0.0
  0
LINE
  5
10000169
102
{ACAD_XDICTIONARY
360
1000016A
102
}
330
1F
100
AcDbEntity
  8
MODELSKETCH_VISIBLE
100
AcDbLine
 10
16.52672692263285
 20
4.334280822307247
 30
0.0
 11
16.70103840812817
 21
6.326670218490735
 31
0.0
  0
LINE
  5
1000016D
102
{ACAD_XDICTIONARY
360
1000016E
102
}
330
1F
100
AcDbEntity
  8
MODELSKETCH_VISIBLE
100
AcDbLine
 10
18.06818487835126
 20
6.800795109137566
 30
0.0
 11
16.52672692263285
 21
6.434280822307247
 31
0.0
  0
LINE
  5
10000171
102
{ACAD_XDICTIONARY
360
10000172
102
}
330
1F
100
AcDbEntity
  8
MODELSKETCH_VISIBLE
100
AcDbLine
 10
30.97165866940551
 20
-3.284177247705373
 30
0.0
 11
30.87365997058408
 21
-4.404307500836903
 31
0.0
  0
LINE
  5
10000175
102
{ACAD_XDICTIONARY
360
10000176
102
}
330
1F
100
AcDbEntity
  8
MODELSKETCH_VISIBLE
100
AcDbLine
 10
30.87365997058408
 20
-2.304307500836902
 30
0.0
 11
29.63596138930268
 21
-2.28617212398039
 31
0.0
  0
LINE
  5
10000179
102
{ACAD_XDICTIONARY
360
1000017A
102
}
330
1F
100
AcDbEntity
  8
MODELSKETCH_VISIBLE
100
AcDbLine
 10
25.43132033798859
 20
5.948863015001675
 30
0.0
 11
23.95913143061536
 21
5.796883724007637
 31
0.0
  0
LINE
  5
1000017D
102
{ACAD_XDICTIONARY
360
1000017E
102
}
330
1F
100
AcDbEntity
  8
MODELSKETCH_VISIBLE
100
AcDbLine
 10
19.63624114786473
 20
7.155780010261317
 30
0.0
 11
18.06818487835126
 21
6.800795109137566
 31
0.0
  0
LINE
  5
10000181
102
{ACAD_XDICTIONARY
360
10000182
102
}
330
1F
100
AcDbEntity
  8
MODELSKETCH_VISIBLE
100
AcDbLine
 10
22.57628227890979
 20
-2.793821048231561
 30
0.0
 11
21.26678924125113
 21
-3.016322983978892
 31
0.0
  0
LINE
  5
10000185
102
{ACAD_XDICTIONARY
360
10000186
102
}
330
1F
100
AcDbEntity
  8
MODELSKETCH_VISIBLE
100
AcDbLine
 10
35.11833039354777
 20
-4.650783852474664
 30
0.0
 11
32.80572495579438
 21
-4.483773646684505
 31
0.0
  0
LINE
  5
10000189
102
{ACAD_XDICTIONARY
360
1000018A
102
}
330
1F
100
AcDbEntity
  8
MODELSKETCH_VISIBLE
100
AcDbLine
 10
21.26678924125113
 20
7.483677016021107
 30
0.0
 11
19.63624114786473
 21
7.155780010261318
 31
0.0
  0
LINE
  5
1000018D
102
{ACAD_XDICTIONARY
360
1000018E
102
}
330
1F
100
AcDbEntity
  8
MODELSKETCH_VISIBLE
100
AcDbLine
 10
16.52672692263285
 20
-4.065719177692753
 30
0.0
 11
16.70103840812817
 21
-2.073329781509266
 31
0.0
  0
LINE
  5
10000191
102
{ACAD_XDICTIONARY
360
10000192
102
}
330
1F
100
AcDbEntity
  8
MODELSKETCH_VISIBLE
100
AcDbLine
 10
31.36575330219789
 20
-2.420863167195391
 30
0.0
 11
29.61306422174846
 21
-2.393452113811222
 31
0.0
  0
LINE
  5
10000195
102
{ACAD_XDICTIONARY
360
10000196
102
}
330
1F
100
AcDbEntity
  8
MODELSKETCH_VISIBLE
100
AcDbLine
 10
32.80572495579438
 20
6.016226353315495
 30
0.0
 11
31.12401076247837
 21
6.088786833135182
 31
0.0
  0
LINE
  5
10000199
102
{ACAD_XDICTIONARY
360
1000019A
102
}
330
1F
100
AcDbEntity
  8
MODELSKETCH_VISIBLE
100
AcDbLine
 10
27.9839106033882
 20
8.080410883788675
 30
0.0
 11
26.46556643969739
 21
8.006242079347917
 31
0.0
  0
LINE
  5
1000019D
102
{ACAD_XDICTIONARY
360
1000019E
102
}
330
1F
100
AcDbEntity
  8
MODELSKETCH_VISIBLE
100
AcDbLine
 10
29.63596138930268
 20
6.11382787601961
 30
0.0
 11
28.70765198623025
 21
6.108931882413039
 31
0.0
  0
LINE
  5
100001A1
102
{ACAD_XDICTIONARY
360
100001A2
102
}
330
1F
100
AcDbEntity
  8
MODELSKETCH_VISIBLE
100
AcDbLine
 10
23.95913143061536
 20
5.796883724007637
 30
0.0
 11
22.57628227890979
 21
5.606178951768439
 31
0.0
  0
LINE
  5
100001A5
102
{ACAD_XDICTIONARY
360
100001A6
102
}
330
1F
100
AcDbEntity
  8
MODELSKETCH_VISIBLE
100
AcDbLine
 10
25.04530572325634
 20
7.889557726610148
 30
0.0
 11
22.98102685054815
 21
7.633565797289517
 31
0.0
  0
LINE
  5
100001A9
102
{ACAD_XDICTIONARY
360
100001AA
102
}
330
1F
100
AcDbEntity
  8
MODELSKETCH_VISIBLE
100
AcDbLine
 10
29.61306422174846
 20
8.106547886188778
 30
0.0
 11
27.9839106033882
 21
8.080410883788675
 31
0.0
  0
LINE
  5
100001AD
102
{ACAD_XDICTIONARY
360
100001AE
102
}
330
1F
100
AcDbEntity
  8
MODELSKETCH_VISIBLE
100
AcDbLine
 10
35.29264187904309
 20
7.841605543708829
 30
0.0
 11
43.26219946377705
 21
7.144359601727565
 31
0.0
  0
LINE
  5
100001B1
102
{ACAD_XDICTIONARY
360
100001B2
102
}
330
1F
100
AcDbEntity
  8
MODELSKETCH_VISIBLE
100
AcDbLine
 10
26.46556643969739
 20
8.006242079347915
 30
0.0
 11
25.04530572325634
 21
7.889557726610147
 31
0.0
  0
LINE
  5
100001B5
102
{ACAD_XDICTIONARY
360
100001B6
102
}
330
1F
100
AcDbEntity
  8
MODELSKETCH_VISIBLE
100
AcDbLine
 10
22.98102685054815
 20
7.633565797289517
 30
0.0
 11
21.07814574944468
 21
7.307613900756324
 31
0.0
  0
LINE
  5
100001B9
102
{ACAD_XDICTIONARY
360
100001BA
102
}
330
1F
100
AcDbEntity
  8
MODELSKETCH_VISIBLE
100
AcDbLine
 10
35.11833039354777
 20
7.949216147525336
 30
0.0
 11
32.80572495579438
 21
8.116226353315495
 31
0.0
  0
LINE
  5
100001BD
102
{ACAD_XDICTIONARY
360
100001BE
102
}
330
1F
100
AcDbEntity
  8
MODELSKETCH_VISIBLE
100
AcDbLine
 10
18.06818487835126
 20
-5.799204890862434
 30
0.0
 11
16.52672692263285
 21
-6.165719177692753
 31
0.0
  0
LINE
  5
100001C1
102
{ACAD_XDICTIONARY
360
100001C2
102
}
330
1F
100
AcDbEntity
  8
MODELSKETCH_VISIBLE
100
AcDbLine
 10
25.43132033798859
 20
-2.451136984998326
 30
0.0
 11
23.95913143061536
 21
-2.603116275992363
 31
0.0
  0
LINE
  5
100001C5
102
{ACAD_XDICTIONARY
360
100001C6
102
}
330
1F
100
AcDbEntity
  8
MODELSKETCH_VISIBLE
100
AcDbLine
 10
30.87365997058408
 20
-4.404307500836903
 30
0.0
 11
29.63596138930268
 21
-4.38617212398039
 31
0.0
  0
LINE
  5
100001C9
102
{ACAD_XDICTIONARY
360
100001CA
102
}
330
1F
100
AcDbEntity
  8
MODELSKETCH_VISIBLE
100
AcDbLine
 10
32.80572495579438
 20
8.116226353315495
 30
0.0
 11
31.12401076247837
 21
8.188786833135183
 31
0.0
  0
LINE
  5
100001CD
102
{ACAD_XDICTIONARY
360
100001CE
102
}
330
1F
100
AcDbEntity
  8
MODELSKETCH_VISIBLE
100
AcDbLine
 10
19.63624114786473
 20
-5.444219989738683
 30
0.0
 11
18.06818487835126
 21
-5.799204890862435
 31
0.0
  0
LINE
  5
100001D1
102
{ACAD_XDICTIONARY
360
100001D2
102
}
330
1F
100
AcDbEntity
  8
MODELSKETCH_VISIBLE
100
AcDbLine
 10
35.11833039354777
 20
7.949216147525336
 30
0.0
 11
45.08027737446523
 21
7.077658720048758
 31
0.0
  0
LINE
  5
100001D5
102
{ACAD_XDICTIONARY
360
100001D6
102
}
330
1F
100
AcDbEntity
  8
MODELSKETCH_VISIBLE
100
AcDbLine
 10
21.26678924125113
 20
-5.116322983978892
 30
0.0
 11
19.63624114786473
 21
-5.444219989738682
 31
0.0
  0
LINE
  5
100001D9
102
{ACAD_XDICTIONARY
360
100001DA
102
}
330
1F
100
AcDbEntity
  8
MODELSKETCH_VISIBLE
100
AcDbLine
 10
31.22070734392845
 20
-3.305966183392287
 30
0.0
 11
31.12401076247837
 21
-4.411213166864818
 31
0.0
  0
LINE
  5
100001DD
102
{ACAD_XDICTIONARY
360
100001DE
102
}
330
1F
100
AcDbEntity
  8
MODELSKETCH_VISIBLE
100
AcDbLine
 10
33.2547038521562
 20
10.0926614698925
 30
0.0
 11
31.36575330219789
 21
10.17913683280461
 31
0.0
  0
LINE
  5
100001E1
102
{ACAD_XDICTIONARY
360
100001E2
102
}
330
1F
100
AcDbEntity
  8
MODELSKETCH_VISIBLE
100
AcDbLine
 10
25.04530572325634
 20
-2.610442273389852
 30
0.0
 11
22.98102685054815
 21
-2.866434202710484
 31
0.0
  0
LINE
  5
100001E5
102
{ACAD_XDICTIONARY
360
100001E6
102
}
330
1F
100
AcDbEntity
  8
MODELSKETCH_VISIBLE
100
AcDbLine
 10
35.29264187904309
 20
-2.658394456291171
 30
0.0
 11
33.2547038521562
 21
-2.507338530107498
 31
0.0
  0
LINE
  5
100001E9
102
{ACAD_XDICTIONARY
360
100001EA
102
}
330
1F
100
AcDbEntity
  8
MODELSKETCH_VISIBLE
100
AcDbLine
 10
29.61306422174846
 20
-2.393452113811221
 30
0.0
 11
27.9839106033882
 21
-2.419589116211327
 31
0.0
  0
LINE
  5
100001ED
102
{ACAD_XDICTIONARY
360
100001EE
102
}
330
1F
100
AcDbEntity
  8
MODELSKETCH_VISIBLE
100
AcDbLine
 10
27.00883264265019
 20
-4.444811492986467
 30
0.0
 11
25.43132033798859
 21
-4.551136984998325
 31
0.0
  0
LINE
  5
100001F1
102
{ACAD_XDICTIONARY
360
100001F2
102
}
330
1F
100
AcDbEntity
  8
MODELSKETCH_VISIBLE
100
AcDbLine
 10
35.29264187904309
 20
-2.658394456291171
 30
0.0
 11
43.26219946377705
 21
-3.355640398272434
 31
0.0
  0
LINE
  5
100001F5
102
{ACAD_XDICTIONARY
360
100001F6
102
}
330
1F
100
AcDbEntity
  8
MODELSKETCH_VISIBLE
100
AcDbLine
 10
33.2547038521562
 20
-2.507338530107499
 30
0.0
 11
31.36575330219789
 21
-2.42086316719539
 31
0.0
  0
LINE
  5
100001F9
102
{ACAD_XDICTIONARY
360
100001FA
102
}
330
1F
100
AcDbEntity
  8
MODELSKETCH_VISIBLE
100
AcDbLine
 10
26.46556643969739
 20
-2.493757920652086
 30
0.0
 11
25.04530572325634
 21
-2.610442273389853
 31
0.0
  0
LINE
  5
100001FD
102
{ACAD_XDICTIONARY
360
100001FE
102
}
330
1F
100
AcDbEntity
  8
MODELSKETCH_VISIBLE
100
AcDbLine
 10
35.11833039354777
 20
-4.650783852474664
 30
0.0
 11
45.08027737446523
 21
-5.522341279951243
 31
0.0
  0
LINE
  5
10000201
102
{ACAD_XDICTIONARY
360
10000202
102
}
330
1F
100
AcDbEntity
  8
MODELSKETCH_VISIBLE
100
AcDbLine
 10
22.98102685054815
 20
-2.866434202710483
 30
0.0
 11
21.07814574944468
 21
-3.192386099243675
 31
0.0
  0
LINE
  5
10000205
102
{ACAD_XDICTIONARY
360
10000206
102
}
330
1F
100
AcDbEntity
  8
MODELSKETCH_VISIBLE
100
AcDbLine
 10
21.07814574944468
 20
-3.192386099243676
 30
0.0
 11
19.28727957482745
 21
-3.566892325284551
 31
0.0
  0
LINE
  5
10000209
102
{ACAD_XDICTIONARY
360
1000020A
102
}
330
1F
100
AcDbEntity
  8
MODELSKETCH_VISIBLE
100
AcDbLine
 10
25.43132033798859
 20
-4.551136984998325
 30
0.0
 11
23.95913143061536
 21
-4.703116275992363
 31
0.0
  0
LINE
  5
1000020D
102
{ACAD_XDICTIONARY
360
1000020E
102
}
330
1F
100
AcDbEntity
  8
MODELSKETCH_VISIBLE
100
AcDbLine
 10
32.80572495579438
 20
-4.483773646684505
 30
0.0
 11
31.12401076247837
 21
-4.411213166864818
 31
0.0
  0
LINE
  5
10000211
102
{ACAD_XDICTIONARY
360
10000212
102
}
330
1F
100
AcDbEntity
  8
MODELSKETCH_VISIBLE
100
AcDbLine
 10
16.52672692263285
 20
-6.165719177692753
 30
0.0
 11
16.70103840812817
 21
-4.173329781509265
 31
0.0
  0
LINE
  5
10000215
102
{ACAD_XDICTIONARY
360
10000216
102
}
330
1F
100
AcDbEntity
  8
MODELSKETCH_VISIBLE
100
AcDbLine
 10
22.57628227890979
 20
-4.893821048231561
 30
0.0
 11
21.26678924125113
 21
-5.116322983978892
 31
0.0
  0
LINE
  5
10000219
102
{ACAD_XDICTIONARY
360
1000021A
102
}
330
1F
100
AcDbEntity
  8
MODELSKETCH_VISIBLE
100
AcDbLine
 10
21.07814574944468
 20
7.307613900756324
 30
0.0
 11
19.28727957482745
 21
6.933107674715449
 31
0.0
  0
LINE
  5
1000021D
102
{ACAD_XDICTIONARY
360
1000021E
102
}
330
1F
100
AcDbEntity
  8
MODELSKETCH_VISIBLE
100
AcDbLine
 10
23.95913143061536
 20
-4.703116275992363
 30
0.0
 11
22.57628227890979
 21
-4.893821048231562
 31
0.0
  0
ARC
  5
10000221
102
{ACAD_XDICTIONARY
360
10000222
102
}
330
1F
100
AcDbEntity
  8
MODELSKETCH_VISIBLE
100
AcDbCircle
 10
43.08788797828174
 20
-5.348029794455927
 30
0.0
 40
2.000000000000004
100
AcDbArc
 50
355.0000000000001
 51
85.00000000000001
  0
LINE
  5
10000225
102
{ACAD_XDICTIONARY
360
10000226
102
}
330
1F
100
AcDbEntity
  8
MODELSKETCH_VISIBLE
100
AcDbLine
 10
35.29264187904309
 20
9.941605543708828
 30
0.0
 11
33.2547038521562
 21
10.0926614698925
 31
0.0
  0
LINE
  5
10000229
102
{ACAD_XDICTIONARY
360
1000022A
102
}
330
1F
100
AcDbEntity
  8
MODELSKETCH_VISIBLE
100
AcDbLine
 10
29.63596138930268
 20
-4.38617212398039
 30
0.0
 11
28.70765198623025
 21
-4.391068117586961
 31
0.0
  0
LINE
  5
1000022D
102
{ACAD_XDICTIONARY
360
1000022E
102
}
330
1F
100
AcDbEntity
  8
MODELSKETCH_VISIBLE
100
AcDbLine
 10
17.83229824110033
 20
-3.903599045415342
 30
0.0
 11
16.70103840812817
 21
-4.173329781509266
 31
0.0
  0
LINE
  5
10000231
102
{ACAD_XDICTIONARY
360
10000232
102
}
330
1F
100
AcDbEntity
  8
MODELSKETCH_VISIBLE
100
AcDbLine
 10
35.29264187904309
 20
9.941605543708828
 30
0.0
 11
43.26219946377705
 21
9.244359601727565
 31
0.0
  0
LINE
  5
10000235
102
{ACAD_XDICTIONARY
360
10000236
102
}
330
1F
100
AcDbEntity
  8
MODELSKETCH_VISIBLE
100
AcDbLine
 10
27.9839106033882
 20
-2.419589116211326
 30
0.0
 11
26.46556643969739
 21
-2.493757920652084
 31
0.0
  0
LINE
  5
10000239
102
{ACAD_XDICTIONARY
360
1000023A
102
}
330
1F
100
AcDbEntity
  8
MODELSKETCH_VISIBLE
100
AcDbLine
 10
19.28727957482745
 20
-3.566892325284551
 30
0.0
 11
17.83229824110033
 21
-3.903599045415341
 31
0.0
  0
ARC
  5
1000023D
102
{ACAD_XDICTIONARY
360
1000023E
102
}
330
1F
100
AcDbEntity
  8
MODELSKETCH_VISIBLE
100
AcDbCircle
 10
43.08788797828174
 20
7.251970205544073
 30
0.0
 40
2.000000000000004
100
AcDbArc
 50
355.0
 51
85.00000000000001
  0
ARC
  5
10000241
102
{ACAD_XDICTIONARY
360
10000242
102
}
330
1F
100
AcDbEntity
  8
MODELSKETCH_VISIBLE
100
AcDbCircle
 10
43.08788797828174
 20
5.151970205544073
 30
0.0
 40
2.000000000000004
100
AcDbArc
 50
355.0000000000001
 51
85.00000000000001
  0
ARC
  5
10000245
102
{ACAD_XDICTIONARY
360
10000246
102
}
330
1F
100
AcDbEntity
  8
MODELSKETCH_VISIBLE
100
AcDbCircle
 10
43.08788797828174
 20
3.051970205544073
 30
0.0
 40
2.000000000000004
100
AcDbArc
 50
355.0000000000001
 51
85.00000000000001
  0
LINE
  5
10000249
102
{ACAD_XDICTIONARY
360
1000024A
102
}
330
1F
100
AcDbEntity
  8
MODELSKETCH_VISIBLE
100
AcDbLine
 10
31.22070734392845
 20
7.194033816607713
 30
0.0
 11
31.12401076247837
 21
6.088786833135182
 31
0.0
  0
LINE
  5
1000024D
102
{ACAD_XDICTIONARY
360
1000024E
102
}
330
1F
100
AcDbEntity
  8
MODELSKETCH_VISIBLE
100
AcDbLine
 10
31.22070734392845
 20
5.094033816607713
 30
0.0
 11
31.12401076247837
 21
3.988786833135182
 31
0.0
  0
LINE
  5
10000251
102
{ACAD_XDICTIONARY
360
10000252
102
}
330
1F
100
AcDbEntity
  8
MODELSKETCH_VISIBLE
100
AcDbLine
 10
35.29264187904309
 20
7.841605543708829
 30
0.0
 11
33.2547038521562
 21
7.992661469892501
 31
0.0
  0
LINE
  5
10000255
102
{ACAD_XDICTIONARY
360
10000256
102
}
330
1F
100
AcDbEntity
  8
MODELSKETCH_VISIBLE
100
AcDbLine
 10
35.29264187904309
 20
5.741605543708828
 30
0.0
 11
33.2547038521562
 21
5.892661469892501
 31
0.0
  0
LINE
  5
10000259
102
{ACAD_XDICTIONARY
360
1000025A
102
}
330
1F
100
AcDbEntity
  8
MODELSKETCH_VISIBLE
100
AcDbLine
 10
27.00883264265019
 20
6.055188507013533
 30
0.0
 11
25.43132033798859
 21
5.948863015001676
 31
0.0
  0
LINE
  5
1000025D
102
{ACAD_XDICTIONARY
360
1000025E
102
}
330
1F
100
AcDbEntity
  8
MODELSKETCH_VISIBLE
100
AcDbLine
 10
33.2547038521562
 20
7.992661469892501
 30
0.0
 11
31.36575330219789
 21
8.07913683280461
 31
0.0
  0
LINE
  5
10000261
102
{ACAD_XDICTIONARY
360
10000262
102
}
330
1F
100
AcDbEntity
  8
MODELSKETCH_VISIBLE
100
AcDbLine
 10
35.11833039354777
 20
5.849216147525336
 30
0.0
 11
45.08027737446523
 21
4.977658720048757
 31
0.0
  0
LINE
  5
10000265
102
{ACAD_XDICTIONARY
360
10000266
102
}
330
1F
100
AcDbEntity
  8
MODELSKETCH_VISIBLE
100
AcDbLine
 10
27.00883264265019
 20
3.955188507013533
 30
0.0
 11
25.43132033798859
 21
3.848863015001675
 31
0.0
  0
LINE
  5
10000269
102
{ACAD_XDICTIONARY
360
1000026A
102
}
330
1F
100
AcDbEntity
  8
MODELSKETCH_VISIBLE
100
AcDbLine
 10
33.2547038521562
 20
5.892661469892501
 30
0.0
 11
31.36575330219789
 21
5.97913683280461
 31
0.0
  0
LINE
  5
1000026D
102
{ACAD_XDICTIONARY
360
1000026E
102
}
330
1F
100
AcDbEntity
  8
MODELSKETCH_VISIBLE
100
AcDbLine
 10
35.11833039354777
 20
3.749216147525336
 30
0.0
 11
45.08027737446523
 21
2.877658720048758
 31
0.0
  0
LINE
  5
10000271
102
{ACAD_XDICTIONARY
360
10000272
102
}
330
1F
100
AcDbEntity
  8
MODELSKETCH_VISIBLE
100
AcDbLine
 10
21.07814574944468
 20
5.207613900756324
 30
0.0
 11
19.28727957482745
 21
4.833107674715449
 31
0.0
  0
LINE
  5
10000275
102
{ACAD_XDICTIONARY
360
10000276
102
}
330
1F
100
AcDbEntity
  8
MODELSKETCH_VISIBLE
100
AcDbLine
 10
32.80572495579438
 20
3.916226353315495
 30
0.0
 11
31.12401076247837
 21
3.988786833135182
 31
0.0
  0
LINE
  5
10000279
102
{ACAD_XDICTIONARY
360
1000027A
102
}
330
1F
100
AcDbEntity
  8
MODELSKETCH_VISIBLE
100
AcDbLine
 10
27.9839106033882
 20
5.980410883788674
 30
0.0
 11
26.46556643969739
 21
5.906242079347916
 31
0.0
  0
LINE
  5
1000027D
102
{ACAD_XDICTIONARY
360
1000027E
102
}
330
1F
100
AcDbEntity
  8
MODELSKETCH_VISIBLE
100
AcDbLine
 10
29.63596138930268
 20
4.01382787601961
 30
0.0
 11
28.70765198623025
 21
4.008931882413038
 31
0.0
  0
LINE
  5
10000281
102
{ACAD_XDICTIONARY
360
10000282
102
}
330
1F
100
AcDbEntity
  8
MODELSKETCH_VISIBLE
100
AcDbLine
 10
23.95913143061536
 20
3.696883724007637
 30
0.0
 11
22.57628227890979
 21
3.506178951768439
 31
0.0
  0
LINE
  5
10000285
102
{ACAD_XDICTIONARY
360
10000286
102
}
330
1F
100
AcDbEntity
  8
MODELSKETCH_VISIBLE
100
AcDbLine
 10
25.04530572325634
 20
5.789557726610147
 30
0.0
 11
22.98102685054815
 21
5.533565797289516
 31
0.0
  0
LINE
  5
10000289
102
{ACAD_XDICTIONARY
360
1000028A
102
}
330
1F
100
AcDbEntity
  8
MODELSKETCH_VISIBLE
100
AcDbLine
 10
29.61306422174846
 20
6.006547886188779
 30
0.0
 11
27.9839106033882
 21
5.980410883788674
 31
0.0
  0
LINE
  5
1000028D
102
{ACAD_XDICTIONARY
360
1000028E
102
}
330
1F
100
AcDbEntity
  8
MODELSKETCH_VISIBLE
100
AcDbLine
 10
35.29264187904309
 20
5.741605543708828
 30
0.0
 11
43.26219946377705
 21
5.044359601727566
 31
0.0
  0
LINE
  5
10000291
102
{ACAD_XDICTIONARY
360
10000292
102
}
330
1F
100
AcDbEntity
  8
MODELSKETCH_VISIBLE
100
AcDbLine
 10
26.46556643969739
 20
5.906242079347915
 30
0.0
 11
25.04530572325634
 21
5.789557726610147
 31
0.0
  0
LINE
  5
10000295
102
{ACAD_XDICTIONARY
360
10000296
102
}
330
1F
100
AcDbEntity
  8
MODELSKETCH_VISIBLE
100
AcDbLine
 10
22.98102685054815
 20
5.533565797289516
 30
0.0
 11
21.07814574944468
 21
5.207613900756324
 31
0.0
  0
LINE
  5
10000299
102
{ACAD_XDICTIONARY
360
1000029A
102
}
330
1F
100
AcDbEntity
  8
MODELSKETCH_VISIBLE
100
AcDbLine
 10
25.43132033798859
 20
3.848863015001674
 30
0.0
 11
23.95913143061536
 21
3.696883724007637
 31
0.0
  0
LINE
  5
1000029D
102
{ACAD_XDICTIONARY
360
1000029E
102
}
330
1F
100
AcDbEntity
  8
MODELSKETCH_VISIBLE
100
AcDbLine
 10
16.52672692263285
 20
2.234280822307247
 30
0.0
 11
16.70103840812817
 21
4.226670218490734
 31
0.0
  0
LINE
  5
100002A1
102
{ACAD_XDICTIONARY
360
100002A2
102
}
330
1F
100
AcDbEntity
  8
MODELSKETCH_VISIBLE
100
AcDbLine
 10
22.57628227890979
 20
3.506178951768439
 30
0.0
 11
21.26678924125113
 21
3.283677016021108
 31
0.0
  0
LINE
  5
100002A5
102
{ACAD_XDICTIONARY
360
100002A6
102
}
330
1F
100
AcDbEntity
  8
MODELSKETCH_VISIBLE
100
AcDbLine
 10
30.87365997058408
 20
3.995692499163098
 30
0.0
 11
29.63596138930268
 21
4.01382787601961
 31
0.0
  0
LINE
  5
100002A9
102
{ACAD_XDICTIONARY
360
100002AA
102
}
330
1F
100
AcDbEntity
  8
MODELSKETCH_VISIBLE
100
AcDbLine
 10
31.36575330219789
 20
5.979136832804609
 30
0.0
 11
29.61306422174846
 21
6.006547886188778
 31
0.0
  0
LINE
  5
100002AD
102
{ACAD_XDICTIONARY
360
100002AE
102
}
330
1F
100
AcDbEntity
  8
MODELSKETCH_VISIBLE
100
AcDbLine
 10
35.11833039354777
 20
3.749216147525336
 30
0.0
 11
32.80572495579438
 21
3.916226353315495
 31
0.0
  0
LINE
  5
100002B1
102
{ACAD_XDICTIONARY
360
100002B2
102
}
330
1F
100
AcDbEntity
  8
MODELSKETCH_VISIBLE
100
AcDbLine
 10
30.97165866940551
 20
5.115822752294627
 30
0.0
 11
30.87365997058408
 21
3.995692499163098
 31
0.0
  0
LINE
  5
100002B5
102
{ACAD_XDICTIONARY
360
100002B6
102
}
330
1F
100
AcDbEntity
  8
MODELSKETCH_VISIBLE
100
AcDbLine
 10
28.70765198623025
 20
4.008931882413038
 30
0.0
 11
27.00883264265019
 21
3.955188507013533
 31
0.0
  0
LINE
  5
100002B9
102
{ACAD_XDICTIONARY
360
100002BA
102
}
330
1F
100
AcDbEntity
  8
MODELSKETCH_VISIBLE
100
AcDbLine
 10
31.22070734392845
 20
5.094033816607713
 30
0.0
 11
30.97165866940551
 21
5.115822752294627
 31
0.0
  0
LINE
  5
100002BD
102
{ACAD_XDICTIONARY
360
100002BE
102
}
330
1F
100
AcDbEntity
  8
MODELSKETCH_VISIBLE
100
AcDbLine
 10
18.06818487835126
 20
0.5007951091375663
 30
0.0
 11
16.52672692263285
 21
0.1342808223072467
 31
0.0
  0
LINE
  5
100002C1
102
{ACAD_XDICTIONARY
360
100002C2
102
}
330
1F
100
AcDbEntity
  8
MODELSKETCH_VISIBLE
100
AcDbLine
 10
19.63624114786473
 20
0.855780010261317
 30
0.0
 11
18.06818487835126
 21
0.5007951091375653
 31
0.0
  0
LINE
  5
100002C5
102
{ACAD_XDICTIONARY
360
100002C6
102
}
330
1F
100
AcDbEntity
  8
MODELSKETCH_VISIBLE
100
AcDbLine
 10
21.26678924125113
 20
1.183677016021107
 30
0.0
 11
19.63624114786473
 21
0.8557800102613176
 31
0.0
  0
LINE
  5
100002C9
102
{ACAD_XDICTIONARY
360
100002CA
102
}
330
1F
100
AcDbEntity
  8
MODELSKETCH_VISIBLE
100
AcDbLine
 10
19.28727957482745
 20
2.733107674715449
 30
0.0
 11
17.83229824110033
 21
2.396400954584659
 31
0.0
  0
LINE
  5
100002CD
102
{ACAD_XDICTIONARY
360
100002CE
102
}
330
1F
100
AcDbEntity
  8
MODELSKETCH_VISIBLE
100
AcDbLine
 10
17.83229824110033
 20
2.396400954584658
 30
0.0
 11
16.70103840812817
 21
2.126670218490734
 31
0.0
  0
ARC
  5
100002D1
102
{ACAD_XDICTIONARY
360
100002D2
102
}
330
1F
100
AcDbEntity
  8
MODELSKETCH_VISIBLE
100
AcDbCircle
 10
43.08788797828174
 20
0.9519702055440732
 30
0.0
 40
2.000000000000004
100
AcDbArc
 50
355.0000000000001
 51
85.00000000000001
  0
LINE
  5
100002D5
102
{ACAD_XDICTIONARY
360
100002D6
102
}
330
1F
100
AcDbEntity
  8
MODELSKETCH_VISIBLE
100
AcDbLine
 10
31.22070734392845
 20
2.994033816607713
 30
0.0
 11
31.12401076247837
 21
1.888786833135183
 31
0.0
  0
LINE
  5
100002D9
102
{ACAD_XDICTIONARY
360
100002DA
102
}
330
1F
100
AcDbEntity
  8
MODELSKETCH_VISIBLE
100
AcDbLine
 10
35.29264187904309
 20
3.641605543708828
 30
0.0
 11
33.2547038521562
 21
3.792661469892502
 31
0.0
  0
LINE
  5
100002DD
102
{ACAD_XDICTIONARY
360
100002DE
102
}
330
1F
100
AcDbEntity
  8
MODELSKETCH_VISIBLE
100
AcDbLine
 10
27.00883264265019
 20
1.855188507013533
 30
0.0
 11
25.43132033798859
 21
1.748863015001675
 31
0.0
  0
LINE
  5
100002E1
102
{ACAD_XDICTIONARY
360
100002E2
102
}
330
1F
100
AcDbEntity
  8
MODELSKETCH_VISIBLE
100
AcDbLine
 10
33.2547038521562
 20
3.792661469892501
 30
0.0
 11
31.36575330219789
 21
3.87913683280461
 31
0.0
  0
LINE
  5
100002E5
102
{ACAD_XDICTIONARY
360
100002E6
102
}
330
1F
100
AcDbEntity
  8
MODELSKETCH_VISIBLE
100
AcDbLine
 10
35.11833039354777
 20
1.649216147525336
 30
0.0
 11
45.08027737446523
 21
0.7776587200487578
 31
0.0
  0
LINE
  5
100002E9
102
{ACAD_XDICTIONARY
360
100002EA
102
}
330
1F
100
AcDbEntity
  8
MODELSKETCH_VISIBLE
100
AcDbLine
 10
21.07814574944468
 20
3.107613900756324
 30
0.0
 11
19.28727957482745
 21
2.733107674715448
 31
0.0
  0
LINE
  5
100002ED
102
{ACAD_XDICTIONARY
360
100002EE
102
}
330
1F
100
AcDbEntity
  8
MODELSKETCH_VISIBLE
100
AcDbLine
 10
32.80572495579438
 20
1.816226353315495
 30
0.0
 11
31.12401076247837
 21
1.888786833135182
 31
0.0
  0
LINE
  5
100002F1
102
{ACAD_XDICTIONARY
360
100002F2
102
}
330
1F
100
AcDbEntity
  8
MODELSKETCH_VISIBLE
100
AcDbLine
 10
27.9839106033882
 20
3.880410883788674
 30
0.0
 11
26.46556643969739
 21
3.806242079347916
 31
0.0
  0
LINE
  5
100002F5
102
{ACAD_XDICTIONARY
360
100002F6
102
}
330
1F
100
AcDbEntity
  8
MODELSKETCH_VISIBLE
100
AcDbLine
 10
29.63596138930268
 20
1.91382787601961
 30
0.0
 11
28.70765198623025
 21
1.908931882413038
 31
0.0
  0
LINE
  5
100002F9
102
{ACAD_XDICTIONARY
360
100002FA
102
}
330
1F
100
AcDbEntity
  8
MODELSKETCH_VISIBLE
100
AcDbLine
 10
23.95913143061536
 20
1.596883724007637
 30
0.0
 11
22.57628227890979
 21
1.406178951768438
 31
0.0
  0
LINE
  5
100002FD
102
{ACAD_XDICTIONARY
360
100002FE
102
}
330
1F
100
AcDbEntity
  8
MODELSKETCH_VISIBLE
100
AcDbLine
 10
25.04530572325634
 20
3.689557726610148
 30
0.0
 11
22.98102685054815
 21
3.433565797289516
 31
0.0
  0
LINE
  5
10000301
102
{ACAD_XDICTIONARY
360
10000302
102
}
330
1F
100
AcDbEntity
  8
MODELSKETCH_VISIBLE
100
AcDbLine
 10
29.61306422174846
 20
3.906547886188779
 30
0.0
 11
27.9839106033882
 21
3.880410883788673
 31
0.0
  0
LINE
  5
10000305
102
{ACAD_XDICTIONARY
360
10000306
102
}
330
1F
100
AcDbEntity
  8
MODELSKETCH_VISIBLE
100
AcDbLine
 10
35.29264187904309
 20
3.641605543708828
 30
0.0
 11
43.26219946377705
 21
2.944359601727566
 31
0.0
  0
LINE
  5
10000309
102
{ACAD_XDICTIONARY
360
1000030A
102
}
330
1F
100
AcDbEntity
  8
MODELSKETCH_VISIBLE
100
AcDbLine
 10
26.46556643969739
 20
3.806242079347915
 30
0.0
 11
25.04530572325634
 21
3.689557726610147
 31
0.0
  0
LINE
  5
1000030D
102
{ACAD_XDICTIONARY
360
1000030E
102
}
330
1F
100
AcDbEntity
  8
MODELSKETCH_VISIBLE
100
AcDbLine
 10
22.98102685054815
 20
3.433565797289517
 30
0.0
 11
21.07814574944468
 21
3.107613900756324
 31
0.0
  0
LINE
  5
10000311
102
{ACAD_XDICTIONARY
360
10000312
102
}
330
1F
100
AcDbEntity
  8
MODELSKETCH_VISIBLE
100
AcDbLine
 10
25.43132033798859
 20
1.748863015001674
 30
0.0
 11
23.95913143061536
 21
1.596883724007637
 31
0.0
  0
LINE
  5
10000315
102
{ACAD_XDICTIONARY
360
10000316
102
}
330
1F
100
AcDbEntity
  8
MODELSKETCH_VISIBLE
100
AcDbLine
 10
16.52672692263285
 20
0.1342808223072467
 30
0.0
 11
16.70103840812817
 21
2.126670218490735
 31
0.0
  0
LINE
  5
10000319
102
{ACAD_XDICTIONARY
360
1000031A
102
}
330
1F
100
AcDbEntity
  8
MODELSKETCH_VISIBLE
100
AcDbLine
 10
22.57628227890979
 20
1.406178951768439
 30
0.0
 11
21.26678924125113
 21
1.183677016021108
 31
0.0
  0
LINE
  5
1000031D
102
{ACAD_XDICTIONARY
360
1000031E
102
}
330
1F
100
AcDbEntity
  8
MODELSKETCH_VISIBLE
100
AcDbLine
 10
30.87365997058408
 20
1.895692499163098
 30
0.0
 11
29.63596138930268
 21
1.91382787601961
 31
0.0
  0
LINE
  5
10000321
102
{ACAD_XDICTIONARY
360
10000322
102
}
330
1F
100
AcDbEntity
  8
MODELSKETCH_VISIBLE
100
AcDbLine
 10
31.36575330219789
 20
3.879136832804609
 30
0.0
 11
29.61306422174846
 21
3.906547886188778
 31
0.0
  0
LINE
  5
10000325
102
{ACAD_XDICTIONARY
360
10000326
102
}
330
1F
100
AcDbEntity
  8
MODELSKETCH_VISIBLE
100
AcDbLine
 10
35.11833039354777
 20
1.649216147525336
 30
0.0
 11
32.80572495579438
 21
1.816226353315495
 31
0.0
  0
LINE
  5
10000329
102
{ACAD_XDICTIONARY
360
1000032A
102
}
330
1F
100
AcDbEntity
  8
MODELSKETCH_VISIBLE
100
AcDbLine
 10
30.97165866940551
 20
3.015822752294627
 30
0.0
 11
30.87365997058408
 21
1.895692499163098
 31
0.0
  0
LINE
  5
1000032D
102
{ACAD_XDICTIONARY
360
1000032E
102
}
330
1F
100
AcDbEntity
  8
MODELSKETCH_VISIBLE
100
AcDbLine
 10
28.70765198623025
 20
1.908931882413038
 30
0.0
 11
27.00883264265019
 21
1.855188507013533
 31
0.0
  0
LINE
  5
10000331
102
{ACAD_XDICTIONARY
360
10000332
102
}
330
1F
100
AcDbEntity
  8
MODELSKETCH_VISIBLE
100
AcDbLine
 10
31.22070734392845
 20
2.994033816607713
 30
0.0
 11
30.97165866940551
 21
3.015822752294627
 31
0.0
  0
LINE
  5
10000335
102
{ACAD_XDICTIONARY
360
10000336
102
}
330
1F
100
AcDbEntity
  8
MODELSKETCH_VISIBLE
100
AcDbLine
 10
18.06818487835126
 20
-1.599204890862434
 30
0.0
 11
16.52672692263285
 21
-1.965719177692753
 31
0.0
  0
LINE
  5
10000339
102
{ACAD_XDICTIONARY
360
1000033A
102
}
330
1F
100
AcDbEntity
  8
MODELSKETCH_VISIBLE
100
AcDbLine
 10
19.63624114786473
 20
-1.244219989738683
 30
0.0
 11
18.06818487835126
 21
-1.599204890862435
 31
0.0
  0
LINE
  5
1000033D
102
{ACAD_XDICTIONARY
360
1000033E
102
}
330
1F
100
AcDbEntity
  8
MODELSKETCH_VISIBLE
100
AcDbLine
 10
21.26678924125113
 20
-0.9163229839788926
 30
0.0
 11
19.63624114786473
 21
-1.244219989738683
 31
0.0
  0
LINE
  5
10000341
102
{ACAD_XDICTIONARY
360
10000342
102
}
330
1F
100
AcDbEntity
  8
MODELSKETCH_VISIBLE
100
AcDbLine
 10
19.28727957482745
 20
0.633107674715449
 30
0.0
 11
17.83229824110033
 21
0.2964009545846588
 31
0.0
  0
LINE
  5
10000345
102
{ACAD_XDICTIONARY
360
10000346
102
}
330
1F
100
AcDbEntity
  8
MODELSKETCH_VISIBLE
100
AcDbLine
 10
17.83229824110033
 20
0.2964009545846579
 30
0.0
 11
16.70103840812817
 21
0.0266702184907341
 31
0.0
  0
ARC
  5
10000349
102
{ACAD_XDICTIONARY
360
1000034A
102
}
330
1F
100
AcDbEntity
  8
MODELSKETCH_VISIBLE
100
AcDbCircle
 10
43.08788797828174
 20
-1.148029794455927
 30
0.0
 40
2.000000000000004
100
AcDbArc
 50
355.0000000000001
 51
85.00000000000001
  0
LINE
  5
1000034D
102
{ACAD_XDICTIONARY
360
1000034E
102
}
330
1F
100
AcDbEntity
  8
MODELSKETCH_VISIBLE
100
AcDbLine
 10
31.22070734392845
 20
0.8940338166077126
 30
0.0
 11
31.12401076247837
 21
-0.2112131668648168
 31
0.0
  0
LINE
  5
10000351
102
{ACAD_XDICTIONARY
360
10000352
102
}
330
1F
100
AcDbEntity
  8
MODELSKETCH_VISIBLE
100
AcDbLine
 10
35.29264187904309
 20
1.541605543708828
 30
0.0
 11
33.2547038521562
 21
1.692661469892501
 31
0.0
  0
LINE
  5
10000355
102
{ACAD_XDICTIONARY
360
10000356
102
}
330
1F
100
AcDbEntity
  8
MODELSKETCH_VISIBLE
100
AcDbLine
 10
27.00883264265019
 20
-0.2448114929864669
 30
0.0
 11
25.43132033798859
 21
-0.351136984998325
 31
0.0
  0
LINE
  5
10000359
102
{ACAD_XDICTIONARY
360
1000035A
102
}
330
1F
100
AcDbEntity
  8
MODELSKETCH_VISIBLE
100
AcDbLine
 10
33.2547038521562
 20
1.692661469892501
 30
0.0
 11
31.36575330219789
 21
1.77913683280461
 31
0.0
  0
LINE
  5
1000035D
102
{ACAD_XDICTIONARY
360
1000035E
102
}
330
1F
100
AcDbEntity
  8
MODELSKETCH_VISIBLE
100
AcDbLine
 10
35.11833039354777
 20
-0.4507838524746638
 30
0.0
 11
45.08027737446523
 21
-1.322341279951242
 31
0.0
  0
LINE
  5
10000361
102
{ACAD_XDICTIONARY
360
10000362
102
}
330
1F
100
AcDbEntity
  8
MODELSKETCH_VISIBLE
100
AcDbLine
 10
21.07814574944468
 20
1.007613900756324
 30
0.0
 11
19.28727957482745
 21
0.6331076747154486
 31
0.0
  0
LINE
  5
10000365
102
{ACAD_XDICTIONARY
360
10000366
102
}
330
1F
100
AcDbEntity
  8
MODELSKETCH_VISIBLE
100
AcDbLine
 10
32.80572495579438
 20
-0.2837736466845054
 30
0.0
 11
31.12401076247837
 21
-0.211213166864818
 31
0.0
  0
LINE
  5
10000369
102
{ACAD_XDICTIONARY
360
1000036A
102
}
330
1F
100
AcDbEntity
  8
MODELSKETCH_VISIBLE
100
AcDbLine
 10
27.9839106033882
 20
1.780410883788674
 30
0.0
 11
26.46556643969739
 21
1.706242079347916
 31
0.0
  0
LINE
  5
1000036D
102
{ACAD_XDICTIONARY
360
1000036E
102
}
330
1F
100
AcDbEntity
  8
MODELSKETCH_VISIBLE
100
AcDbLine
 10
29.63596138930268
 20
-0.1861721239803898
 30
0.0
 11
28.70765198623025
 21
-0.1910681175869617
 31
0.0
  0
LINE
  5
10000371
102
{ACAD_XDICTIONARY
360
10000372
102
}
330
1F
100
AcDbEntity
  8
MODELSKETCH_VISIBLE
100
AcDbLine
 10
23.95913143061536
 20
-0.5031162759923632
 30
0.0
 11
22.57628227890979
 21
-0.6938210482315617
 31
0.0
  0
LINE
  5
10000375
102
{ACAD_XDICTIONARY
360
10000376
102
}
330
1F
100
AcDbEntity
  8
MODELSKETCH_VISIBLE
100
AcDbLine
 10
25.04530572325634
 20
1.589557726610148
 30
0.0
 11
22.98102685054815
 21
1.333565797289516
 31
0.0
  0
LINE
  5
10000379
102
{ACAD_XDICTIONARY
360
1000037A
102
}
330
1F
100
AcDbEntity
  8
MODELSKETCH_VISIBLE
100
AcDbLine
 10
29.61306422174846
 20
1.806547886188779
 30
0.0
 11
27.9839106033882
 21
1.780410883788673
 31
0.0
  0
LINE
  5
1000037D
102
{ACAD_XDICTIONARY
360
1000037E
102
}
330
1F
100
AcDbEntity
  8
MODELSKETCH_VISIBLE
100
AcDbLine
 10
35.29264187904309
 20
1.541605543708828
 30
0.0
 11
43.26219946377705
 21
0.8443596017275657
 31
0.0
  0
LINE
  5
10000381
102
{ACAD_XDICTIONARY
360
10000382
102
}
330
1F
100
AcDbEntity
  8
MODELSKETCH_VISIBLE
100
AcDbLine
 10
26.46556643969739
 20
1.706242079347914
 30
0.0
 11
25.04530572325634
 21
1.589557726610147
 31
0.0
  0
LINE
  5
10000385
102
{ACAD_XDICTIONARY
360
10000386
102
}
330
1F
100
AcDbEntity
  8
MODELSKETCH_VISIBLE
100
AcDbLine
 10
22.98102685054815
 20
1.333565797289517
 30
0.0
 11
21.07814574944468
 21
1.007613900756325
 31
0.0
  0
LINE
  5
10000389
102
{ACAD_XDICTIONARY
360
1000038A
102
}
330
1F
100
AcDbEntity
  8
MODELSKETCH_VISIBLE
100
AcDbLine
 10
25.43132033798859
 20
-0.3511369849983256
 30
0.0
 11
23.95913143061536
 21
-0.503116275992363
 31
0.0
  0
LINE
  5
1000038D
102
{ACAD_XDICTIONARY
360
1000038E
102
}
330
1F
100
AcDbEntity
  8
MODELSKETCH_VISIBLE
100
AcDbLine
 10
31.22070734392845
 20
-1.205966183392287
 30
0.0
 11
31.12401076247837
 21
-2.311213166864817
 31
0.0
  0
LINE
  5
10000391
102
{ACAD_XDICTIONARY
360
10000392
102
}
330
1F
100
AcDbEntity
  8
MODELSKETCH_VISIBLE
100
AcDbLine
 10
16.52672692263285
 20
-1.965719177692753
 30
0.0
 11
16.70103840812817
 21
0.0266702184907345
 31
0.0
  0
LINE
  5
10000395
102
{ACAD_XDICTIONARY
360
10000396
102
}
330
1F
100
AcDbEntity
  8
MODELSKETCH_VISIBLE
100
AcDbLine
 10
35.29264187904309
 20
-0.5583944562911717
 30
0.0
 11
33.2547038521562
 21
-0.4073385301074985
 31
0.0
  0
LINE
  5
10000399
102
{ACAD_XDICTIONARY
360
1000039A
102
}
330
1F
100
AcDbEntity
  8
MODELSKETCH_VISIBLE
100
AcDbLine
 10
22.57628227890979
 20
-0.6938210482315611
 30
0.0
 11
21.26678924125113
 21
-0.9163229839788923
 31
0.0
  0
LINE
  5
1000039D
102
{ACAD_XDICTIONARY
360
1000039E
102
}
330
1F
100
AcDbEntity
  8
MODELSKETCH_VISIBLE
100
AcDbLine
 10
27.00883264265019
 20
-2.344811492986467
 30
0.0
 11
25.43132033798859
 21
-2.451136984998325
 31
0.0
  0
ENDSEC
  0
SECTION
  2
OBJECTS
  0
DICTIONARY
  5
C
330
0
100
AcDbDictionary
  3
ACAD_GROUP
350
D
  3
ACAD_LAYOUT
350
1A
  3
ACAD_MATERIAL
350
43
  3
ACAD_MLEADERSTYLE
350
5B
  3
ACAD_MLINESTYLE
350
17
  3
ACAD_PLOTSETTINGS
350
19
  3
ACAD_SCALELIST
350
47
  3
ACAD_VISUALSTYLE
350
2A
  3
ACDBHEADERROUNDTRIPXREC
350
100003A3
  3
ACDBVARIABLEDICTIONARY
350
100003C4
  3
DWGPROPS
350
100003CB
  3
ONSHAPE_DATA
350
10000001
  0
DICTIONARY
  5
100003CC
330
8
100
AcDbDictionary
280
     1
  3
ACAD_XREC_ROUNDTRIP
360
100003CD
  0
DICTIONARY
  5
100003A1
330
1F
100
AcDbDictionary
280
     1
  3
ACAD_SORTENTS
360
100003A2
  0
DICTIONARY
  5
1000005A
330
10000059
100
AcDbDictionary
280
     1
  3
BTDETID
360
1000005B
  3
BTPARTID
360
1000005C
  0
DICTIONARY
  5
1000005E
330
1000005D
100
AcDbDictionary
280
     1
  3
BTDETID
360
1000005F
  3
BTPARTID
360
10000060
  0
DICTIONARY
  5
10000062
330
10000061
100
AcDbDictionary
280
     1
  3
BTDETID
360
10000063
  3
BTPARTID
360
10000064
  0
DICTIONARY
  5
10000066
330
10000065
100
AcDbDictionary
280
     1
  3
BTDETID
360
10000067
  3
BTPARTID
360
10000068
  0
DICTIONARY
  5
1000006A
330
10000069
100
AcDbDictionary
280
     1
  3
BTDETID
360
1000006B
  3
BTPARTID
360
1000006C
  0
DICTIONARY
  5
1000006E
330
1000006D
100
AcDbDictionary
280
     1
  3
BTDETID
360
1000006F
  3
BTPARTID
360
10000070
  0
DICTIONARY
  5
10000072
330
10000071
100
AcDbDictionary
280
     1
  3
BTDETID
360
10000073
  3
BTPARTID
360
10000074
  0
DICTIONARY
  5
10000076
330
10000075
100
AcDbDictionary
280
     1
  3
BTDETID
360
10000077
  3
BTPARTID
360
10000078
  0
DICTIONARY
  5
1000007A
330
10000079
100
AcDbDictionary
280
     1
  3
BTDETID
360
1000007B
  3
BTPARTID
360
1000007C
  0
DICTIONARY
  5
1000007E
330
1000007D
100
AcDbDictionary
280
     1
  3
BTDETID
360
1000007F
  3
BTPARTID
360
10000080
  0
DICTIONARY
  5
10000082
330
10000081
100
AcDbDictionary
280
     1
  3
BTDETID
360
10000083
  3
BTPARTID
360
10000084
  0
DICTIONARY
  5
10000086
330
10000085
100
AcDbDictionary
280
     1
  3
BTDETID
360
10000087
  3
BTPARTID
360
10000088
  0
DICTIONARY
  5
1000008A
330
10000089
100
AcDbDictionary
280
     1
  3
BTDETID
360
1000008B
  3
BTPARTID
360
1000008C
  0
DICTIONARY
  5
1000008E
330
1000008D
100
AcDbDictionary
280
     1
  3
BTDETID
360
1000008F
  3
BTPARTID
360
10000090
  0
DICTIONARY
  5
10000092
330
10000091
100
AcDbDictionary
280
     1
  3
BTDETID
360
10000093
  3
BTPARTID
360
10000094
  0
DICTIONARY
  5
10000096
330
10000095
100
AcDbDictionary
280
     1
  3
BTDETID
360
10000097
  3
BTPARTID
360
10000098
  0
DICTIONARY
  5
1000009A
330
10000099
100
AcDbDictionary
280
     1
  3
BTDETID
360
1000009B
  3
BTPARTID
360
1000009C
  0
DICTIONARY
  5
1000009E
330
1000009D
100
AcDbDictionary
280
     1
  3
BTDETID
360
1000009F
  3
BTPARTID
360
100000A0
  0
DICTIONARY
  5
100000A2
330
100000A1
100
AcDbDictionary
280
     1
  3
BTDETID
360
100000A3
  3
BTPARTID
360
100000A4
  0
DICTIONARY
  5
100000A6
330
100000A5
100
AcDbDictionary
280
     1
  3
BTDETID
360
100000A7
  3
BTPARTID
360
100000A8
  0
DICTIONARY
  5
100000AA
330
100000A9
100
AcDbDictionary
280
     1
  3
BTDETID
360
100000AB
  3
BTPARTID
360
100000AC
  0
DICTIONARY
  5
100000AE
330
100000AD
100
AcDbDictionary
280
     1
  3
BTDETID
360
100000AF
  3
BTPARTID
360
100000B0
  0
DICTIONARY
  5
100000B2
330
100000B1
100
AcDbDictionary
280
     1
  3
BTDETID
360
100000B3
  3
BTPARTID
360
100000B4
  0
DICTIONARY
  5
100000B6
330
100000B5
100
AcDbDictionary
280
     1
  3
BTDETID
360
100000B7
  3
BTPARTID
360
100000B8
  0
DICTIONARY
  5
100000BA
330
100000B9
100
AcDbDictionary
280
     1
  3
BTDETID
360
100000BB
  3
BTPARTID
360
100000BC
  0
DICTIONARY
  5
100000BE
330
100000BD
100
AcDbDictionary
280
     1
  3
BTDETID
360
100000BF
  3
BTPARTID
360
100000C0
  0
DICTIONARY
  5
100000C2
330
100000C1
100
AcDbDictionary
280
     1
  3
BTDETID
360
100000C3
  3
BTPARTID
360
100000C4
  0
DICTIONARY
  5
100000C6
330
100000C5
100
AcDbDictionary
280
     1
  3
BTDETID
360
100000C7
  3
BTPARTID
360
100000C8
  0
DICTIONARY
  5
100000CA
330
100000C9
100
AcDbDictionary
280
     1
  3
BTDETID
360
100000CB
  3
BTPARTID
360
100000CC
  0
DICTIONARY
  5
100000CE
330
100000CD
100
AcDbDictionary
280
     1
  3
BTDETID
360
100000CF
  3
BTPARTID
360
100000D0
  0
DICTIONARY
  5
100000D2
330
100000D1
100
AcDbDictionary
280
     1
  3
BTDETID
360
100000D3
  3
BTPARTID
360
100000D4
  0
DICTIONARY
  5
100000D6
330
100000D5
100
AcDbDictionary
280
     1
  3
BTDETID
360
100000D7
  3
BTPARTID
360
100000D8
  0
DICTIONARY
  5
100000DA
330
100000D9
100
AcDbDictionary
280
     1
  3
BTDETID
360
100000DB
  3
BTPARTID
360
100000DC
  0
DICTIONARY
  5
100000DE
330
100000DD
100
AcDbDictionary
280
     1
  3
BTDETID
360
100000DF
  3
BTPARTID
360
100000E0
  0
DICTIONARY
  5
100000E2
330
100000E1
100
AcDbDictionary
280
     1
  3
BTDETID
360
100000E3
  3
BTPARTID
360
100000E4
  0
DICTIONARY
  5
100000E6
330
100000E5
100
AcDbDictionary
280
     1
  3
BTDETID
360
100000E7
  3
BTPARTID
360
100000E8
  0
DICTIONARY
  5
100000EA
330
100000E9
100
AcDbDictionary
280
     1
  3
BTDETID
360
100000EB
  3
BTPARTID
360
100000EC
  0
DICTIONARY
  5
100000EE
330
100000ED
100
AcDbDictionary
280
     1
  3
BTDETID
360
100000EF
  3
BTPARTID
360
100000F0
  0
DICTIONARY
  5
100000F2
330
100000F1
100
AcDbDictionary
280
     1
  3
BTDETID
360
100000F3
  3
BTPARTID
360
100000F4
  0
DICTIONARY
  5
100000F6
330
100000F5
100
AcDbDictionary
280
     1
  3
BTDETID
360
100000F7
  3
BTPARTID
360
100000F8
  0
DICTIONARY
  5
100000FA
330
100000F9
100
AcDbDictionary
280
     1
  3
BTDETID
360
100000FB
  3
BTPARTID
360
100000FC
  0
DICTIONARY
  5
100000FE
330
100000FD
100
AcDbDictionary
280
     1
  3
BTDETID
360
100000FF
  3
BTPARTID
360
10000100
  0
DICTIONARY
  5
10000102
330
10000101
100
AcDbDictionary
280
     1
  3
BTDETID
360
10000103
  3
BTPARTID
360
10000104
  0
DICTIONARY
  5
10000106
330
10000105
100
AcDbDictionary
280
     1
  3
BTDETID
360
10000107
  3
BTPARTID
360
10000108
  0
DICTIONARY
  5
1000010A
330
10000109
100
AcDbDictionary
280
     1
  3
BTDETID
360
1000010B
  3
BTPARTID
360
1000010C
  0
DICTIONARY
  5
1000010E
330
1000010D
100
AcDbDictionary
280
     1
  3
BTDETID
360
1000010F
  3
BTPARTID
360
10000110
  0
DICTIONARY
  5
10000112
330
10000111
100
AcDbDictionary
280
     1
  3
BTDETID
360
10000113
  3
BTPARTID
360
10000114
  0
DICTIONARY
  5
10000116
330
10000115
100
AcDbDictionary
280
     1
  3
BTDETID
360
10000117
  3
BTPARTID
360
10000118
  0
DICTIONARY
  5
1000011A
330
10000119
100
AcDbDictionary
280
     1
  3
BTDETID
360
1000011B
  3
BTPARTID
360
1000011C
  0
DICTIONARY
  5
1000011E
330
1000011D
100
AcDbDictionary
280
     1
  3
BTDETID
360
1000011F
  3
BTPARTID
360
10000120
  0
DICTIONARY
  5
10000122
330
10000121
100
AcDbDictionary
280
     1
  3
BTDETID
360
10000123
  3
BTPARTID
360
10000124
  0
DICTIONARY
  5
10000126
330
10000125
100
AcDbDictionary
280
     1
  3
BTDETID
360
10000127
  3
BTPARTID
360
10000128
  0
DICTIONARY
  5
1000012A
330
10000129
100
AcDbDictionary
280
     1
  3
BTDETID
360
1000012B
  3
BTPARTID
360
1000012C
  0
DICTIONARY
  5
1000012E
330
1000012D
100
AcDbDictionary
280
     1
  3
BTDETID
360
1000012F
  3
BTPARTID
360
10000130
  0
DICTIONARY
  5
10000132
330
10000131
100
AcDbDictionary
280
     1
  3
BTDETID
360
10000133
  3
BTPARTID
360
10000134
  0
DICTIONARY
  5
10000136
330
10000135
100
AcDbDictionary
280
     1
  3
BTDETID
360
10000137
  3
BTPARTID
360
10000138
  0
DICTIONARY
  5
1000013A
330
10000139
100
AcDbDictionary
280
     1
  3
BTDETID
360
1000013B
  3
BTPARTID
360
1000013C
  0
DICTIONARY
  5
1000013E
330
1000013D
100
AcDbDictionary
280
     1
  3
BTDETID
360
1000013F
  3
BTPARTID
360
10000140
  0
DICTIONARY
  5
10000142
330
10000141
100
AcDbDictionary
280
     1
  3
BTDETID
360
10000143
  3
BTPARTID
360
10000144
  0
DICTIONARY
  5
10000146
330
10000145
100
AcDbDictionary
280
     1
  3
BTDETID
360
10000147
  3
BTPARTID
360
10000148
  0
DICTIONARY
  5
1000014A
330
10000149
100
AcDbDictionary
280
     1
  3
BTDETID
360
1000014B
  3
BTPARTID
360
1000014C
  0
DICTIONARY
  5
1000014E
330
1000014D
100
AcDbDictionary
280
     1
  3
BTDETID
360
1000014F
  3
BTPARTID
360
10000150
  0
DICTIONARY
  5
10000152
330
10000151
100
AcDbDictionary
280
     1
  3
BTDETID
360
10000153
  3
BTPARTID
360
10000154
  0
DICTIONARY
  5
10000156
330
10000155
100
AcDbDictionary
280
     1
  3
BTDETID
360
10000157
  3
BTPARTID
360
10000158
  0
DICTIONARY
  5
1000015A
330
10000159
100
AcDbDictionary
280
     1
  3
BTDETID
360
1000015B
  3
BTPARTID
360
1000015C
  0
DICTIONARY
  5
1000015E
330
1000015D
100
AcDbDictionary
280
     1
  3
BTDETID
360
1000015F
  3
BTPARTID
360
10000160
  0
DICTIONARY
  5
10000162
330
10000161
100
AcDbDictionary
280
     1
  3
BTDETID
360
10000163
  3
BTPARTID
360
10000164
  0
DICTIONARY
  5
10000166
330
10000165
100
AcDbDictionary
280
     1
  3
BTDETID
360
10000167
  3
BTPARTID
360
10000168
  0
DICTIONARY
  5
1000016A
330
10000169
100
AcDbDictionary
280
     1
  3
BTDETID
360
1000016B
  3
BTPARTID
360
1000016C
  0
DICTIONARY
  5
1000016E
330
1000016D
100
AcDbDictionary
280
     1
  3
BTDETID
360
1000016F
  3
BTPARTID
360
10000170
  0
DICTIONARY
  5
10000172
330
10000171
100
AcDbDictionary
280
     1
  3
BTDETID
360
10000173
  3
BTPARTID
360
10000174
  0
DICTIONARY
  5
10000176
330
10000175
100
AcDbDictionary
280
     1
  3
BTDETID
360
10000177
  3
BTPARTID
360
10000178
  0
DICTIONARY
  5
1000017A
330
10000179
100
AcDbDictionary
280
     1
  3
BTDETID
360
1000017B
  3
BTPARTID
360
1000017C
  0
DICTIONARY
  5
1000017E
330
1000017D
100
AcDbDictionary
280
     1
  3
BTDETID
360
1000017F
  3
BTPARTID
360
10000180
  0
DICTIONARY
  5
10000182
330
10000181
100
AcDbDictionary
280
     1
  3
BTDETID
360
10000183
  3
BTPARTID
360
10000184
  0
DICTIONARY
  5
10000186
330
10000185
100
AcDbDictionary
280
     1
  3
BTDETID
360
10000187
  3
BTPARTID
360
10000188
  0
DICTIONARY
  5
1000018A
330
10000189
100
AcDbDictionary
280
     1
  3
BTDETID
360
1000018B
  3
BTPARTID
360
1000018C
  0
DICTIONARY
  5
1000018E
330
1000018D
100
AcDbDictionary
280
     1
  3
BTDETID
360
1000018F
  3
BTPARTID
360
10000190
  0
DICTIONARY
  5
10000192
330
10000191
100
AcDbDictionary
280
     1
  3
BTDETID
360
10000193
  3
BTPARTID
360
10000194
  0
DICTIONARY
  5
10000196
330
10000195
100
AcDbDictionary
280
     1
  3
BTDETID
360
10000197
  3
BTPARTID
360
10000198
  0
DICTIONARY
  5
1000019A
330
10000199
100
AcDbDictionary
280
     1
  3
BTDETID
360
1000019B
  3
BTPARTID
360
1000019C
  0
DICTIONARY
  5
1000019E
330
1000019D
100
AcDbDictionary
280
     1
  3
BTDETID
360
1000019F
  3
BTPARTID
360
100001A0
  0
DICTIONARY
  5
100001A2
330
100001A1
100
AcDbDictionary
280
     1
  3
BTDETID
360
100001A3
  3
BTPARTID
360
100001A4
  0
DICTIONARY
  5
100001A6
330
100001A5
100
AcDbDictionary
280
     1
  3
BTDETID
360
100001A7
  3
BTPARTID
360
100001A8
  0
DICTIONARY
  5
100001AA
330
100001A9
100
AcDbDictionary
280
     1
  3
BTDETID
360
100001AB
  3
BTPARTID
360
100001AC
  0
DICTIONARY
  5
100001AE
330
100001AD
100
AcDbDictionary
280
     1
  3
BTDETID
360
100001AF
  3
BTPARTID
360
100001B0
  0
DICTIONARY
  5
100001B2
330
100001B1
100
AcDbDictionary
280
     1
  3
BTDETID
360
100001B3
  3
BTPARTID
360
100001B4
  0
DICTIONARY
  5
100001B6
330
100001B5
100
AcDbDictionary
280
     1
  3
BTDETID
360
100001B7
  3
BTPARTID
360
100001B8
  0
DICTIONARY
  5
100001BA
330
100001B9
100
AcDbDictionary
280
     1
  3
BTDETID
360
100001BB
  3
BTPARTID
360
100001BC
  0
DICTIONARY
  5
100001BE
330
100001BD
100
AcDbDictionary
280
     1
  3
BTDETID
360
100001BF
  3
BTPARTID
360
100001C0
  0
DICTIONARY
  5
100001C2
330
100001C1
100
AcDbDictionary
280
     1
  3
BTDETID
360
100001C3
  3
BTPARTID
360
100001C4
  0
DICTIONARY
  5
100001C6
330
100001C5
100
AcDbDictionary
280
     1
  3
BTDETID
360
100001C7
  3
BTPARTID
360
100001C8
  0
DICTIONARY
  5
100001CA
330
100001C9
100
AcDbDictionary
280
     1
  3
BTDETID
360
100001CB
  3
BTPARTID
360
100001CC
  0
DICTIONARY
  5
100001CE
330
100001CD
100
AcDbDictionary
280
     1
  3
BTDETID
360
100001CF
  3
BTPARTID
360
100001D0
  0
DICTIONARY
  5
100001D2
330
100001D1
100
AcDbDictionary
280
     1
  3
BTDETID
360
100001D3
  3
BTPARTID
360
100001D4
  0
DICTIONARY
  5
100001D6
330
100001D5
100
AcDbDictionary
280
     1
  3
BTDETID
360
100001D7
  3
BTPARTID
360
100001D8
  0
DICTIONARY
  5
100001DA
330
100001D9
100
AcDbDictionary
280
     1
  3
BTDETID
360
100001DB
  3
BTPARTID
360
100001DC
  0
DICTIONARY
  5
100001DE
330
100001DD
100
AcDbDictionary
280
     1
  3
BTDETID
360
100001DF
  3
BTPARTID
360
100001E0
  0
DICTIONARY
  5
100001E2
330
100001E1
100
AcDbDictionary
280
     1
  3
BTDETID
360
100001E3
  3
BTPARTID
360
100001E4
  0
DICTIONARY
  5
100001E6
330
100001E5
100
AcDbDictionary
280
     1
  3
BTDETID
360
100001E7
  3
BTPARTID
360
100001E8
  0
DICTIONARY
  5
100001EA
330
100001E9
100
AcDbDictionary
280
     1
  3
BTDETID
360
100001EB
  3
BTPARTID
360
100001EC
  0
DICTIONARY
  5
100001EE
330
100001ED
100
AcDbDictionary
280
     1
  3
BTDETID
360
100001EF
  3
BTPARTID
360
100001F0
  0
DICTIONARY
  5
100001F2
330
100001F1
100
AcDbDictionary
280
     1
  3
BTDETID
360
100001F3
  3
BTPARTID
360
100001F4
  0
DICTIONARY
  5
100001F6
330
100001F5
100
AcDbDictionary
280
     1
  3
BTDETID
360
100001F7
  3
BTPARTID
360
100001F8
  0
DICTIONARY
  5
100001FA
330
100001F9
100
AcDbDictionary
280
     1
  3
BTDETID
360
100001FB
  3
BTPARTID
360
100001FC
  0
DICTIONARY
  5
100001FE
330
100001FD
100
AcDbDictionary
280
     1
  3
BTDETID
360
100001FF
  3
BTPARTID
360
10000200
  0
DICTIONARY
  5
10000202
330
10000201
100
AcDbDictionary
280
     1
  3
BTDETID
360
10000203
  3
BTPARTID
360
10000204
  0
DICTIONARY
  5
10000206
330
10000205
100
AcDbDictionary
280
     1
  3
BTDETID
360
10000207
  3
BTPARTID
360
10000208
  0
DICTIONARY
  5
1000020A
330
10000209
100
AcDbDictionary
280
     1
  3
BTDETID
360
1000020B
  3
BTPARTID
360
1000020C
  0
DICTIONARY
  5
1000020E
330
1000020D
100
AcDbDictionary
280
     1
  3
BTDETID
360
1000020F
  3
BTPARTID
360
10000210
  0
DICTIONARY
  5
10000212
330
10000211
100
AcDbDictionary
280
     1
  3
BTDETID
360
10000213
  3
BTPARTID
360
10000214
  0
DICTIONARY
  5
10000216
330
10000215
100
AcDbDictionary
280
     1
  3
BTDETID
360
10000217
  3
BTPARTID
360
10000218
  0
DICTIONARY
  5
1000021A
330
10000219
100
AcDbDictionary
280
     1
  3
BTDETID
360
1000021B
  3
BTPARTID
360
1000021C
  0
DICTIONARY
  5
1000021E
330
1000021D
100
AcDbDictionary
280
     1
  3
BTDETID
360
1000021F
  3
BTPARTID
360
10000220
  0
DICTIONARY
  5
10000222
330
10000221
100
AcDbDictionary
280
     1
  3
BTDETID
360
10000223
  3
BTPARTID
360
10000224
  0
DICTIONARY
  5
10000226
330
10000225
100
AcDbDictionary
280
     1
  3
BTDETID
360
10000227
  3
BTPARTID
360
10000228
  0
DICTIONARY
  5
1000022A
330
10000229
100
AcDbDictionary
280
     1
  3
BTDETID
360
1000022B
  3
BTPARTID
360
1000022C
  0
DICTIONARY
  5
1000022E
330
1000022D
100
AcDbDictionary
280
     1
  3
BTDETID
360
1000022F
  3
BTPARTID
360
10000230
  0
DICTIONARY
  5
10000232
330
10000231
100
AcDbDictionary
280
     1
  3
BTDETID
360
10000233
  3
BTPARTID
360
10000234
  0
DICTIONARY
  5
10000236
330
10000235
100
AcDbDictionary
280
     1
  3
BTDETID
360
10000237
  3
BTPARTID
360
10000238
  0
DICTIONARY
  5
1000023A
330
10000239
100
AcDbDictionary
280
     1
  3
BTDETID
360
1000023B
  3
BTPARTID
360
1000023C
  0
DICTIONARY
  5
1000023E
330
1000023D
100
AcDbDictionary
280
     1
  3
BTDETID
360
1000023F
  3
BTPARTID
360
10000240
  0
DICTIONARY
  5
10000242
330
10000241
100
AcDbDictionary
280
     1
  3
BTDETID
360
10000243
  3
BTPARTID
360
10000244
  0
DICTIONARY
  5
10000246
330
10000245
100
AcDbDictionary
280
     1
  3
BTDETID
360
10000247
  3
BTPARTID
360
10000248
  0
DICTIONARY
  5
1000024A
330
10000249
100
AcDbDictionary
280
     1
  3
BTDETID
360
1000024B
  3
BTPARTID
360
1000024C
  0
DICTIONARY
  5
1000024E
330
1000024D
100
AcDbDictionary
280
     1
  3
BTDETID
360
1000024F
  3
BTPARTID
360
10000250
  0
DICTIONARY
  5
10000252
330
10000251
100
AcDbDictionary
280
     1
  3
BTDETID
360
10000253
  3
BTPARTID
360
10000254
  0
DICTIONARY
  5
10000256
330
10000255
100
AcDbDictionary
280
     1
  3
BTDETID
360
10000257
  3
BTPARTID
360
10000258
  0
DICTIONARY
  5
1000025A
330
10000259
100
AcDbDictionary
280
     1
  3
BTDETID
360
1000025B
  3
BTPARTID
360
1000025C
  0
DICTIONARY
  5
1000025E
330
1000025D
100
AcDbDictionary
280
     1
  3
BTDETID
360
1000025F
  3
BTPARTID
360
10000260
  0
DICTIONARY
  5
10000262
330
10000261
100
AcDbDictionary
280
     1
  3
BTDETID
360
10000263
  3
BTPARTID
360
10000264
  0
DICTIONARY
  5
10000266
330
10000265
100
AcDbDictionary
280
     1
  3
BTDETID
360
10000267
  3
BTPARTID
360
10000268
  0
DICTIONARY
  5
1000026A
330
10000269
100
AcDbDictionary
280
     1
  3
BTDETID
360
1000026B
  3
BTPARTID
360
1000026C
  0
DICTIONARY
  5
1000026E
330
1000026D
100
AcDbDictionary
280
     1
  3
BTDETID
360
1000026F
  3
BTPARTID
360
10000270
  0
DICTIONARY
  5
10000272
330
10000271
100
AcDbDictionary
280
     1
  3
BTDETID
360
10000273
  3
BTPARTID
360
10000274
  0
DICTIONARY
  5
10000276
330
10000275
100
AcDbDictionary
280
     1
  3
BTDETID
360
10000277
  3
BTPARTID
360
10000278
  0
DICTIONARY
  5
1000027A
330
10000279
100
AcDbDictionary
280
     1
  3
BTDETID
360
1000027B
  3
BTPARTID
360
1000027C
  0
DICTIONARY
  5
1000027E
330
1000027D
100
AcDbDictionary
280
     1
  3
BTDETID
360
1000027F
  3
BTPARTID
360
10000280
  0
DICTIONARY
  5
10000282
330
10000281
100
AcDbDictionary
280
     1
  3
BTDETID
360
10000283
  3
BTPARTID
360
10000284
  0
DICTIONARY
  5
10000286
330
10000285
100
AcDbDictionary
280
     1
  3
BTDETID
360
10000287
  3
BTPARTID
360
10000288
  0
DICTIONARY
  5
1000028A
330
10000289
100
AcDbDictionary
280
     1
  3
BTDETID
360
1000028B
  3
BTPARTID
360
1000028C
  0
DICTIONARY
  5
1000028E
330
1000028D
100
AcDbDictionary
280
     1
  3
BTDETID
360
1000028F
  3
BTPARTID
360
10000290
  0
DICTIONARY
  5
10000292
330
10000291
100
AcDbDictionary
280
     1
  3
BTDETID
360
10000293
  3
BTPARTID
360
10000294
  0
DICTIONARY
  5
10000296
330
10000295
100
AcDbDictionary
280
     1
  3
BTDETID
360
10000297
  3
BTPARTID
360
10000298
  0
DICTIONARY
  5
1000029A
330
10000299
100
AcDbDictionary
280
     1
  3
BTDETID
360
1000029B
  3
BTPARTID
360
1000029C
  0
DICTIONARY
  5
1000029E
330
1000029D
100
AcDbDictionary
280
     1
  3
BTDETID
360
1000029F
  3
BTPARTID
360
100002A0
  0
DICTIONARY
  5
100002A2
330
100002A1
100
AcDbDictionary
280
     1
  3
BTDETID
360
100002A3
  3
BTPARTID
360
100002A4
  0
DICTIONARY
  5
100002A6
330
100002A5
100
AcDbDictionary
280
     1
  3
BTDETID
360
100002A7
  3
BTPARTID
360
100002A8
  0
DICTIONARY
  5
100002AA
330
100002A9
100
AcDbDictionary
280
     1
  3
BTDETID
360
100002AB
  3
BTPARTID
360
100002AC
  0
DICTIONARY
  5
100002AE
330
100002AD
100
AcDbDictionary
280
     1
  3
BTDETID
360
100002AF
  3
BTPARTID
360
100002B0
  0
DICTIONARY
  5
100002B2
330
100002B1
100
AcDbDictionary
280
     1
  3
BTDETID
360
100002B3
  3
BTPARTID
360
100002B4
  0
DICTIONARY
  5
100002B6
330
100002B5
100
AcDbDictionary
280
     1
  3
BTDETID
360
100002B7
  3
BTPARTID
360
100002B8
  0
DICTIONARY
  5
100002BA
330
100002B9
100
AcDbDictionary
280
     1
  3
BTDETID
360
100002BB
  3
BTPARTID
360
100002BC
  0
DICTIONARY
  5
100002BE
330
100002BD
100
AcDbDictionary
280
     1
  3
BTDETID
360
100002BF
  3
BTPARTID
360
100002C0
  0
DICTIONARY
  5
100002C2
330
100002C1
100
AcDbDictionary
280
     1
  3
BTDETID
360
100002C3
  3
BTPARTID
360
100002C4
  0
DICTIONARY
  5
100002C6
330
100002C5
100
AcDbDictionary
280
     1
  3
BTDETID
360
100002C7
  3
BTPARTID
360
100002C8
  0
DICTIONARY
  5
100002CA
330
100002C9
100
AcDbDictionary
280
     1
  3
BTDETID
360
100002CB
  3
BTPARTID
360
100002CC
  0
DICTIONARY
  5
100002CE
330
100002CD
100
AcDbDictionary
280
     1
  3
BTDETID
360
100002CF
  3
BTPARTID
360
100002D0
  0
DICTIONARY
  5
100002D2
330
100002D1
100
AcDbDictionary
280
     1
  3
BTDETID
360
100002D3
  3
BTPARTID
360
100002D4
  0
DICTIONARY
  5
100002D6
330
100002D5
100
AcDbDictionary
280
     1
  3
BTDETID
360
100002D7
  3
BTPARTID
360
100002D8
  0
DICTIONARY
  5
100002DA
330
100002D9
100
AcDbDictionary
280
     1
  3
BTDETID
360
100002DB
  3
BTPARTID
360
100002DC
  0
DICTIONARY
  5
100002DE
330
100002DD
100
AcDbDictionary
280
     1
  3
BTDETID
360
100002DF
  3
BTPARTID
360
100002E0
  0
DICTIONARY
  5
100002E2
330
100002E1
100
AcDbDictionary
280
     1
  3
BTDETID
360
100002E3
  3
BTPARTID
360
100002E4
  0
DICTIONARY
  5
100002E6
330
100002E5
100
AcDbDictionary
280
     1
  3
BTDETID
360
100002E7
  3
BTPARTID
360
100002E8
  0
DICTIONARY
  5
100002EA
330
100002E9
100
AcDbDictionary
280
     1
  3
BTDETID
360
100002EB
  3
BTPARTID
360
100002EC
  0
DICTIONARY
  5
100002EE
330
100002ED
100
AcDbDictionary
280
     1
  3
BTDETID
360
100002EF
  3
BTPARTID
360
100002F0
  0
DICTIONARY
  5
100002F2
330
100002F1
100
AcDbDictionary
280
     1
  3
BTDETID
360
100002F3
  3
BTPARTID
360
100002F4
  0
DICTIONARY
  5
100002F6
330
100002F5
100
AcDbDictionary
280
     1
  3
BTDETID
360
100002F7
  3
BTPARTID
360
100002F8
  0
DICTIONARY
  5
100002FA
330
100002F9
100
AcDbDictionary
280
     1
  3
BTDETID
360
100002FB
  3
BTPARTID
360
100002FC
  0
DICTIONARY
  5
100002FE
330
100002FD
100
AcDbDictionary
280
     1
  3
BTDETID
360
100002FF
  3
BTPARTID
360
10000300
  0
DICTIONARY
  5
10000302
330
10000301
100
AcDbDictionary
280
     1
  3
BTDETID
360
10000303
  3
BTPARTID
360
10000304
  0
DICTIONARY
  5
10000306
330
10000305
100
AcDbDictionary
280
     1
  3
BTDETID
360
10000307
  3
BTPARTID
360
10000308
  0
DICTIONARY
  5
1000030A
330
10000309
100
AcDbDictionary
280
     1
  3
BTDETID
360
1000030B
  3
BTPARTID
360
1000030C
  0
DICTIONARY
  5
1000030E
330
1000030D
100
AcDbDictionary
280
     1
  3
BTDETID
360
1000030F
  3
BTPARTID
360
10000310
  0
DICTIONARY
  5
10000312
330
10000311
100
AcDbDictionary
280
     1
  3
BTDETID
360
10000313
  3
BTPARTID
360
10000314
  0
DICTIONARY
  5
10000316
330
10000315
100
AcDbDictionary
280
     1
  3
BTDETID
360
10000317
  3
BTPARTID
360
10000318
  0
DICTIONARY
  5
1000031A
330
10000319
100
AcDbDictionary
280
     1
  3
BTDETID
360
1000031B
  3
BTPARTID
360
1000031C
  0
DICTIONARY
  5
1000031E
330
1000031D
100
AcDbDictionary
280
     1
  3
BTDETID
360
1000031F
  3
BTPARTID
360
10000320
  0
DICTIONARY
  5
10000322
330
10000321
100
AcDbDictionary
280
     1
  3
BTDETID
360
10000323
  3
BTPARTID
360
10000324
  0
DICTIONARY
  5
10000326
330
10000325
100
AcDbDictionary
280
     1
  3
BTDETID
360
10000327
  3
BTPARTID
360
10000328
  0
DICTIONARY
  5
1000032A
330
10000329
100
AcDbDictionary
280
     1
  3
BTDETID
360
1000032B
  3
BTPARTID
360
1000032C
  0
DICTIONARY
  5
1000032E
330
1000032D
100
AcDbDictionary
280
     1
  3
BTDETID
360
1000032F
  3
BTPARTID
360
10000330
  0
DICTIONARY
  5
10000332
330
10000331
100
AcDbDictionary
280
     1
  3
BTDETID
360
10000333
  3
BTPARTID
360
10000334
  0
DICTIONARY
  5
10000336
330
10000335
100
AcDbDictionary
280
     1
  3
BTDETID
360
10000337
  3
BTPARTID
360
10000338
  0
DICTIONARY
  5
1000033A
330
10000339
100
AcDbDictionary
280
     1
  3
BTDETID
360
1000033B
  3
BTPARTID
360
1000033C
  0
DICTIONARY
  5
1000033E
330
1000033D
100
AcDbDictionary
280
     1
  3
BTDETID
360
1000033F
  3
BTPARTID
360
10000340
  0
DICTIONARY
  5
10000342
330
10000341
100
AcDbDictionary
280
     1
  3
BTDETID
360
10000343
  3
BTPARTID
360
10000344
  0
DICTIONARY
  5
10000346
330
10000345
100
AcDbDictionary
280
     1
  3
BTDETID
360
10000347
  3
BTPARTID
360
10000348
  0
DICTIONARY
  5
1000034A
330
10000349
100
AcDbDictionary
280
     1
  3
BTDETID
360
1000034B
  3
BTPARTID
360
1000034C
  0
DICTIONARY
  5
1000034E
330
1000034D
100
AcDbDictionary
280
     1
  3
BTDETID
360
1000034F
  3
BTPARTID
360
10000350
  0
DICTIONARY
  5
10000352
330
10000351
100
AcDbDictionary
280
     1
  3
BTDETID
360
10000353
  3
BTPARTID
360
10000354
  0
DICTIONARY
  5
10000356
330
10000355
100
AcDbDictionary
280
     1
  3
BTDETID
360
10000357
  3
BTPARTID
360
10000358
  0
DICTIONARY
  5
1000035A
330
10000359
100
AcDbDictionary
280
     1
  3
BTDETID
360
1000035B
  3
BTPARTID
360
1000035C
  0
DICTIONARY
  5
1000035E
330
1000035D
100
AcDbDictionary
280
     1
  3
BTDETID
360
1000035F
  3
BTPARTID
360
10000360
  0
DICTIONARY
  5
10000362
330
10000361
100
AcDbDictionary
280
     1
  3
BTDETID
360
10000363
  3
BTPARTID
360
10000364
  0
DICTIONARY
  5
10000366
330
10000365
100
AcDbDictionary
280
     1
  3
BTDETID
360
10000367
  3
BTPARTID
360
10000368
  0
DICTIONARY
  5
1000036A
330
10000369
100
AcDbDictionary
280
     1
  3
BTDETID
360
1000036B
  3
BTPARTID
360
1000036C
  0
DICTIONARY
  5
1000036E
330
1000036D
100
AcDbDictionary
280
     1
  3
BTDETID
360
1000036F
  3
BTPARTID
360
10000370
  0
DICTIONARY
  5
10000372
330
10000371
100
AcDbDictionary
280
     1
  3
BTDETID
360
10000373
  3
BTPARTID
360
10000374
  0
DICTIONARY
  5
10000376
330
10000375
100
AcDbDictionary
280
     1
  3
BTDETID
360
10000377
  3
BTPARTID
360
10000378
  0
DICTIONARY
  5
1000037A
330
10000379
100
AcDbDictionary
280
     1
  3
BTDETID
360
1000037B
  3
BTPARTID
360
1000037C
  0
DICTIONARY
  5
1000037E
330
1000037D
100
AcDbDictionary
280
     1
  3
BTDETID
360
1000037F
  3
BTPARTID
360
10000380
  0
DICTIONARY
  5
10000382
330
10000381
100
AcDbDictionary
280
     1
  3
BTDETID
360
10000383
  3
BTPARTID
360
10000384
  0
DICTIONARY
  5
10000386
330
10000385
100
AcDbDictionary
280
     1
  3
BTDETID
360
10000387
  3
BTPARTID
360
10000388
  0
DICTIONARY
  5
1000038A
330
10000389
100
AcDbDictionary
280
     1
  3
BTDETID
360
1000038B
  3
BTPARTID
360
1000038C
  0
DICTIONARY
  5
1000038E
330
1000038D
100
AcDbDictionary
280
     1
  3
BTDETID
360
1000038F
  3
BTPARTID
360
10000390
  0
DICTIONARY
  5
10000392
330
10000391
100
AcDbDictionary
280
     1
  3
BTDETID
360
10000393
  3
BTPARTID
360
10000394
  0
DICTIONARY
  5
10000396
330
10000395
100
AcDbDictionary
280
     1
  3
BTDETID
360
10000397
  3
BTPARTID
360
10000398
  0
DICTIONARY
  5
1000039A
330
10000399
100
AcDbDictionary
280
     1
  3
BTDETID
360
1000039B
  3
BTPARTID
360
1000039C
  0
DICTIONARY
  5
1000039E
330
1000039D
100
AcDbDictionary
280
     1
  3
BTDETID
360
1000039F
  3
BTPARTID
360
100003A0
  0
DICTIONARY
  5
D
102
{ACAD_REACTORS
330
C
102
}
330
C
100
AcDbDictionary
  0
DICTIONARY
  5
1A
102
{ACAD_REACTORS
330
C
102
}
330
C
100
AcDbDictionary
  0
DICTIONARY
  5
43
102
{ACAD_REACTORS
330
C
102
}
330
C
100
AcDbDictionary
  3
BYBLOCK
350
45
  3
BYLAYER
350
44
  3
GLOBAL
350
46
  0
DICTIONARY
  5
5B
102
{ACAD_REACTORS
330
C
102
}
330
C
100
AcDbDictionary
  3
STANDARD
350
5C
  0
DICTIONARY
  5
17
102
{ACAD_REACTORS
330
C
102
}
330
C
100
AcDbDictionary
  3
STANDARD
350
18
  0
DICTIONARY
  5
19
102
{ACAD_REACTORS
330
C
102
}
330
C
100
AcDbDictionary
  0
DICTIONARY
  5
47
102
{ACAD_REACTORS
330
C
102
}
330
C
100
AcDbDictionary
  3
SCALE100_1
350
10000023
  3
SCALE10_1
350
1000001D
  3
SCALE12_1
350
1000001E
  3
SCALE16_1
350
1000001F
  3
SCALE1_1
350
10000006
  3
SCALE1_10
350
1000000D
  3
SCALE1_100
350
10000016
  3
SCALE1_12
350
1000000E
  3
SCALE1_16
350
1000000F
  3
SCALE1_2
350
10000007
  3
SCALE1_20
350
10000010
  3
SCALE1_25
350
10000011
  3
SCALE1_3
350
10000008
  3
SCALE1_32
350
10000012
  3
SCALE1_4
350
10000009
  3
SCALE1_40
350
10000013
  3
SCALE1_5
350
1000000A
  3
SCALE1_50
350
10000014
  3
SCALE1_6
350
1000000B
  3
SCALE1_8
350
1000000C
  3
SCALE1_80
350
10000015
  3
SCALE20_1
350
10000020
  3
SCALE2_1
350
10000017
  3
SCALE32_1
350
10000021
  3
SCALE3_1
350
10000018
  3
SCALE4_1
350
10000019
  3
SCALE50_1
350
10000022
  3
SCALE5_1
350
1000001A
  3
SCALE6_1
350
1000001B
  3
SCALE8_1
350
1000001C
  0
DICTIONARY
  5
2A
102
{ACAD_REACTORS
330
C
102
}
330
C
100
AcDbDictionary
  3
2DWIREFRAME
350
2F
  3
BASIC
350
32
  3
BRIGHTEN
350
36
  3
COLORCHANGE
350
3A
  3
CONCEPTUAL
350
34
  3
DIM
350
35
  3
EDGECOLOROFF
350
3D
  3
FACEPATTERN
350
39
  3
FLAT
350
2B
  3
FLATWITHEDGES
350
2C
  3
GOURAUD
350
2D
  3
GOURAUDWITHEDGES
350
2E
  3
HIDDEN
350
31
  3
JITTEROFF
350
3B
  3
LINEPATTERN
350
38
  3
OVERHANGOFF
350
3C
  3
REALISTIC
350
33
  3
SHADED
350
42
  3
SHADED_WITH_EDGES
350
41
  3
SHADES_OF_GRAY
350
3E
  3
SKETCHY
350
3F
  3
THICKEN
350
37
  3
WIREFRAME
350
30
  3
X-RAY
350
40
  0
DICTIONARY
  5
100003A3
102
{ACAD_REACTORS
330
C
102
}
330
C
100
AcDbDictionary
  3
CEPSNID
350
100003AD
  3
CEPSNTYPE
350
100003AC
  3
DIMSTYLEDATA
350
100003C3
  3
FINGERPRINTGUID
350
100003AE
  3
HYPERLINKBASE
350
100003A6
  3
INSUNITS
350
100003AB
  3
LAYOUTDICT
350
100003A8
  3
LWETCUNION
350
100003AA
  3
PLOTSETDICT
350
100003A9
  3
PSVPSCALE
350
100003B0
  3
PUCSBASE
350
100003B3
  3
PUCSORGBACK
350
100003B9
  3
PUCSORGBOTTOM
350
100003B5
  3
PUCSORGFRONT
350
100003B8
  3
PUCSORGLEFT
350
100003B6
  3
PUCSORGRIGHT
350
100003B7
  3
PUCSORGTOP
350
100003B4
  3
PUCSORTHOREF
350
100003B1
  3
PUCSORTHOVIEW
350
100003B2
  3
STYLESHEET
350
100003A7
  3
TSTACKALIGN
350
100003A4
  3
TSTACKSIZE
350
100003A5
  3
UCSBASE
350
100003BC
  3
UCSORGBACK
350
100003C2
  3
UCSORGBOTTOM
350
100003BE
  3
UCSORGFRONT
350
100003C1
  3
UCSORGLEFT
350
100003BF
  3
UCSORGRIGHT
350
100003C0
  3
UCSORGTOP
350
100003BD
  3
UCSORTHOREF
350
100003BA
  3
UCSORTHOVIEW
350
100003BB
  3
VERSIONGUID
350
100003AF
  0
DICTIONARY
  5
100003C4
102
{ACAD_REACTORS
330
C
102
}
330
C
100
AcDbDictionary
  3
CANNOSCALE
350
100003CE
  3
CMLEADERSTYLE
350
100003C6
  3
CTABLESTYLE
350
100003C5
  3
DIMASSOC
350
100003C9
  3
HIDETEXT
350
100003CA
  3
MSLTSCALE
350
100003CF
  0
XRECORD
  5
100003CB
102
{ACAD_REACTORS
330
C
102
}
330
C
100
AcDbXrecord
  1
DWGPROPS COOKIE
  2

  3

  4

  6
File was created by BTDwgCreate
  7

  8
onshape
  9

300
=
301
=
302
=
303
=
304
=
305
=
306
=
307
=
308
=
309
=
 40
0.0
 41
2460922.773258507
 42
2460922.773258611
  1

 90
        0
  0
DICTIONARY
  5
10000001
102
{ACAD_REACTORS
330
C
102
}
330
C
100
AcDbDictionary
280
     1
  3
DIM_UNITS
360
10000003
  3
DWGGEN_VERSION
360
10000002
  3
FIRST_ANGLE
360
10000005
  0
XRECORD
  5
100003CD
102
{ACAD_REACTORS
330
100003CC
102
}
330
100003CC
100
AcDbXrecord
102
VTR_0.000_0.000_1.000_1.000_VISUALSTYLE
340
2F
102
VTR_0.000_0.000_1.000_1.000_GRIDDISPLAY
 70
     3
102
VTR_0.000_0.000_1.000_1.000_GRIDMAJOR
 70
     5
102
VTR_0.000_0.000_1.000_1.000_DEFAULTLIGHTING
280
     1
102
VTR_0.000_0.000_1.000_1.000_DEFAULTLIGHTINGTYPE
 70
     1
102
VTR_0.000_0.000_1.000_1.000_BRIGHTNESS
141
0.0
102
VTR_0.000_0.000_1.000_1.000_CONTRAST
142
0.0
  0
SORTENTSTABLE
  5
100003A2
102
{ACAD_REACTORS
330
100003A1
102
}
330
100003A1
100
AcDbSortentsTable
330
1F
  0
XRECORD
  5
1000005B
102
{ACAD_REACTORS
330
1000005A
102
}
330
1000005A
100
AcDbXrecord
1000
KL1B
  0
XRECORD
  5
1000005C
102
{ACAD_REACTORS
330
1000005A
102
}
330
1000005A
100
AcDbXrecord
1000
KL3B
  0
XRECORD
  5
1000005F
102
{ACAD_REACTORS
330
1000005E
102
}
330
1000005E
100
AcDbXrecord
1000
KLxB
  0
XRECORD
  5
10000060
102
{ACAD_REACTORS
330
1000005E
102
}
330
1000005E
100
AcDbXrecord
1000
KLzB
  0
XRECORD
  5
10000063
102
{ACAD_REACTORS
330
10000062
102
}
330
10000062
100
AcDbXrecord
1000
KLtB
  0
XRECORD
  5
10000064
102
{ACAD_REACTORS
330
10000062
102
}
330
10000062
100
AcDbXrecord
1000
KLvB
  0
XRECORD
  5
10000067
102
{ACAD_REACTORS
330
10000066
102
}
330
10000066
100
AcDbXrecord
1000
KLpB
  0
XRECORD
  5
10000068
102
{ACAD_REACTORS
330
10000066
102
}
330
10000066
100
AcDbXrecord
1000
KLrB
  0
XRECORD
  5
1000006B
102
{ACAD_REACTORS
330
1000006A
102
}
330
1000006A
100
AcDbXrecord
1000
KLlB
  0
XRECORD
  5
1000006C
102
{ACAD_REACTORS
330
1000006A
102
}
330
1000006A
100
AcDbXrecord
1000
KLnB
  0
XRECORD
  5
1000006F
102
{ACAD_REACTORS
330
1000006E
102
}
330
1000006E
100
AcDbXrecord
1000
KLhB
  0
XRECORD
  5
10000070
102
{ACAD_REACTORS
330
1000006E
102
}
330
1000006E
100
AcDbXrecord
1000
KLjB
  0
XRECORD
  5
10000073
102
{ACAD_REACTORS
330
10000072
102
}
330
10000072
100
AcDbXrecord
1000
KLdB
  0
XRECORD
  5
10000074
102
{ACAD_REACTORS
330
10000072
102
}
330
10000072
100
AcDbXrecord
1000
KLfB
  0
XRECORD
  5
10000077
102
{ACAD_REACTORS
330
10000076
102
}
330
10000076
100
AcDbXrecord
1000
KLZB
  0
XRECORD
  5
10000078
102
{ACAD_REACTORS
330
10000076
102
}
330
10000076
100
AcDbXrecord
1000
KLbB
  0
XRECORD
  5
1000007B
102
{ACAD_REACTORS
330
1000007A
102
}
330
1000007A
100
AcDbXrecord
1000
KLVB
  0
XRECORD
  5
1000007C
102
{ACAD_REACTORS
330
1000007A
102
}
330
1000007A
100
AcDbXrecord
1000
KLXB
  0
XRECORD
  5
1000007F
102
{ACAD_REACTORS
330
1000007E
102
}
330
1000007E
100
AcDbXrecord
1000
KLRB
  0
XRECORD
  5
10000080
102
{ACAD_REACTORS
330
1000007E
102
}
330
1000007E
100
AcDbXrecord
1000
KLTB
  0
XRECORD
  5
10000083
102
{ACAD_REACTORS
330
10000082
102
}
330
10000082
100
AcDbXrecord
1000
KLJC
  0
XRECORD
  5
10000084
102
{ACAD_REACTORS
330
10000082
102
}
330
10000082
100
AcDbXrecord
1000
KLLC
  0
XRECORD
  5
10000087
102
{ACAD_REACTORS
330
10000086
102
}
330
10000086
100
AcDbXrecord
1000
JLR
  0
XRECORD
  5
10000088
102
{ACAD_REACTORS
330
10000086
102
}
330
10000086
100
AcDbXrecord
1000
JLT
  0
XRECORD
  5
1000008B
102
{ACAD_REACTORS
330
1000008A
102
}
330
1000008A
100
AcDbXrecord
1000
KLFC
  0
XRECORD
  5
1000008C
102
{ACAD_REACTORS
330
1000008A
102
}
330
1000008A
100
AcDbXrecord
1000
KLHC
  0
XRECORD
  5
1000008F
102
{ACAD_REACTORS
330
1000008E
102
}
330
1000008E
100
AcDbXrecord
1000
JLN
  0
XRECORD
  5
10000090
102
{ACAD_REACTORS
330
1000008E
102
}
330
1000008E
100
AcDbXrecord
1000
JLP
  0
XRECORD
  5
10000093
102
{ACAD_REACTORS
330
10000092
102
}
330
10000092
100
AcDbXrecord
1000
KLBC
  0
XRECORD
  5
10000094
102
{ACAD_REACTORS
330
10000092
102
}
330
10000092
100
AcDbXrecord
1000
KLDC
  0
XRECORD
  5
10000097
102
{ACAD_REACTORS
330
10000096
102
}
330
10000096
100
AcDbXrecord
1000
JLJ
  0
XRECORD
  5
10000098
102
{ACAD_REACTORS
330
10000096
102
}
330
10000096
100
AcDbXrecord
1000
JLL
  0
XRECORD
  5
1000009B
102
{ACAD_REACTORS
330
1000009A
102
}
330
1000009A
100
AcDbXrecord
1000
KL9B
  0
XRECORD
  5
1000009C
102
{ACAD_REACTORS
330
1000009A
102
}
330
1000009A
100
AcDbXrecord
1000
KL/B
  0
XRECORD
  5
1000009F
102
{ACAD_REACTORS
330
1000009E
102
}
330
1000009E
100
AcDbXrecord
1000
JLF
  0
XRECORD
  5
100000A0
102
{ACAD_REACTORS
330
1000009E
102
}
330
1000009E
100
AcDbXrecord
1000
JLH
  0
XRECORD
  5
100000A3
102
{ACAD_REACTORS
330
100000A2
102
}
330
100000A2
100
AcDbXrecord
1000
KL5B
  0
XRECORD
  5
100000A4
102
{ACAD_REACTORS
330
100000A2
102
}
330
100000A2
100
AcDbXrecord
1000
KL7B
  0
XRECORD
  5
100000A7
102
{ACAD_REACTORS
330
100000A6
102
}
330
100000A6
100
AcDbXrecord
1000
JLB
  0
XRECORD
  5
100000A8
102
{ACAD_REACTORS
330
100000A6
102
}
330
100000A6
100
AcDbXrecord
1000
JLD
  0
XRECORD
  5
100000AB
102
{ACAD_REACTORS
330
100000AA
102
}
330
100000AA
100
AcDbXrecord
1000
KLpK
  0
XRECORD
  5
100000AC
102
{ACAD_REACTORS
330
100000AA
102
}
330
100000AA
100
AcDbXrecord
1000
KLrK
  0
XRECORD
  5
100000AF
102
{ACAD_REACTORS
330
100000AE
102
}
330
100000AE
100
AcDbXrecord
1000
KLtJ
  0
XRECORD
  5
100000B0
102
{ACAD_REACTORS
330
100000AE
102
}
330
100000AE
100
AcDbXrecord
1000
KLvJ
  0
XRECORD
  5
100000B3
102
{ACAD_REACTORS
330
100000B2
102
}
330
100000B2
100
AcDbXrecord
1000
KLlK
  0
XRECORD
  5
100000B4
102
{ACAD_REACTORS
330
100000B2
102
}
330
100000B2
100
AcDbXrecord
1000
KLnK
  0
XRECORD
  5
100000B7
102
{ACAD_REACTORS
330
100000B6
102
}
330
100000B6
100
AcDbXrecord
1000
KLpJ
  0
XRECORD
  5
100000B8
102
{ACAD_REACTORS
330
100000B6
102
}
330
100000B6
100
AcDbXrecord
1000
KLrJ
  0
XRECORD
  5
100000BB
102
{ACAD_REACTORS
330
100000BA
102
}
330
100000BA
100
AcDbXrecord
1000
KLhK
  0
XRECORD
  5
100000BC
102
{ACAD_REACTORS
330
100000BA
102
}
330
100000BA
100
AcDbXrecord
1000
KLjK
  0
XRECORD
  5
100000BF
102
{ACAD_REACTORS
330
100000BE
102
}
330
100000BE
100
AcDbXrecord
1000
KLlJ
  0
XRECORD
  5
100000C0
102
{ACAD_REACTORS
330
100000BE
102
}
330
100000BE
100
AcDbXrecord
1000
KLnJ
  0
XRECORD
  5
100000C3
102
{ACAD_REACTORS
330
100000C2
102
}
330
100000C2
100
AcDbXrecord
1000
KLdK
  0
XRECORD
  5
100000C4
102
{ACAD_REACTORS
330
100000C2
102
}
330
100000C2
100
AcDbXrecord
1000
KLfK
  0
XRECORD
  5
100000C7
102
{ACAD_REACTORS
330
100000C6
102
}
330
100000C6
100
AcDbXrecord
1000
KLhJ
  0
XRECORD
  5
100000C8
102
{ACAD_REACTORS
330
100000C6
102
}
330
100000C6
100
AcDbXrecord
1000
KLjJ
  0
XRECORD
  5
100000CB
102
{ACAD_REACTORS
330
100000CA
102
}
330
100000CA
100
AcDbXrecord
1000
KLZK
  0
XRECORD
  5
100000CC
102
{ACAD_REACTORS
330
100000CA
102
}
330
100000CA
100
AcDbXrecord
1000
KLbK
  0
XRECORD
  5
100000CF
102
{ACAD_REACTORS
330
100000CE
102
}
330
100000CE
100
AcDbXrecord
1000
KLdJ
  0
XRECORD
  5
100000D0
102
{ACAD_REACTORS
330
100000CE
102
}
330
100000CE
100
AcDbXrecord
1000
KLfJ
  0
XRECORD
  5
100000D3
102
{ACAD_REACTORS
330
100000D2
102
}
330
100000D2
100
AcDbXrecord
1000
KLVK
  0
XRECORD
  5
100000D4
102
{ACAD_REACTORS
330
100000D2
102
}
330
100000D2
100
AcDbXrecord
1000
KLXK
  0
XRECORD
  5
100000D7
102
{ACAD_REACTORS
330
100000D6
102
}
330
100000D6
100
AcDbXrecord
1000
KLZJ
  0
XRECORD
  5
100000D8
102
{ACAD_REACTORS
330
100000D6
102
}
330
100000D6
100
AcDbXrecord
1000
KLbJ
  0
XRECORD
  5
100000DB
102
{ACAD_REACTORS
330
100000DA
102
}
330
100000DA
100
AcDbXrecord
1000
KLRK
  0
XRECORD
  5
100000DC
102
{ACAD_REACTORS
330
100000DA
102
}
330
100000DA
100
AcDbXrecord
1000
KLTK
  0
XRECORD
  5
100000DF
102
{ACAD_REACTORS
330
100000DE
102
}
330
100000DE
100
AcDbXrecord
1000
KLVJ
  0
XRECORD
  5
100000E0
102
{ACAD_REACTORS
330
100000DE
102
}
330
100000DE
100
AcDbXrecord
1000
KLXJ
  0
XRECORD
  5
100000E3
102
{ACAD_REACTORS
330
100000E2
102
}
330
100000E2
100
AcDbXrecord
1000
KLNK
  0
XRECORD
  5
100000E4
102
{ACAD_REACTORS
330
100000E2
102
}
330
100000E2
100
AcDbXrecord
1000
KLPK
  0
XRECORD
  5
100000E7
102
{ACAD_REACTORS
330
100000E6
102
}
330
100000E6
100
AcDbXrecord
1000
KLRJ
  0
XRECORD
  5
100000E8
102
{ACAD_REACTORS
330
100000E6
102
}
330
100000E6
100
AcDbXrecord
1000
KLTJ
  0
XRECORD
  5
100000EB
102
{ACAD_REACTORS
330
100000EA
102
}
330
100000EA
100
AcDbXrecord
1000
KLJK
  0
XRECORD
  5
100000EC
102
{ACAD_REACTORS
330
100000EA
102
}
330
100000EA
100
AcDbXrecord
1000
KLLK
  0
XRECORD
  5
100000EF
102
{ACAD_REACTORS
330
100000EE
102
}
330
100000EE
100
AcDbXrecord
1000
KLNJ
  0
XRECORD
  5
100000F0
102
{ACAD_REACTORS
330
100000EE
102
}
330
100000EE
100
AcDbXrecord
1000
KLPJ
  0
XRECORD
  5
100000F3
102
{ACAD_REACTORS
330
100000F2
102
}
330
100000F2
100
AcDbXrecord
1000
KLFK
  0
XRECORD
  5
100000F4
102
{ACAD_REACTORS
330
100000F2
102
}
330
100000F2
100
AcDbXrecord
1000
KLHK
  0
XRECORD
  5
100000F7
102
{ACAD_REACTORS
330
100000F6
102
}
330
100000F6
100
AcDbXrecord
1000
KLJJ
  0
XRECORD
  5
100000F8
102
{ACAD_REACTORS
330
100000F6
102
}
330
100000F6
100
AcDbXrecord
1000
KLLJ
  0
XRECORD
  5
100000FB
102
{ACAD_REACTORS
330
100000FA
102
}
330
100000FA
100
AcDbXrecord
1000
KLBK
  0
XRECORD
  5
100000FC
102
{ACAD_REACTORS
330
100000FA
102
}
330
100000FA
100
AcDbXrecord
1000
KLDK
  0
XRECORD
  5
100000FF
102
{ACAD_REACTORS
330
100000FE
102
}
330
100000FE
100
AcDbXrecord
1000
KLFJ
  0
XRECORD
  5
10000100
102
{ACAD_REACTORS
330
100000FE
102
}
330
100000FE
100
AcDbXrecord
1000
KLHJ
  0
XRECORD
  5
10000103
102
{ACAD_REACTORS
330
10000102
102
}
330
10000102
100
AcDbXrecord
1000
KL9J
  0
XRECORD
  5
10000104
102
{ACAD_REACTORS
330
10000102
102
}
330
10000102
100
AcDbXrecord
1000
KL/J
  0
XRECORD
  5
10000107
102
{ACAD_REACTORS
330
10000106
102
}
330
10000106
100
AcDbXrecord
1000
KLBJ
  0
XRECORD
  5
10000108
102
{ACAD_REACTORS
330
10000106
102
}
330
10000106
100
AcDbXrecord
1000
KLDJ
  0
XRECORD
  5
1000010B
102
{ACAD_REACTORS
330
1000010A
102
}
330
1000010A
100
AcDbXrecord
1000
KLBE
  0
XRECORD
  5
1000010C
102
{ACAD_REACTORS
330
1000010A
102
}
330
1000010A
100
AcDbXrecord
1000
KLDE
  0
XRECORD
  5
1000010F
102
{ACAD_REACTORS
330
1000010E
102
}
330
1000010E
100
AcDbXrecord
1000
KL9D
  0
XRECORD
  5
10000110
102
{ACAD_REACTORS
330
1000010E
102
}
330
1000010E
100
AcDbXrecord
1000
KL/D
  0
XRECORD
  5
10000113
102
{ACAD_REACTORS
330
10000112
102
}
330
10000112
100
AcDbXrecord
1000
KL5D
  0
XRECORD
  5
10000114
102
{ACAD_REACTORS
330
10000112
102
}
330
10000112
100
AcDbXrecord
1000
KL7D
  0
XRECORD
  5
10000117
102
{ACAD_REACTORS
330
10000116
102
}
330
10000116
100
AcDbXrecord
1000
KL1D
  0
XRECORD
  5
10000118
102
{ACAD_REACTORS
330
10000116
102
}
330
10000116
100
AcDbXrecord
1000
KL3D
  0
XRECORD
  5
1000011B
102
{ACAD_REACTORS
330
1000011A
102
}
330
1000011A
100
AcDbXrecord
1000
KLxD
  0
XRECORD
  5
1000011C
102
{ACAD_REACTORS
330
1000011A
102
}
330
1000011A
100
AcDbXrecord
1000
KLzD
  0
XRECORD
  5
1000011F
102
{ACAD_REACTORS
330
1000011E
102
}
330
1000011E
100
AcDbXrecord
1000
KLtD
  0
XRECORD
  5
10000120
102
{ACAD_REACTORS
330
1000011E
102
}
330
1000011E
100
AcDbXrecord
1000
KLvD
  0
XRECORD
  5
10000123
102
{ACAD_REACTORS
330
10000122
102
}
330
10000122
100
AcDbXrecord
1000
KLpD
  0
XRECORD
  5
10000124
102
{ACAD_REACTORS
330
10000122
102
}
330
10000122
100
AcDbXrecord
1000
KLrD
  0
XRECORD
  5
10000127
102
{ACAD_REACTORS
330
10000126
102
}
330
10000126
100
AcDbXrecord
1000
KLlD
  0
XRECORD
  5
10000128
102
{ACAD_REACTORS
330
10000126
102
}
330
10000126
100
AcDbXrecord
1000
KLnD
  0
XRECORD
  5
1000012B
102
{ACAD_REACTORS
330
1000012A
102
}
330
1000012A
100
AcDbXrecord
1000
JLx
  0
XRECORD
  5
1000012C
102
{ACAD_REACTORS
330
1000012A
102
}
330
1000012A
100
AcDbXrecord
1000
JLz
  0
XRECORD
  5
1000012F
102
{ACAD_REACTORS
330
1000012E
102
}
330
1000012E
100
AcDbXrecord
1000
KLNL
  0
XRECORD
  5
10000130
102
{ACAD_REACTORS
330
1000012E
102
}
330
1000012E
100
AcDbXrecord
1000
KLPL
  0
XRECORD
  5
10000133
102
{ACAD_REACTORS
330
10000132
102
}
330
10000132
100
AcDbXrecord
1000
KLhD
  0
XRECORD
  5
10000134
102
{ACAD_REACTORS
330
10000132
102
}
330
10000132
100
AcDbXrecord
1000
KLjD
  0
XRECORD
  5
10000137
102
{ACAD_REACTORS
330
10000136
102
}
330
10000136
100
AcDbXrecord
1000
JLt
  0
XRECORD
  5
10000138
102
{ACAD_REACTORS
330
10000136
102
}
330
10000136
100
AcDbXrecord
1000
JLv
  0
XRECORD
  5
1000013B
102
{ACAD_REACTORS
330
1000013A
102
}
330
1000013A
100
AcDbXrecord
1000
KLJL
  0
XRECORD
  5
1000013C
102
{ACAD_REACTORS
330
1000013A
102
}
330
1000013A
100
AcDbXrecord
1000
KLLL
  0
XRECORD
  5
1000013F
102
{ACAD_REACTORS
330
1000013E
102
}
330
1000013E
100
AcDbXrecord
1000
KLdD
  0
XRECORD
  5
10000140
102
{ACAD_REACTORS
330
1000013E
102
}
330
1000013E
100
AcDbXrecord
1000
KLfD
  0
XRECORD
  5
10000143
102
{ACAD_REACTORS
330
10000142
102
}
330
10000142
100
AcDbXrecord
1000
JLp
  0
XRECORD
  5
10000144
102
{ACAD_REACTORS
330
10000142
102
}
330
10000142
100
AcDbXrecord
1000
JLr
  0
XRECORD
  5
10000147
102
{ACAD_REACTORS
330
10000146
102
}
330
10000146
100
AcDbXrecord
1000
KLFL
  0
XRECORD
  5
10000148
102
{ACAD_REACTORS
330
10000146
102
}
330
10000146
100
AcDbXrecord
1000
KLHL
  0
XRECORD
  5
1000014B
102
{ACAD_REACTORS
330
1000014A
102
}
330
1000014A
100
AcDbXrecord
1000
KLZD
  0
XRECORD
  5
1000014C
102
{ACAD_REACTORS
330
1000014A
102
}
330
1000014A
100
AcDbXrecord
1000
KLbD
  0
XRECORD
  5
1000014F
102
{ACAD_REACTORS
330
1000014E
102
}
330
1000014E
100
AcDbXrecord
1000
JLl
  0
XRECORD
  5
10000150
102
{ACAD_REACTORS
330
1000014E
102
}
330
1000014E
100
AcDbXrecord
1000
JLn
  0
XRECORD
  5
10000153
102
{ACAD_REACTORS
330
10000152
102
}
330
10000152
100
AcDbXrecord
1000
KLFN
  0
XRECORD
  5
10000154
102
{ACAD_REACTORS
330
10000152
102
}
330
10000152
100
AcDbXrecord
1000
KLHN
  0
XRECORD
  5
10000157
102
{ACAD_REACTORS
330
10000156
102
}
330
10000156
100
AcDbXrecord
1000
KLBL
  0
XRECORD
  5
10000158
102
{ACAD_REACTORS
330
10000156
102
}
330
10000156
100
AcDbXrecord
1000
KLDL
  0
XRECORD
  5
1000015B
102
{ACAD_REACTORS
330
1000015A
102
}
330
1000015A
100
AcDbXrecord
1000
KLVD
  0
XRECORD
  5
1000015C
102
{ACAD_REACTORS
330
1000015A
102
}
330
1000015A
100
AcDbXrecord
1000
KLXD
  0
XRECORD
  5
1000015F
102
{ACAD_REACTORS
330
1000015E
102
}
330
1000015E
100
AcDbXrecord
1000
JLh
  0
XRECORD
  5
10000160
102
{ACAD_REACTORS
330
1000015E
102
}
330
1000015E
100
AcDbXrecord
1000
JLj
  0
XRECORD
  5
10000163
102
{ACAD_REACTORS
330
10000162
102
}
330
10000162
100
AcDbXrecord
1000
KLBN
  0
XRECORD
  5
10000164
102
{ACAD_REACTORS
330
10000162
102
}
330
10000162
100
AcDbXrecord
1000
KLDN
  0
XRECORD
  5
10000167
102
{ACAD_REACTORS
330
10000166
102
}
330
10000166
100
AcDbXrecord
1000
KL9K
  0
XRECORD
  5
10000168
102
{ACAD_REACTORS
330
10000166
102
}
330
10000166
100
AcDbXrecord
1000
KL/K
  0
XRECORD
  5
1000016B
102
{ACAD_REACTORS
330
1000016A
102
}
330
1000016A
100
AcDbXrecord
1000
KLRD
  0
XRECORD
  5
1000016C
102
{ACAD_REACTORS
330
1000016A
102
}
330
1000016A
100
AcDbXrecord
1000
KLTD
  0
XRECORD
  5
1000016F
102
{ACAD_REACTORS
330
1000016E
102
}
330
1000016E
100
AcDbXrecord
1000
JLd
  0
XRECORD
  5
10000170
102
{ACAD_REACTORS
330
1000016E
102
}
330
1000016E
100
AcDbXrecord
1000
JLf
  0
XRECORD
  5
10000173
102
{ACAD_REACTORS
330
10000172
102
}
330
10000172
100
AcDbXrecord
1000
KL9M
  0
XRECORD
  5
10000174
102
{ACAD_REACTORS
330
10000172
102
}
330
10000172
100
AcDbXrecord
1000
KL/M
  0
XRECORD
  5
10000177
102
{ACAD_REACTORS
330
10000176
102
}
330
10000176
100
AcDbXrecord
1000
KL5K
  0
XRECORD
  5
10000178
102
{ACAD_REACTORS
330
10000176
102
}
330
10000176
100
AcDbXrecord
1000
KL7K
  0
XRECORD
  5
1000017B
102
{ACAD_REACTORS
330
1000017A
102
}
330
1000017A
100
AcDbXrecord
1000
KLND
  0
XRECORD
  5
1000017C
102
{ACAD_REACTORS
330
1000017A
102
}
330
1000017A
100
AcDbXrecord
1000
KLPD
  0
XRECORD
  5
1000017F
102
{ACAD_REACTORS
330
1000017E
102
}
330
1000017E
100
AcDbXrecord
1000
JLZ
  0
XRECORD
  5
10000180
102
{ACAD_REACTORS
330
1000017E
102
}
330
1000017E
100
AcDbXrecord
1000
JLb
  0
XRECORD
  5
10000183
102
{ACAD_REACTORS
330
10000182
102
}
330
10000182
100
AcDbXrecord
1000
KL1K
  0
XRECORD
  5
10000184
102
{ACAD_REACTORS
330
10000182
102
}
330
10000182
100
AcDbXrecord
1000
KL3K
  0
XRECORD
  5
10000187
102
{ACAD_REACTORS
330
10000186
102
}
330
10000186
100
AcDbXrecord
1000
KL5M
  0
XRECORD
  5
10000188
102
{ACAD_REACTORS
330
10000186
102
}
330
10000186
100
AcDbXrecord
1000
KL7M
  0
XRECORD
  5
1000018B
102
{ACAD_REACTORS
330
1000018A
102
}
330
1000018A
100
AcDbXrecord
1000
JLV
  0
XRECORD
  5
1000018C
102
{ACAD_REACTORS
330
1000018A
102
}
330
1000018A
100
AcDbXrecord
1000
JLX
  0
XRECORD
  5
1000018F
102
{ACAD_REACTORS
330
1000018E
102
}
330
1000018E
100
AcDbXrecord
1000
KLxK
  0
XRECORD
  5
10000190
102
{ACAD_REACTORS
330
1000018E
102
}
330
1000018E
100
AcDbXrecord
1000
KLzK
  0
XRECORD
  5
10000193
102
{ACAD_REACTORS
330
10000192
102
}
330
10000192
100
AcDbXrecord
1000
KL1M
  0
XRECORD
  5
10000194
102
{ACAD_REACTORS
330
10000192
102
}
330
10000192
100
AcDbXrecord
1000
KL3M
  0
XRECORD
  5
10000197
102
{ACAD_REACTORS
330
10000196
102
}
330
10000196
100
AcDbXrecord
1000
KLpC
  0
XRECORD
  5
10000198
102
{ACAD_REACTORS
330
10000196
102
}
330
10000196
100
AcDbXrecord
1000
KLrC
  0
XRECORD
  5
1000019B
102
{ACAD_REACTORS
330
1000019A
102
}
330
1000019A
100
AcDbXrecord
1000
KLtC
  0
XRECORD
  5
1000019C
102
{ACAD_REACTORS
330
1000019A
102
}
330
1000019A
100
AcDbXrecord
1000
KLvC
  0
XRECORD
  5
1000019F
102
{ACAD_REACTORS
330
1000019E
102
}
330
1000019E
100
AcDbXrecord
1000
KLxC
  0
XRECORD
  5
100001A0
102
{ACAD_REACTORS
330
1000019E
102
}
330
1000019E
100
AcDbXrecord
1000
KLzC
  0
XRECORD
  5
100001A3
102
{ACAD_REACTORS
330
100001A2
102
}
330
100001A2
100
AcDbXrecord
1000
KL1C
  0
XRECORD
  5
100001A4
102
{ACAD_REACTORS
330
100001A2
102
}
330
100001A2
100
AcDbXrecord
1000
KL3C
  0
XRECORD
  5
100001A7
102
{ACAD_REACTORS
330
100001A6
102
}
330
100001A6
100
AcDbXrecord
1000
KL5C
  0
XRECORD
  5
100001A8
102
{ACAD_REACTORS
330
100001A6
102
}
330
100001A6
100
AcDbXrecord
1000
KL7C
  0
XRECORD
  5
100001AB
102
{ACAD_REACTORS
330
100001AA
102
}
330
100001AA
100
AcDbXrecord
1000
KL9C
  0
XRECORD
  5
100001AC
102
{ACAD_REACTORS
330
100001AA
102
}
330
100001AA
100
AcDbXrecord
1000
KL/C
  0
XRECORD
  5
100001AF
102
{ACAD_REACTORS
330
100001AE
102
}
330
100001AE
100
AcDbXrecord
1000
KLBD
  0
XRECORD
  5
100001B0
102
{ACAD_REACTORS
330
100001AE
102
}
330
100001AE
100
AcDbXrecord
1000
KLDD
  0
XRECORD
  5
100001B3
102
{ACAD_REACTORS
330
100001B2
102
}
330
100001B2
100
AcDbXrecord
1000
KLFD
  0
XRECORD
  5
100001B4
102
{ACAD_REACTORS
330
100001B2
102
}
330
100001B2
100
AcDbXrecord
1000
KLHD
  0
XRECORD
  5
100001B7
102
{ACAD_REACTORS
330
100001B6
102
}
330
100001B6
100
AcDbXrecord
1000
KLJD
  0
XRECORD
  5
100001B8
102
{ACAD_REACTORS
330
100001B6
102
}
330
100001B6
100
AcDbXrecord
1000
KLLD
  0
XRECORD
  5
100001BB
102
{ACAD_REACTORS
330
100001BA
102
}
330
100001BA
100
AcDbXrecord
1000
JL1
  0
XRECORD
  5
100001BC
102
{ACAD_REACTORS
330
100001BA
102
}
330
100001BA
100
AcDbXrecord
1000
JL3
  0
XRECORD
  5
100001BF
102
{ACAD_REACTORS
330
100001BE
102
}
330
100001BE
100
AcDbXrecord
1000
KLRL
  0
XRECORD
  5
100001C0
102
{ACAD_REACTORS
330
100001BE
102
}
330
100001BE
100
AcDbXrecord
1000
KLTL
  0
XRECORD
  5
100001C3
102
{ACAD_REACTORS
330
100001C2
102
}
330
100001C2
100
AcDbXrecord
1000
KLtK
  0
XRECORD
  5
100001C4
102
{ACAD_REACTORS
330
100001C2
102
}
330
100001C2
100
AcDbXrecord
1000
KLvK
  0
XRECORD
  5
100001C7
102
{ACAD_REACTORS
330
100001C6
102
}
330
100001C6
100
AcDbXrecord
1000
KLxM
  0
XRECORD
  5
100001C8
102
{ACAD_REACTORS
330
100001C6
102
}
330
100001C6
100
AcDbXrecord
1000
KLzM
  0
XRECORD
  5
100001CB
102
{ACAD_REACTORS
330
100001CA
102
}
330
100001CA
100
AcDbXrecord
1000
JL5
  0
XRECORD
  5
100001CC
102
{ACAD_REACTORS
330
100001CA
102
}
330
100001CA
100
AcDbXrecord
1000
JL7
  0
XRECORD
  5
100001CF
102
{ACAD_REACTORS
330
100001CE
102
}
330
100001CE
100
AcDbXrecord
1000
KLVL
  0
XRECORD
  5
100001D0
102
{ACAD_REACTORS
330
100001CE
102
}
330
100001CE
100
AcDbXrecord
1000
KLXL
  0
XRECORD
  5
100001D3
102
{ACAD_REACTORS
330
100001D2
102
}
330
100001D2
100
AcDbXrecord
1000
JL9
  0
XRECORD
  5
100001D4
102
{ACAD_REACTORS
330
100001D2
102
}
330
100001D2
100
AcDbXrecord
1000
JL/
  0
XRECORD
  5
100001D7
102
{ACAD_REACTORS
330
100001D6
102
}
330
100001D6
100
AcDbXrecord
1000
KLZL
  0
XRECORD
  5
100001D8
102
{ACAD_REACTORS
330
100001D6
102
}
330
100001D6
100
AcDbXrecord
1000
KLbL
  0
XRECORD
  5
100001DB
102
{ACAD_REACTORS
330
100001DA
102
}
330
100001DA
100
AcDbXrecord
1000
KLpL
  0
XRECORD
  5
100001DC
102
{ACAD_REACTORS
330
100001DA
102
}
330
100001DA
100
AcDbXrecord
1000
KLrL
  0
XRECORD
  5
100001DF
102
{ACAD_REACTORS
330
100001DE
102
}
330
100001DE
100
AcDbXrecord
1000
KLNB
  0
XRECORD
  5
100001E0
102
{ACAD_REACTORS
330
100001DE
102
}
330
100001DE
100
AcDbXrecord
1000
KLPB
  0
XRECORD
  5
100001E3
102
{ACAD_REACTORS
330
100001E2
102
}
330
100001E2
100
AcDbXrecord
1000
KLRM
  0
XRECORD
  5
100001E4
102
{ACAD_REACTORS
330
100001E2
102
}
330
100001E2
100
AcDbXrecord
1000
KLTM
  0
XRECORD
  5
100001E7
102
{ACAD_REACTORS
330
100001E6
102
}
330
100001E6
100
AcDbXrecord
1000
KLtL
  0
XRECORD
  5
100001E8
102
{ACAD_REACTORS
330
100001E6
102
}
330
100001E6
100
AcDbXrecord
1000
KLvL
  0
XRECORD
  5
100001EB
102
{ACAD_REACTORS
330
100001EA
102
}
330
100001EA
100
AcDbXrecord
1000
KLVM
  0
XRECORD
  5
100001EC
102
{ACAD_REACTORS
330
100001EA
102
}
330
100001EA
100
AcDbXrecord
1000
KLXM
  0
XRECORD
  5
100001EF
102
{ACAD_REACTORS
330
100001EE
102
}
330
100001EE
100
AcDbXrecord
1000
KLxL
  0
XRECORD
  5
100001F0
102
{ACAD_REACTORS
330
100001EE
102
}
330
100001EE
100
AcDbXrecord
1000
KLzL
  0
XRECORD
  5
100001F3
102
{ACAD_REACTORS
330
100001F2
102
}
330
100001F2
100
AcDbXrecord
1000
KLZM
  0
XRECORD
  5
100001F4
102
{ACAD_REACTORS
330
100001F2
102
}
330
100001F2
100
AcDbXrecord
1000
KLbM
  0
XRECORD
  5
100001F7
102
{ACAD_REACTORS
330
100001F6
102
}
330
100001F6
100
AcDbXrecord
1000
KL1L
  0
XRECORD
  5
100001F8
102
{ACAD_REACTORS
330
100001F6
102
}
330
100001F6
100
AcDbXrecord
1000
KL3L
  0
XRECORD
  5
100001FB
102
{ACAD_REACTORS
330
100001FA
102
}
330
100001FA
100
AcDbXrecord
1000
KLdM
  0
XRECORD
  5
100001FC
102
{ACAD_REACTORS
330
100001FA
102
}
330
100001FA
100
AcDbXrecord
1000
KLfM
  0
XRECORD
  5
100001FF
102
{ACAD_REACTORS
330
100001FE
102
}
330
100001FE
100
AcDbXrecord
1000
KL5L
  0
XRECORD
  5
10000200
102
{ACAD_REACTORS
330
100001FE
102
}
330
100001FE
100
AcDbXrecord
1000
KL7L
  0
XRECORD
  5
10000203
102
{ACAD_REACTORS
330
10000202
102
}
330
10000202
100
AcDbXrecord
1000
KLhM
  0
XRECORD
  5
10000204
102
{ACAD_REACTORS
330
10000202
102
}
330
10000202
100
AcDbXrecord
1000
KLjM
  0
XRECORD
  5
10000207
102
{ACAD_REACTORS
330
10000206
102
}
330
10000206
100
AcDbXrecord
1000
KL9L
  0
XRECORD
  5
10000208
102
{ACAD_REACTORS
330
10000206
102
}
330
10000206
100
AcDbXrecord
1000
KL/L
  0
XRECORD
  5
1000020B
102
{ACAD_REACTORS
330
1000020A
102
}
330
1000020A
100
AcDbXrecord
1000
KLlM
  0
XRECORD
  5
1000020C
102
{ACAD_REACTORS
330
1000020A
102
}
330
1000020A
100
AcDbXrecord
1000
KLnM
  0
XRECORD
  5
1000020F
102
{ACAD_REACTORS
330
1000020E
102
}
330
1000020E
100
AcDbXrecord
1000
KLBM
  0
XRECORD
  5
10000210
102
{ACAD_REACTORS
330
1000020E
102
}
330
1000020E
100
AcDbXrecord
1000
KLDM
  0
XRECORD
  5
10000213
102
{ACAD_REACTORS
330
10000212
102
}
330
10000212
100
AcDbXrecord
1000
KLpM
  0
XRECORD
  5
10000214
102
{ACAD_REACTORS
330
10000212
102
}
330
10000212
100
AcDbXrecord
1000
KLrM
  0
XRECORD
  5
10000217
102
{ACAD_REACTORS
330
10000216
102
}
330
10000216
100
AcDbXrecord
1000
KLtM
  0
XRECORD
  5
10000218
102
{ACAD_REACTORS
330
10000216
102
}
330
10000216
100
AcDbXrecord
1000
KLvM
  0
XRECORD
  5
1000021B
102
{ACAD_REACTORS
330
1000021A
102
}
330
1000021A
100
AcDbXrecord
1000
KLlC
  0
XRECORD
  5
1000021C
102
{ACAD_REACTORS
330
1000021A
102
}
330
1000021A
100
AcDbXrecord
1000
KLnC
  0
XRECORD
  5
1000021F
102
{ACAD_REACTORS
330
1000021E
102
}
330
1000021E
100
AcDbXrecord
1000
KLNM
  0
XRECORD
  5
10000220
102
{ACAD_REACTORS
330
1000021E
102
}
330
1000021E
100
AcDbXrecord
1000
KLPM
  0
XRECORD
  5
10000223
102
{ACAD_REACTORS
330
10000222
102
}
330
10000222
100
AcDbXrecord
1000
KLlL
  0
XRECORD
  5
10000224
102
{ACAD_REACTORS
330
10000222
102
}
330
10000222
100
AcDbXrecord
1000
KLnL
  0
XRECORD
  5
10000227
102
{ACAD_REACTORS
330
10000226
102
}
330
10000226
100
AcDbXrecord
1000
KLJB
  0
XRECORD
  5
10000228
102
{ACAD_REACTORS
330
10000226
102
}
330
10000226
100
AcDbXrecord
1000
KLLB
  0
XRECORD
  5
1000022B
102
{ACAD_REACTORS
330
1000022A
102
}
330
1000022A
100
AcDbXrecord
1000
KLJM
  0
XRECORD
  5
1000022C
102
{ACAD_REACTORS
330
1000022A
102
}
330
1000022A
100
AcDbXrecord
1000
KLLM
  0
XRECORD
  5
1000022F
102
{ACAD_REACTORS
330
1000022E
102
}
330
1000022E
100
AcDbXrecord
1000
KLhL
  0
XRECORD
  5
10000230
102
{ACAD_REACTORS
330
1000022E
102
}
330
1000022E
100
AcDbXrecord
1000
KLjL
  0
XRECORD
  5
10000233
102
{ACAD_REACTORS
330
10000232
102
}
330
10000232
100
AcDbXrecord
1000
KLFB
  0
XRECORD
  5
10000234
102
{ACAD_REACTORS
330
10000232
102
}
330
10000232
100
AcDbXrecord
1000
KLHB
  0
XRECORD
  5
10000237
102
{ACAD_REACTORS
330
10000236
102
}
330
10000236
100
AcDbXrecord
1000
KLFM
  0
XRECORD
  5
10000238
102
{ACAD_REACTORS
330
10000236
102
}
330
10000236
100
AcDbXrecord
1000
KLHM
  0
XRECORD
  5
1000023B
102
{ACAD_REACTORS
330
1000023A
102
}
330
1000023A
100
AcDbXrecord
1000
KLdL
  0
XRECORD
  5
1000023C
102
{ACAD_REACTORS
330
1000023A
102
}
330
1000023A
100
AcDbXrecord
1000
KLfL
  0
XRECORD
  5
1000023F
102
{ACAD_REACTORS
330
1000023E
102
}
330
1000023E
100
AcDbXrecord
1000
KLBB
  0
XRECORD
  5
10000240
102
{ACAD_REACTORS
330
1000023E
102
}
330
1000023E
100
AcDbXrecord
1000
KLDB
  0
XRECORD
  5
10000243
102
{ACAD_REACTORS
330
10000242
102
}
330
10000242
100
AcDbXrecord
1000
KLNC
  0
XRECORD
  5
10000244
102
{ACAD_REACTORS
330
10000242
102
}
330
10000242
100
AcDbXrecord
1000
KLPC
  0
XRECORD
  5
10000247
102
{ACAD_REACTORS
330
10000246
102
}
330
10000246
100
AcDbXrecord
1000
KLFE
  0
XRECORD
  5
10000248
102
{ACAD_REACTORS
330
10000246
102
}
330
10000246
100
AcDbXrecord
1000
KLHE
  0
XRECORD
  5
1000024B
102
{ACAD_REACTORS
330
1000024A
102
}
330
1000024A
100
AcDbXrecord
1000
KLRC
  0
XRECORD
  5
1000024C
102
{ACAD_REACTORS
330
1000024A
102
}
330
1000024A
100
AcDbXrecord
1000
KLTC
  0
XRECORD
  5
1000024F
102
{ACAD_REACTORS
330
1000024E
102
}
330
1000024E
100
AcDbXrecord
1000
KLJE
  0
XRECORD
  5
10000250
102
{ACAD_REACTORS
330
1000024E
102
}
330
1000024E
100
AcDbXrecord
1000
KLLE
  0
XRECORD
  5
10000253
102
{ACAD_REACTORS
330
10000252
102
}
330
10000252
100
AcDbXrecord
1000
KLVC
  0
XRECORD
  5
10000254
102
{ACAD_REACTORS
330
10000252
102
}
330
10000252
100
AcDbXrecord
1000
KLXC
  0
XRECORD
  5
10000257
102
{ACAD_REACTORS
330
10000256
102
}
330
10000256
100
AcDbXrecord
1000
KLNE
  0
XRECORD
  5
10000258
102
{ACAD_REACTORS
330
10000256
102
}
330
10000256
100
AcDbXrecord
1000
KLPE
  0
XRECORD
  5
1000025B
102
{ACAD_REACTORS
330
1000025A
102
}
330
1000025A
100
AcDbXrecord
1000
KLZC
  0
XRECORD
  5
1000025C
102
{ACAD_REACTORS
330
1000025A
102
}
330
1000025A
100
AcDbXrecord
1000
KLbC
  0
XRECORD
  5
1000025F
102
{ACAD_REACTORS
330
1000025E
102
}
330
1000025E
100
AcDbXrecord
1000
KLdC
  0
XRECORD
  5
10000260
102
{ACAD_REACTORS
330
1000025E
102
}
330
1000025E
100
AcDbXrecord
1000
KLfC
  0
XRECORD
  5
10000263
102
{ACAD_REACTORS
330
10000262
102
}
330
10000262
100
AcDbXrecord
1000
KLhC
  0
XRECORD
  5
10000264
102
{ACAD_REACTORS
330
10000262
102
}
330
10000262
100
AcDbXrecord
1000
KLjC
  0
XRECORD
  5
10000267
102
{ACAD_REACTORS
330
10000266
102
}
330
10000266
100
AcDbXrecord
1000
KLRE
  0
XRECORD
  5
10000268
102
{ACAD_REACTORS
330
10000266
102
}
330
10000266
100
AcDbXrecord
1000
KLTE
  0
XRECORD
  5
1000026B
102
{ACAD_REACTORS
330
1000026A
102
}
330
1000026A
100
AcDbXrecord
1000
KLVE
  0
XRECORD
  5
1000026C
102
{ACAD_REACTORS
330
1000026A
102
}
330
1000026A
100
AcDbXrecord
1000
KLXE
  0
XRECORD
  5
1000026F
102
{ACAD_REACTORS
330
1000026E
102
}
330
1000026E
100
AcDbXrecord
1000
KLZE
  0
XRECORD
  5
10000270
102
{ACAD_REACTORS
330
1000026E
102
}
330
1000026E
100
AcDbXrecord
1000
KLbE
  0
XRECORD
  5
10000273
102
{ACAD_REACTORS
330
10000272
102
}
330
10000272
100
AcDbXrecord
1000
KLdE
  0
XRECORD
  5
10000274
102
{ACAD_REACTORS
330
10000272
102
}
330
10000272
100
AcDbXrecord
1000
KLfE
  0
XRECORD
  5
10000277
102
{ACAD_REACTORS
330
10000276
102
}
330
10000276
100
AcDbXrecord
1000
KLhE
  0
XRECORD
  5
10000278
102
{ACAD_REACTORS
330
10000276
102
}
330
10000276
100
AcDbXrecord
1000
KLjE
  0
XRECORD
  5
1000027B
102
{ACAD_REACTORS
330
1000027A
102
}
330
1000027A
100
AcDbXrecord
1000
KLlE
  0
XRECORD
  5
1000027C
102
{ACAD_REACTORS
330
1000027A
102
}
330
1000027A
100
AcDbXrecord
1000
KLnE
  0
XRECORD
  5
1000027F
102
{ACAD_REACTORS
330
1000027E
102
}
330
1000027E
100
AcDbXrecord
1000
KLpE
  0
XRECORD
  5
10000280
102
{ACAD_REACTORS
330
1000027E
102
}
330
1000027E
100
AcDbXrecord
1000
KLrE
  0
XRECORD
  5
10000283
102
{ACAD_REACTORS
330
10000282
102
}
330
10000282
100
AcDbXrecord
1000
KLtE
  0
XRECORD
  5
10000284
102
{ACAD_REACTORS
330
10000282
102
}
330
10000282
100
AcDbXrecord
1000
KLvE
  0
XRECORD
  5
10000287
102
{ACAD_REACTORS
330
10000286
102
}
330
10000286
100
AcDbXrecord
1000
KLxE
  0
XRECORD
  5
10000288
102
{ACAD_REACTORS
330
10000286
102
}
330
10000286
100
AcDbXrecord
1000
KLzE
  0
XRECORD
  5
1000028B
102
{ACAD_REACTORS
330
1000028A
102
}
330
1000028A
100
AcDbXrecord
1000
KL1E
  0
XRECORD
  5
1000028C
102
{ACAD_REACTORS
330
1000028A
102
}
330
1000028A
100
AcDbXrecord
1000
KL3E
  0
XRECORD
  5
1000028F
102
{ACAD_REACTORS
330
1000028E
102
}
330
1000028E
100
AcDbXrecord
1000
KL5E
  0
XRECORD
  5
10000290
102
{ACAD_REACTORS
330
1000028E
102
}
330
1000028E
100
AcDbXrecord
1000
KL7E
  0
XRECORD
  5
10000293
102
{ACAD_REACTORS
330
10000292
102
}
330
10000292
100
AcDbXrecord
1000
KL9E
  0
XRECORD
  5
10000294
102
{ACAD_REACTORS
330
10000292
102
}
330
10000292
100
AcDbXrecord
1000
KL/E
  0
XRECORD
  5
10000297
102
{ACAD_REACTORS
330
10000296
102
}
330
10000296
100
AcDbXrecord
1000
KLBF
  0
XRECORD
  5
10000298
102
{ACAD_REACTORS
330
10000296
102
}
330
10000296
100
AcDbXrecord
1000
KLDF
  0
XRECORD
  5
1000029B
102
{ACAD_REACTORS
330
1000029A
102
}
330
1000029A
100
AcDbXrecord
1000
KLFF
  0
XRECORD
  5
1000029C
102
{ACAD_REACTORS
330
1000029A
102
}
330
1000029A
100
AcDbXrecord
1000
KLHF
  0
XRECORD
  5
1000029F
102
{ACAD_REACTORS
330
1000029E
102
}
330
1000029E
100
AcDbXrecord
1000
KLJF
  0
XRECORD
  5
100002A0
102
{ACAD_REACTORS
330
1000029E
102
}
330
1000029E
100
AcDbXrecord
1000
KLLF
  0
XRECORD
  5
100002A3
102
{ACAD_REACTORS
330
100002A2
102
}
330
100002A2
100
AcDbXrecord
1000
KLNF
  0
XRECORD
  5
100002A4
102
{ACAD_REACTORS
330
100002A2
102
}
330
100002A2
100
AcDbXrecord
1000
KLPF
  0
XRECORD
  5
100002A7
102
{ACAD_REACTORS
330
100002A6
102
}
330
100002A6
100
AcDbXrecord
1000
KLRF
  0
XRECORD
  5
100002A8
102
{ACAD_REACTORS
330
100002A6
102
}
330
100002A6
100
AcDbXrecord
1000
KLTF
  0
XRECORD
  5
100002AB
102
{ACAD_REACTORS
330
100002AA
102
}
330
100002AA
100
AcDbXrecord
1000
KLVF
  0
XRECORD
  5
100002AC
102
{ACAD_REACTORS
330
100002AA
102
}
330
100002AA
100
AcDbXrecord
1000
KLXF
  0
XRECORD
  5
100002AF
102
{ACAD_REACTORS
330
100002AE
102
}
330
100002AE
100
AcDbXrecord
1000
KLZF
  0
XRECORD
  5
100002B0
102
{ACAD_REACTORS
330
100002AE
102
}
330
100002AE
100
AcDbXrecord
1000
KLbF
  0
XRECORD
  5
100002B3
102
{ACAD_REACTORS
330
100002B2
102
}
330
100002B2
100
AcDbXrecord
1000
KLdF
  0
XRECORD
  5
100002B4
102
{ACAD_REACTORS
330
100002B2
102
}
330
100002B2
100
AcDbXrecord
1000
KLfF
  0
XRECORD
  5
100002B7
102
{ACAD_REACTORS
330
100002B6
102
}
330
100002B6
100
AcDbXrecord
1000
KLhF
  0
XRECORD
  5
100002B8
102
{ACAD_REACTORS
330
100002B6
102
}
330
100002B6
100
AcDbXrecord
1000
KLjF
  0
XRECORD
  5
100002BB
102
{ACAD_REACTORS
330
100002BA
102
}
330
100002BA
100
AcDbXrecord
1000
KLlF
  0
XRECORD
  5
100002BC
102
{ACAD_REACTORS
330
100002BA
102
}
330
100002BA
100
AcDbXrecord
1000
KLnF
  0
XRECORD
  5
100002BF
102
{ACAD_REACTORS
330
100002BE
102
}
330
100002BE
100
AcDbXrecord
1000
KLpF
  0
XRECORD
  5
100002C0
102
{ACAD_REACTORS
330
100002BE
102
}
330
100002BE
100
AcDbXrecord
1000
KLrF
  0
XRECORD
  5
100002C3
102
{ACAD_REACTORS
330
100002C2
102
}
330
100002C2
100
AcDbXrecord
1000
KLtF
  0
XRECORD
  5
100002C4
102
{ACAD_REACTORS
330
100002C2
102
}
330
100002C2
100
AcDbXrecord
1000
KLvF
  0
XRECORD
  5
100002C7
102
{ACAD_REACTORS
330
100002C6
102
}
330
100002C6
100
AcDbXrecord
1000
KLxF
  0
XRECORD
  5
100002C8
102
{ACAD_REACTORS
330
100002C6
102
}
330
100002C6
100
AcDbXrecord
1000
KLzF
  0
XRECORD
  5
100002CB
102
{ACAD_REACTORS
330
100002CA
102
}
330
100002CA
100
AcDbXrecord
1000
KL1F
  0
XRECORD
  5
100002CC
102
{ACAD_REACTORS
330
100002CA
102
}
330
100002CA
100
AcDbXrecord
1000
KL3F
  0
XRECORD
  5
100002CF
102
{ACAD_REACTORS
330
100002CE
102
}
330
100002CE
100
AcDbXrecord
1000
KL5F
  0
XRECORD
  5
100002D0
102
{ACAD_REACTORS
330
100002CE
102
}
330
100002CE
100
AcDbXrecord
1000
KL7F
  0
XRECORD
  5
100002D3
102
{ACAD_REACTORS
330
100002D2
102
}
330
100002D2
100
AcDbXrecord
1000
KL9F
  0
XRECORD
  5
100002D4
102
{ACAD_REACTORS
330
100002D2
102
}
330
100002D2
100
AcDbXrecord
1000
KL/F
  0
XRECORD
  5
100002D7
102
{ACAD_REACTORS
330
100002D6
102
}
330
100002D6
100
AcDbXrecord
1000
KLBG
  0
XRECORD
  5
100002D8
102
{ACAD_REACTORS
330
100002D6
102
}
330
100002D6
100
AcDbXrecord
1000
KLDG
  0
XRECORD
  5
100002DB
102
{ACAD_REACTORS
330
100002DA
102
}
330
100002DA
100
AcDbXrecord
1000
KLFG
  0
XRECORD
  5
100002DC
102
{ACAD_REACTORS
330
100002DA
102
}
330
100002DA
100
AcDbXrecord
1000
KLHG
  0
XRECORD
  5
100002DF
102
{ACAD_REACTORS
330
100002DE
102
}
330
100002DE
100
AcDbXrecord
1000
KLJG
  0
XRECORD
  5
100002E0
102
{ACAD_REACTORS
330
100002DE
102
}
330
100002DE
100
AcDbXrecord
1000
KLLG
  0
XRECORD
  5
100002E3
102
{ACAD_REACTORS
330
100002E2
102
}
330
100002E2
100
AcDbXrecord
1000
KLNG
  0
XRECORD
  5
100002E4
102
{ACAD_REACTORS
330
100002E2
102
}
330
100002E2
100
AcDbXrecord
1000
KLPG
  0
XRECORD
  5
100002E7
102
{ACAD_REACTORS
330
100002E6
102
}
330
100002E6
100
AcDbXrecord
1000
KLRG
  0
XRECORD
  5
100002E8
102
{ACAD_REACTORS
330
100002E6
102
}
330
100002E6
100
AcDbXrecord
1000
KLTG
  0
XRECORD
  5
100002EB
102
{ACAD_REACTORS
330
100002EA
102
}
330
100002EA
100
AcDbXrecord
1000
KLVG
  0
XRECORD
  5
100002EC
102
{ACAD_REACTORS
330
100002EA
102
}
330
100002EA
100
AcDbXrecord
1000
KLXG
  0
XRECORD
  5
100002EF
102
{ACAD_REACTORS
330
100002EE
102
}
330
100002EE
100
AcDbXrecord
1000
KLZG
  0
XRECORD
  5
100002F0
102
{ACAD_REACTORS
330
100002EE
102
}
330
100002EE
100
AcDbXrecord
1000
KLbG
  0
XRECORD
  5
100002F3
102
{ACAD_REACTORS
330
100002F2
102
}
330
100002F2
100
AcDbXrecord
1000
KLdG
  0
XRECORD
  5
100002F4
102
{ACAD_REACTORS
330
100002F2
102
}
330
100002F2
100
AcDbXrecord
1000
KLfG
  0
XRECORD
  5
100002F7
102
{ACAD_REACTORS
330
100002F6
102
}
330
100002F6
100
AcDbXrecord
1000
KLhG
  0
XRECORD
  5
100002F8
102
{ACAD_REACTORS
330
100002F6
102
}
330
100002F6
100
AcDbXrecord
1000
KLjG
  0
XRECORD
  5
100002FB
102
{ACAD_REACTORS
330
100002FA
102
}
330
100002FA
100
AcDbXrecord
1000
KLlG
  0
XRECORD
  5
100002FC
102
{ACAD_REACTORS
330
100002FA
102
}
330
100002FA
100
AcDbXrecord
1000
KLnG
  0
XRECORD
  5
100002FF
102
{ACAD_REACTORS
330
100002FE
102
}
330
100002FE
100
AcDbXrecord
1000
KLpG
  0
XRECORD
  5
10000300
102
{ACAD_REACTORS
330
100002FE
102
}
330
100002FE
100
AcDbXrecord
1000
KLrG
  0
XRECORD
  5
10000303
102
{ACAD_REACTORS
330
10000302
102
}
330
10000302
100
AcDbXrecord
1000
KLtG
  0
XRECORD
  5
10000304
102
{ACAD_REACTORS
330
10000302
102
}
330
10000302
100
AcDbXrecord
1000
KLvG
  0
XRECORD
  5
10000307
102
{ACAD_REACTORS
330
10000306
102
}
330
10000306
100
AcDbXrecord
1000
KLxG
  0
XRECORD
  5
10000308
102
{ACAD_REACTORS
330
10000306
102
}
330
10000306
100
AcDbXrecord
1000
KLzG
  0
XRECORD
  5
1000030B
102
{ACAD_REACTORS
330
1000030A
102
}
330
1000030A
100
AcDbXrecord
1000
KL1G
  0
XRECORD
  5
1000030C
102
{ACAD_REACTORS
330
1000030A
102
}
330
1000030A
100
AcDbXrecord
1000
KL3G
  0
XRECORD
  5
1000030F
102
{ACAD_REACTORS
330
1000030E
102
}
330
1000030E
100
AcDbXrecord
1000
KL5G
  0
XRECORD
  5
10000310
102
{ACAD_REACTORS
330
1000030E
102
}
330
1000030E
100
AcDbXrecord
1000
KL7G
  0
XRECORD
  5
10000313
102
{ACAD_REACTORS
330
10000312
102
}
330
10000312
100
AcDbXrecord
1000
KL9G
  0
XRECORD
  5
10000314
102
{ACAD_REACTORS
330
10000312
102
}
330
10000312
100
AcDbXrecord
1000
KL/G
  0
XRECORD
  5
10000317
102
{ACAD_REACTORS
330
10000316
102
}
330
10000316
100
AcDbXrecord
1000
KLBH
  0
XRECORD
  5
10000318
102
{ACAD_REACTORS
330
10000316
102
}
330
10000316
100
AcDbXrecord
1000
KLDH
  0
XRECORD
  5
1000031B
102
{ACAD_REACTORS
330
1000031A
102
}
330
1000031A
100
AcDbXrecord
1000
KLFH
  0
XRECORD
  5
1000031C
102
{ACAD_REACTORS
330
1000031A
102
}
330
1000031A
100
AcDbXrecord
1000
KLHH
  0
XRECORD
  5
1000031F
102
{ACAD_REACTORS
330
1000031E
102
}
330
1000031E
100
AcDbXrecord
1000
KLJH
  0
XRECORD
  5
10000320
102
{ACAD_REACTORS
330
1000031E
102
}
330
1000031E
100
AcDbXrecord
1000
KLLH
  0
XRECORD
  5
10000323
102
{ACAD_REACTORS
330
10000322
102
}
330
10000322
100
AcDbXrecord
1000
KLNH
  0
XRECORD
  5
10000324
102
{ACAD_REACTORS
330
10000322
102
}
330
10000322
100
AcDbXrecord
1000
KLPH
  0
XRECORD
  5
10000327
102
{ACAD_REACTORS
330
10000326
102
}
330
10000326
100
AcDbXrecord
1000
KLRH
  0
XRECORD
  5
10000328
102
{ACAD_REACTORS
330
10000326
102
}
330
10000326
100
AcDbXrecord
1000
KLTH
  0
XRECORD
  5
1000032B
102
{ACAD_REACTORS
330
1000032A
102
}
330
1000032A
100
AcDbXrecord
1000
KLVH
  0
XRECORD
  5
1000032C
102
{ACAD_REACTORS
330
1000032A
102
}
330
1000032A
100
AcDbXrecord
1000
KLXH
  0
XRECORD
  5
1000032F
102
{ACAD_REACTORS
330
1000032E
102
}
330
1000032E
100
AcDbXrecord
1000
KLZH
  0
XRECORD
  5
10000330
102
{ACAD_REACTORS
330
1000032E
102
}
330
1000032E
100
AcDbXrecord
1000
KLbH
  0
XRECORD
  5
10000333
102
{ACAD_REACTORS
330
10000332
102
}
330
10000332
100
AcDbXrecord
1000
KLdH
  0
XRECORD
  5
10000334
102
{ACAD_REACTORS
330
10000332
102
}
330
10000332
100
AcDbXrecord
1000
KLfH
  0
XRECORD
  5
10000337
102
{ACAD_REACTORS
330
10000336
102
}
330
10000336
100
AcDbXrecord
1000
KLhH
  0
XRECORD
  5
10000338
102
{ACAD_REACTORS
330
10000336
102
}
330
10000336
100
AcDbXrecord
1000
KLjH
  0
XRECORD
  5
1000033B
102
{ACAD_REACTORS
330
1000033A
102
}
330
1000033A
100
AcDbXrecord
1000
KLlH
  0
XRECORD
  5
1000033C
102
{ACAD_REACTORS
330
1000033A
102
}
330
1000033A
100
AcDbXrecord
1000
KLnH
  0
XRECORD
  5
1000033F
102
{ACAD_REACTORS
330
1000033E
102
}
330
1000033E
100
AcDbXrecord
1000
KLpH
  0
XRECORD
  5
10000340
102
{ACAD_REACTORS
330
1000033E
102
}
330
1000033E
100
AcDbXrecord
1000
KLrH
  0
XRECORD
  5
10000343
102
{ACAD_REACTORS
330
10000342
102
}
330
10000342
100
AcDbXrecord
1000
KLtH
  0
XRECORD
  5
10000344
102
{ACAD_REACTORS
330
10000342
102
}
330
10000342
100
AcDbXrecord
1000
KLvH
  0
XRECORD
  5
10000347
102
{ACAD_REACTORS
330
10000346
102
}
330
10000346
100
AcDbXrecord
1000
KLxH
  0
XRECORD
  5
10000348
102
{ACAD_REACTORS
330
10000346
102
}
330
10000346
100
AcDbXrecord
1000
KLzH
  0
XRECORD
  5
1000034B
102
{ACAD_REACTORS
330
1000034A
102
}
330
1000034A
100
AcDbXrecord
1000
KL1H
  0
XRECORD
  5
1000034C
102
{ACAD_REACTORS
330
1000034A
102
}
330
1000034A
100
AcDbXrecord
1000
KL3H
  0
XRECORD
  5
1000034F
102
{ACAD_REACTORS
330
1000034E
102
}
330
1000034E
100
AcDbXrecord
1000
KL5H
  0
XRECORD
  5
10000350
102
{ACAD_REACTORS
330
1000034E
102
}
330
1000034E
100
AcDbXrecord
1000
KL7H
  0
XRECORD
  5
10000353
102
{ACAD_REACTORS
330
10000352
102
}
330
10000352
100
AcDbXrecord
1000
KL9H
  0
XRECORD
  5
10000354
102
{ACAD_REACTORS
330
10000352
102
}
330
10000352
100
AcDbXrecord
1000
KL/H
  0
XRECORD
  5
10000357
102
{ACAD_REACTORS
330
10000356
102
}
330
10000356
100
AcDbXrecord
1000
KLBI
  0
XRECORD
  5
10000358
102
{ACAD_REACTORS
330
10000356
102
}
330
10000356
100
AcDbXrecord
1000
KLDI
  0
XRECORD
  5
1000035B
102
{ACAD_REACTORS
330
1000035A
102
}
330
1000035A
100
AcDbXrecord
1000
KLFI
  0
XRECORD
  5
1000035C
102
{ACAD_REACTORS
330
1000035A
102
}
330
1000035A
100
AcDbXrecord
1000
KLHI
  0
XRECORD
  5
1000035F
102
{ACAD_REACTORS
330
1000035E
102
}
330
1000035E
100
AcDbXrecord
1000
KLJI
  0
XRECORD
  5
10000360
102
{ACAD_REACTORS
330
1000035E
102
}
330
1000035E
100
AcDbXrecord
1000
KLLI
  0
XRECORD
  5
10000363
102
{ACAD_REACTORS
330
10000362
102
}
330
10000362
100
AcDbXrecord
1000
KLNI
  0
XRECORD
  5
10000364
102
{ACAD_REACTORS
330
10000362
102
}
330
10000362
100
AcDbXrecord
1000
KLPI
  0
XRECORD
  5
10000367
102
{ACAD_REACTORS
330
10000366
102
}
330
10000366
100
AcDbXrecord
1000
KLRI
  0
XRECORD
  5
10000368
102
{ACAD_REACTORS
330
10000366
102
}
330
10000366
100
AcDbXrecord
1000
KLTI
  0
XRECORD
  5
1000036B
102
{ACAD_REACTORS
330
1000036A
102
}
330
1000036A
100
AcDbXrecord
1000
KLVI
  0
XRECORD
  5
1000036C
102
{ACAD_REACTORS
330
1000036A
102
}
330
1000036A
100
AcDbXrecord
1000
KLXI
  0
XRECORD
  5
1000036F
102
{ACAD_REACTORS
330
1000036E
102
}
330
1000036E
100
AcDbXrecord
1000
KLZI
  0
XRECORD
  5
10000370
102
{ACAD_REACTORS
330
1000036E
102
}
330
1000036E
100
AcDbXrecord
1000
KLbI
  0
XRECORD
  5
10000373
102
{ACAD_REACTORS
330
10000372
102
}
330
10000372
100
AcDbXrecord
1000
KLdI
  0
XRECORD
  5
10000374
102
{ACAD_REACTORS
330
10000372
102
}
330
10000372
100
AcDbXrecord
1000
KLfI
  0
XRECORD
  5
10000377
102
{ACAD_REACTORS
330
10000376
102
}
330
10000376
100
AcDbXrecord
1000
KLhI
  0
XRECORD
  5
10000378
102
{ACAD_REACTORS
330
10000376
102
}
330
10000376
100
AcDbXrecord
1000
KLjI
  0
XRECORD
  5
1000037B
102
{ACAD_REACTORS
330
1000037A
102
}
330
1000037A
100
AcDbXrecord
1000
KLlI
  0
XRECORD
  5
1000037C
102
{ACAD_REACTORS
330
1000037A
102
}
330
1000037A
100
AcDbXrecord
1000
KLnI
  0
XRECORD
  5
1000037F
102
{ACAD_REACTORS
330
1000037E
102
}
330
1000037E
100
AcDbXrecord
1000
KLpI
  0
XRECORD
  5
10000380
102
{ACAD_REACTORS
330
1000037E
102
}
330
1000037E
100
AcDbXrecord
1000
KLrI
  0
XRECORD
  5
10000383
102
{ACAD_REACTORS
330
10000382
102
}
330
10000382
100
AcDbXrecord
1000
KLtI
  0
XRECORD
  5
10000384
102
{ACAD_REACTORS
330
10000382
102
}
330
10000382
100
AcDbXrecord
1000
KLvI
  0
XRECORD
  5
10000387
102
{ACAD_REACTORS
330
10000386
102
}
330
10000386
100
AcDbXrecord
1000
KLxI
  0
XRECORD
  5
10000388
102
{ACAD_REACTORS
330
10000386
102
}
330
10000386
100
AcDbXrecord
1000
KLzI
  0
XRECORD
  5
1000038B
102
{ACAD_REACTORS
330
1000038A
102
}
330
1000038A
100
AcDbXrecord
1000
KL1I
  0
XRECORD
  5
1000038C
102
{ACAD_REACTORS
330
1000038A
102
}
330
1000038A
100
AcDbXrecord
1000
KL3I
  0
XRECORD
  5
1000038F
102
{ACAD_REACTORS
330
1000038E
102
}
330
1000038E
100
AcDbXrecord
1000
KLxJ
  0
XRECORD
  5
10000390
102
{ACAD_REACTORS
330
1000038E
102
}
330
1000038E
100
AcDbXrecord
1000
KLzJ
  0
XRECORD
  5
10000393
102
{ACAD_REACTORS
330
10000392
102
}
330
10000392
100
AcDbXrecord
1000
KL5I
  0
XRECORD
  5
10000394
102
{ACAD_REACTORS
330
10000392
102
}
330
10000392
100
AcDbXrecord
1000
KL7I
  0
XRECORD
  5
10000397
102
{ACAD_REACTORS
330
10000396
102
}
330
10000396
100
AcDbXrecord
1000
KL1J
  0
XRECORD
  5
10000398
102
{ACAD_REACTORS
330
10000396
102
}
330
10000396
100
AcDbXrecord
1000
KL3J
  0
XRECORD
  5
1000039B
102
{ACAD_REACTORS
330
1000039A
102
}
330
1000039A
100
AcDbXrecord
1000
KL9I
  0
XRECORD
  5
1000039C
102
{ACAD_REACTORS
330
1000039A
102
}
330
1000039A
100
AcDbXrecord
1000
KL/I
  0
XRECORD
  5
1000039F
102
{ACAD_REACTORS
330
1000039E
102
}
330
1000039E
100
AcDbXrecord
1000
KL5J
  0
XRECORD
  5
100003A0
102
{ACAD_REACTORS
330
1000039E
102
}
330
1000039E
100
AcDbXrecord
1000
KL7J
  0
MATERIAL
  5
45
102
{ACAD_REACTORS
330
43
102
}
102
{ACAD_XDICTIONARY
360
100003D2
102
}
330
43
100
AcDbMaterial
  1
BYBLOCK
  0
MATERIAL
  5
44
102
{ACAD_REACTORS
330
43
102
}
102
{ACAD_XDICTIONARY
360
100003D0
102
}
330
43
100
AcDbMaterial
  1
BYLAYER
  0
MATERIAL
  5
46
102
{ACAD_REACTORS
330
43
102
}
102
{ACAD_XDICTIONARY
360
100003D4
102
}
330
43
100
AcDbMaterial
  1
GLOBAL
  0
ACAD_PROXY_OBJECT
  5
5C
102
{ACAD_REACTORS
330
5B
102
}
330
5B
100
AcDbProxyObject
 90
      499
 91
      505
 93
      610
310
40901902A4063FBFFFFFE056BD1B81E855B9FC0AD7A3703D0AD73F4214DD185B99185C9900AD7A3703D0AC73F90141901A02B5E8DC0F42B1CFC02B5E8DC0F42B1CFE5764000000000000300FC0
340
14
340
0
340
11
340
0
 94
        0
1001
ACAD_MLEADERVER
1070
     2
  0
MLINESTYLE
  5
18
102
{ACAD_REACTORS
330
17
102
}
330
17
100
AcDbMlineStyle
  2
Standard
 70
     0
  3

 62
   256
 51
90.0
 52
90.0
 71
     2
 49
0.5
 62
   256
  6
BYLAYER
 49
-0.5
 62
   256
  6
BYLAYER
  0
ACAD_PROXY_OBJECT
  5
10000023
102
{ACAD_REACTORS
330
47
102
}
330
47
100
AcDbProxyObject
 90
      499
 91
      503
 93
      121
310
9053130303A310000000000001650100
  0
ACAD_PROXY_OBJECT
  5
1000001D
102
{ACAD_REACTORS
330
47
102
}
330
47
100
AcDbProxyObject
 90
      499
 91
      503
 93
      113
310
90431303A310000000000000910100
  0
ACAD_PROXY_OBJECT
  5
1000001E
102
{ACAD_REACTORS
330
47
102
}
330
47
100
AcDbProxyObject
 90
      499
 91
      503
 93
      113
310
90431323A310000000000000A10100
  0
ACAD_PROXY_OBJECT
  5
1000001F
102
{ACAD_REACTORS
330
47
102
}
330
47
100
AcDbProxyObject
 90
      499
 91
      503
 93
      113
310
90431363A310000000000000C10100
  0
ACAD_PROXY_OBJECT
  5
10000006
102
{ACAD_REACTORS
330
47
102
}
330
47
100
AcDbProxyObject
 90
      499
 91
      503
 93
       41
310
903313A31500
  0
ACAD_PROXY_OBJECT
  5
1000000D
102
{ACAD_REACTORS
330
47
102
}
330
47
100
AcDbProxyObject
 90
      499
 91
      503
 93
      113
310
904313A31304000000000000244000
  0
ACAD_PROXY_OBJECT
  5
10000016
102
{ACAD_REACTORS
330
47
102
}
330
47
100
AcDbProxyObject
 90
      499
 91
      503
 93
      121
310
905313A3130304000000000000594000
  0
ACAD_PROXY_OBJECT
  5
1000000E
102
{ACAD_REACTORS
330
47
102
}
330
47
100
AcDbProxyObject
 90
      499
 91
      503
 93
      113
310
904313A31324000000000000284000
  0
ACAD_PROXY_OBJECT
  5
1000000F
102
{ACAD_REACTORS
330
47
102
}
330
47
100
AcDbProxyObject
 90
      499
 91
      503
 93
      113
310
904313A31364000000000000304000
  0
ACAD_PROXY_OBJECT
  5
10000007
102
{ACAD_REACTORS
330
47
102
}
330
47
100
AcDbProxyObject
 90
      499
 91
      503
 93
      105
310
903313A324000000000000004000
  0
ACAD_PROXY_OBJECT
  5
10000010
102
{ACAD_REACTORS
330
47
102
}
330
47
100
AcDbProxyObject
 90
      499
 91
      503
 93
      113
310
904313A32304000000000000344000
  0
ACAD_PROXY_OBJECT
  5
10000011
102
{ACAD_REACTORS
330
47
102
}
330
47
100
AcDbProxyObject
 90
      499
 91
      503
 93
      113
310
904313A32354000000000000394000
  0
ACAD_PROXY_OBJECT
  5
10000008
102
{ACAD_REACTORS
330
47
102
}
330
47
100
AcDbProxyObject
 90
      499
 91
      503
 93
      105
310
903313A334000000000000084000
  0
ACAD_PROXY_OBJECT
  5
10000012
102
{ACAD_REACTORS
330
47
102
}
330
47
100
AcDbProxyObject
 90
      499
 91
      503
 93
      113
310
904313A33324000000000000404000
  0
ACAD_PROXY_OBJECT
  5
10000009
102
{ACAD_REACTORS
330
47
102
}
330
47
100
AcDbProxyObject
 90
      499
 91
      503
 93
      105
310
903313A344000000000000104000
  0
ACAD_PROXY_OBJECT
  5
10000013
102
{ACAD_REACTORS
330
47
102
}
330
47
100
AcDbProxyObject
 90
      499
 91
      503
 93
      113
310
904313A34304000000000000444000
  0
ACAD_PROXY_OBJECT
  5
1000000A
102
{ACAD_REACTORS
330
47
102
}
330
47
100
AcDbProxyObject
 90
      499
 91
      503
 93
      105
310
903313A354000000000000144000
  0
ACAD_PROXY_OBJECT
  5
10000014
102
{ACAD_REACTORS
330
47
102
}
330
47
100
AcDbProxyObject
 90
      499
 91
      503
 93
      113
310
904313A35304000000000000494000
  0
ACAD_PROXY_OBJECT
  5
1000000B
102
{ACAD_REACTORS
330
47
102
}
330
47
100
AcDbProxyObject
 90
      499
 91
      503
 93
      105
310
903313A364000000000000184000
  0
ACAD_PROXY_OBJECT
  5
1000000C
102
{ACAD_REACTORS
330
47
102
}
330
47
100
AcDbProxyObject
 90
      499
 91
      503
 93
      105
310
903313A384000000000000204000
  0
ACAD_PROXY_OBJECT
  5
10000015
102
{ACAD_REACTORS
330
47
102
}
330
47
100
AcDbProxyObject
 90
      499
 91
      503
 93
      113
310
904313A38304000000000000544000
  0
ACAD_PROXY_OBJECT
  5
10000020
102
{ACAD_REACTORS
330
47
102
}
330
47
100
AcDbProxyObject
 90
      499
 91
      503
 93
      113
310
90432303A310000000000000D10100
  0
ACAD_PROXY_OBJECT
  5
10000017
102
{ACAD_REACTORS
330
47
102
}
330
47
100
AcDbProxyObject
 90
      499
 91
      503
 93
      105
310
903323A310000000000000010100
  0
ACAD_PROXY_OBJECT
  5
10000021
102
{ACAD_REACTORS
330
47
102
}
330
47
100
AcDbProxyObject
 90
      499
 91
      503
 93
      113
310
90433323A310000000000001010100
  0
ACAD_PROXY_OBJECT
  5
10000018
102
{ACAD_REACTORS
330
47
102
}
330
47
100
AcDbProxyObject
 90
      499
 91
      503
 93
      105
310
903333A310000000000000210100
  0
ACAD_PROXY_OBJECT
  5
10000019
102
{ACAD_REACTORS
330
47
102
}
330
47
100
AcDbProxyObject
 90
      499
 91
      503
 93
      105
310
903343A310000000000000410100
  0
ACAD_PROXY_OBJECT
  5
10000022
102
{ACAD_REACTORS
330
47
102
}
330
47
100
AcDbProxyObject
 90
      499
 91
      503
 93
      113
310
90435303A310000000000001250100
  0
ACAD_PROXY_OBJECT
  5
1000001A
102
{ACAD_REACTORS
330
47
102
}
330
47
100
AcDbProxyObject
 90
      499
 91
      503
 93
      105
310
903353A310000000000000510100
  0
ACAD_PROXY_OBJECT
  5
1000001B
102
{ACAD_REACTORS
330
47
102
}
330
47
100
AcDbProxyObject
 90
      499
 91
      503
 93
      105
310
903363A310000000000000610100
  0
ACAD_PROXY_OBJECT
  5
1000001C
102
{ACAD_REACTORS
330
47
102
}
330
47
100
AcDbProxyObject
 90
      499
 91
      503
 93
      105
310
903383A310000000000000810100
  0
ACAD_PROXY_OBJECT
  5
2F
102
{ACAD_REACTORS
330
2A
102
}
330
2A
100
AcDbProxyObject
 90
      499
 91
      501
 93
      436
310
42CC9915DA5C99599C985B595049028333333333333E33F0000000000000F90107901411070040501600405405064090741402480A0340
1001
ACAD
1000
AcDbSavedByObjectVersion
1070
     0
  0
ACAD_PROXY_OBJECT
  5
32
102
{ACAD_REACTORS
330
2A
102
}
330
2A
100
AcDbProxyObject
 90
      499
 91
      501
 93
      388
310
4150985CDA58D07406404333333333333E33F0000000000000F90107A41107004050150841D405064090741402480A0350
1001
ACAD
1000
AcDbSavedByObjectVersion
1070
     0
  0
ACAD_PROXY_OBJECT
  5
36
102
{ACAD_REACTORS
330
2A
102
}
330
2A
100
AcDbProxyObject
 90
      499
 91
      501
 93
      428
310
42109C9A59DA1D195B90C409028333333333333E33F0000000000000F9010790141107004050150841D405064090741402480A029950
1001
ACAD
1000
AcDbSavedByObjectVersion
1070
     0
  0
ACAD_PROXY_OBJECT
  5
3A
102
{ACAD_REACTORS
330
2A
102
}
330
2A
100
AcDbProxyObject
 90
      499
 91
      501
 93
      452
310
42D0DBDB1BDC90DA185B99D95104090240C333333333333E33F0000000000000F90108901411070040501508421405064090741402480A0350
1001
ACAD
1000
AcDbSavedByObjectVersion
1070
     0
  0
ACAD_PROXY_OBJECT
  5
34
102
{ACAD_REACTORS
330
2A
102
}
330
2A
100
AcDbProxyObject
 90
      499
 91
      501
 93
      500
310
4290DBDB98D95C1D1D585B10940D028333333333333E33F0000000000000F90107902409070040501000000000018199010841D405064090740C02480A0340
1001
ACAD
1000
AcDbSavedByObjectVersion
1070
     0
  0
ACAD_PROXY_OBJECT
  5
35
102
{ACAD_REACTORS
330
2A
102
}
330
2A
100
AcDbProxyObject
 90
      499
 91
      501
 93
      412
310
40D11A5B50B409028333333333333E33F0000000000000F9010790141107004050150841D405064090741402480A02677FFFFFD0
1001
ACAD
1000
AcDbSavedByObjectVersion
1070
     0
  0
ACAD_PROXY_OBJECT
  5
3D
102
{ACAD_REACTORS
330
2A
102
}
330
2A
100
AcDbProxyObject
 90
      499
 91
      501
 93
      452
310
43115919D950DBDB1BDC93D999916409028333333333333E33F0000000000000F9010790141107004050150841D405064090741402480A0350
1001
ACAD
1000
AcDbSavedByObjectVersion
1070
     0
  0
ACAD_PROXY_OBJECT
  5
39
102
{ACAD_REACTORS
330
2A
102
}
330
2A
100
AcDbProxyObject
 90
      499
 91
      501
 93
      444
310
42D19858D95C185D1D195C9B90F409028333333333333E33F0000000000000F9010790141107004050150841D405064090741402480A0350
1001
ACAD
1000
AcDbSavedByObjectVersion
1070
     0
  0
ACAD_PROXY_OBJECT
  5
2B
102
{ACAD_REACTORS
330
2A
102
}
330
2A
100
AcDbProxyObject
 90
      499
 91
      501
 93
      380
310
41119B185D240901404333333333333E33F0000000000000F9010740A907004050150841D405064090741402480A1B50
1001
ACAD
1000
AcDbSavedByObjectVersion
1070
     0
  0
ACAD_PROXY_OBJECT
  5
2C
102
{ACAD_REACTORS
330
2A
102
}
330
2A
100
AcDbProxyObject
 90
      499
 91
      501
 93
      468
310
43519B185D15DA5D1A115919D95CD0140901404333333333333E33F0000000000000F90107409019070040501600405405064090741402480A1B50
1001
ACAD
1000
AcDbSavedByObjectVersion
1070
     0
  0
ACAD_PROXY_OBJECT
  5
2D
102
{ACAD_REACTORS
330
2A
102
}
330
2A
100
AcDbProxyObject
 90
      499
 91
      501
 93
      404
310
41D1DBDD5C985D5910240902404333333333333E33F0000000000000F9010740A9070040501641D405064090741402480A1B50
1001
ACAD
1000
AcDbSavedByObjectVersion
1070
     0
  0
ACAD_PROXY_OBJECT
  5
2E
102
{ACAD_REACTORS
330
2A
102
}
330
2A
100
AcDbProxyObject
 90
      499
 91
      501
 93
      492
310
4411DBDD5C985D5915DA5D1A115919D95CD0340902404333333333333E33F0000000000000F90107409019070040501600405405064090741402480A1B50
1001
ACAD
1000
AcDbSavedByObjectVersion
1070
     0
  0
ACAD_PROXY_OBJECT
  5
31
102
{ACAD_REACTORS
330
2A
102
}
330
2A
100
AcDbProxyObject
 90
      499
 91
      501
 93
      476
310
41921A5919195B90640502408333333333333E33F0000000000000F901079024090700405020000000000001110200405405064090740C02480A0340
1001
ACAD
1000
AcDbSavedByObjectVersion
1070
     0
  0
ACAD_PROXY_OBJECT
  5
3B
102
{ACAD_REACTORS
330
2A
102
}
330
2A
100
AcDbProxyObject
 90
      499
 91
      501
 93
      428
310
42529A5D1D195C93D999914409028333333333333E33F0000000000000F9010790141107004050150A41D405064090741402480A0350
1001
ACAD
1000
AcDbSavedByObjectVersion
1070
     0
  0
ACAD_PROXY_OBJECT
  5
38
102
{ACAD_REACTORS
330
2A
102
}
330
2A
100
AcDbProxyObject
 90
      499
 91
      501
 93
      444
310
42D31A5B995C185D1D195C9B90E409028333333333333E33F0000000000000F9010790141107004050750841D405064090741402483A0350
1001
ACAD
1000
AcDbSavedByObjectVersion
1070
     0
  0
ACAD_PROXY_OBJECT
  5
3C
102
{ACAD_REACTORS
330
2A
102
}
330
2A
100
AcDbProxyObject
 90
      499
 91
      501
 93
      444
310
42D3DD995C9A185B99D3D999915409028333333333333E33F0000000000000F9010790141107004050150941D405064090741402480A0350
1001
ACAD
1000
AcDbSavedByObjectVersion
1070
     0
  0
ACAD_PROXY_OBJECT
  5
33
102
{ACAD_REACTORS
330
2A
102
}
330
2A
100
AcDbProxyObject
 90
      499
 91
      501
 93
      428
310
425499585B1A5CDD1A58D08409038333333333333E33F0000000000000F9010740A907004050150800405405064090740C02480A1B40
1001
ACAD
1000
AcDbSavedByObjectVersion
1070
     0
  0
ACAD_PROXY_OBJECT
  5
42
102
{ACAD_REACTORS
330
2A
102
}
330
2A
100
AcDbProxyObject
 90
      499
 91
      501
 93
      420
310
4194DA1859195911B40902404333333333333E33F0000000000000F9010740A41107004050150800405405064090840C02480A0B40
1001
ACAD
1000
AcDbSavedByObjectVersion
1070
     0
  0
ACAD_PROXY_OBJECT
  5
41
102
{ACAD_REACTORS
330
2A
102
}
330
2A
100
AcDbProxyObject
 90
      499
 91
      501
 93
      516
310
4454DA18591959081DDA5D1A08195919D95CD1A40902404333333333333E33F0000000000000F901074090142907004050250800405405064090740C02480A0B40
1001
ACAD
1000
AcDbSavedByObjectVersion
1070
     0
  0
ACAD_PROXY_OBJECT
  5
3E
102
{ACAD_REACTORS
330
2A
102
}
330
2A
100
AcDbProxyObject
 90
      499
 91
      501
 93
      532
310
4394DA1859195CC81BD98811DC985E5174090240C333333333333E33F0000000000000F901079024090741D01000000000000111010841D405064090740C02480A0340
1001
ACAD
1000
AcDbSavedByObjectVersion
1070
     0
  0
ACAD_PROXY_OBJECT
  5
3F
102
{ACAD_REACTORS
330
2A
102
}
330
2A
100
AcDbProxyObject
 90
      499
 91
      501
 93
      476
310
41D4DAD95D18DA1E51840502408333333333333E33F0000000000000F901079024090741D01000000000000111010B41D405064090741802480A0340
1001
ACAD
1000
AcDbSavedByObjectVersion
1070
     0
  0
ACAD_PROXY_OBJECT
  5
37
102
{ACAD_REACTORS
330
2A
102
}
330
2A
100
AcDbProxyObject
 90
      499
 91
      501
 93
      412
310
41D51A1A58DAD95B90D409028333333333333E33F0000000000000F9010790141107004050150C41D405064090741402480A0350
1001
ACAD
1000
AcDbSavedByObjectVersion
1070
     0
  0
ACAD_PROXY_OBJECT
  5
30
102
{ACAD_REACTORS
330
2A
102
}
330
2A
100
AcDbProxyObject
 90
      499
 91
      501
 93
      420
310
4255DA5C99599C985B595059028333333333333E33F0000000000000F90107901411070040501600405405064090740C02480A0340
1001
ACAD
1000
AcDbSavedByObjectVersion
1070
     0
  0
ACAD_PROXY_OBJECT
  5
40
102
{ACAD_REACTORS
330
2A
102
}
330
2A
100
AcDbProxyObject
 90
      499
 91
      501
 93
      404
310
41560B54985E51940902404000000000000E03F0000000000000F9010740501907004050150841D405064090740C02480A1B40
1001
ACAD
1000
AcDbSavedByObjectVersion
1070
     0
  0
XRECORD
  5
100003AD
102
{ACAD_REACTORS
330
100003A3
102
}
330
100003A3
100
AcDbXrecord
340
0
  0
XRECORD
  5
100003AC
102
{ACAD_REACTORS
330
100003A3
102
}
330
100003A3
100
AcDbXrecord
 90
        0
  0
XRECORD
  5
100003C3
102
{ACAD_REACTORS
330
100003A3
102
}
330
100003A3
100
AcDbXrecord
1000
DSTYLE
1002
{
1070
   340
340
11
1002
}
  0
XRECORD
  5
100003AE
102
{ACAD_REACTORS
330
100003A3
102
}
330
100003A3
100
AcDbXrecord
  1
{39347972-7570-7576-3173-743474397133}
  0
XRECORD
  5
100003A6
102
{ACAD_REACTORS
330
100003A3
102
}
330
100003A3
100
AcDbXrecord
  1

  0
XRECORD
  5
100003AB
102
{ACAD_REACTORS
330
100003A3
102
}
330
100003A3
100
AcDbXrecord
 90
        1
  0
XRECORD
  5
100003A8
102
{ACAD_REACTORS
330
100003A3
102
}
330
100003A3
100
AcDbXrecord
340
1A
  0
XRECORD
  5
100003AA
102
{ACAD_REACTORS
330
100003A3
102
}
330
100003A3
100
AcDbXrecord
 90
    10781
  0
XRECORD
  5
100003A9
102
{ACAD_REACTORS
330
100003A3
102
}
330
100003A3
100
AcDbXrecord
340
19
  0
XRECORD
  5
100003B0
102
{ACAD_REACTORS
330
100003A3
102
}
330
100003A3
100
AcDbXrecord
 40
0.0
  0
XRECORD
  5
100003B3
102
{ACAD_REACTORS
330
100003A3
102
}
330
100003A3
100
AcDbXrecord
340
0
  0
XRECORD
  5
100003B9
102
{ACAD_REACTORS
330
100003A3
102
}
330
100003A3
100
AcDbXrecord
 10
0.0
 20
0.0
 30
0.0
  0
XRECORD
  5
100003B5
102
{ACAD_REACTORS
330
100003A3
102
}
330
100003A3
100
AcDbXrecord
 10
0.0
 20
0.0
 30
0.0
  0
XRECORD
  5
100003B8
102
{ACAD_REACTORS
330
100003A3
102
}
330
100003A3
100
AcDbXrecord
 10
0.0
 20
0.0
 30
0.0
  0
XRECORD
  5
100003B6
102
{ACAD_REACTORS
330
100003A3
102
}
330
100003A3
100
AcDbXrecord
 10
0.0
 20
0.0
 30
0.0
  0
XRECORD
  5
100003B7
102
{ACAD_REACTORS
330
100003A3
102
}
330
100003A3
100
AcDbXrecord
 10
0.0
 20
0.0
 30
0.0
  0
XRECORD
  5
100003B4
102
{ACAD_REACTORS
330
100003A3
102
}
330
100003A3
100
AcDbXrecord
 10
0.0
 20
0.0
 30
0.0
  0
XRECORD
  5
100003B1
102
{ACAD_REACTORS
330
100003A3
102
}
330
100003A3
100
AcDbXrecord
340
0
  0
XRECORD
  5
100003B2
102
{ACAD_REACTORS
330
100003A3
102
}
330
100003A3
100
AcDbXrecord
 70
     0
  0
XRECORD
  5
100003A7
102
{ACAD_REACTORS
330
100003A3
102
}
330
100003A3
100
AcDbXrecord
  1

  0
XRECORD
  5
100003A4
102
{ACAD_REACTORS
330
100003A3
102
}
330
100003A3
100
AcDbXrecord
 90
        1
  0
XRECORD
  5
100003A5
102
{ACAD_REACTORS
330
100003A3
102
}
330
100003A3
100
AcDbXrecord
 90
       70
  0
XRECORD
  5
100003BC
102
{ACAD_REACTORS
330
100003A3
102
}
330
100003A3
100
AcDbXrecord
340
0
  0
XRECORD
  5
100003C2
102
{ACAD_REACTORS
330
100003A3
102
}
330
100003A3
100
AcDbXrecord
 10
0.0
 20
0.0
 30
0.0
  0
XRECORD
  5
100003BE
102
{ACAD_REACTORS
330
100003A3
102
}
330
100003A3
100
AcDbXrecord
 10
0.0
 20
0.0
 30
0.0
  0
XRECORD
  5
100003C1
102
{ACAD_REACTORS
330
100003A3
102
}
330
100003A3
100
AcDbXrecord
 10
0.0
 20
0.0
 30
0.0
  0
XRECORD
  5
100003BF
102
{ACAD_REACTORS
330
100003A3
102
}
330
100003A3
100
AcDbXrecord
 10
0.0
 20
0.0
 30
0.0
  0
XRECORD
  5
100003C0
102
{ACAD_REACTORS
330
100003A3
102
}
330
100003A3
100
AcDbXrecord
 10
0.0
 20
0.0
 30
0.0
  0
XRECORD
  5
100003BD
102
{ACAD_REACTORS
330
100003A3
102
}
330
100003A3
100
AcDbXrecord
 10
0.0
 20
0.0
 30
0.0
  0
XRECORD
  5
100003BA
102
{ACAD_REACTORS
330
100003A3
102
}
330
100003A3
100
AcDbXrecord
340
0
  0
XRECORD
  5
100003BB
102
{ACAD_REACTORS
330
100003A3
102
}
330
100003A3
100
AcDbXrecord
 70
     0
  0
XRECORD
  5
100003AF
102
{ACAD_REACTORS
330
100003A3
102
}
330
100003A3
100
AcDbXrecord
  1
{FAEB1C32-E019-11D5-929B-00C0DF256EC4}
  0
DICTIONARYVAR
  5
100003CE
102
{ACAD_REACTORS
330
100003C4
102
}
330
100003C4
100
DictionaryVariables
280
     0
  1
1:1
  0
DICTIONARYVAR
  5
100003C6
102
{ACAD_REACTORS
330
100003C4
102
}
330
100003C4
100
DictionaryVariables
280
     0
  1
Standard
  0
DICTIONARYVAR
  5
100003C5
102
{ACAD_REACTORS
330
100003C4
102
}
330
100003C4
100
DictionaryVariables
280
     0
  1
Standard
  0
DICTIONARYVAR
  5
100003C9
102
{ACAD_REACTORS
330
100003C4
102
}
330
100003C4
100
DictionaryVariables
280
     0
  1
2
  0
DICTIONARYVAR
  5
100003CA
102
{ACAD_REACTORS
330
100003C4
102
}
330
100003C4
100
DictionaryVariables
280
     0
  1
1
  0
DICTIONARYVAR
  5
100003CF
102
{ACAD_REACTORS
330
100003C4
102
}
330
100003C4
100
DictionaryVariables
280
     0
  1
1
  0
XRECORD
  5
10000003
102
{ACAD_REACTORS
330
10000001
102
}
330
10000001
100
AcDbXrecord
 70
     1
  0
XRECORD
  5
10000002
102
{ACAD_REACTORS
330
10000001
102
}
330
10000001
100
AcDbXrecord
1040
89.0
  0
ACAD_PROXY_OBJECT
  5
10000005
102
{ACAD_REACTORS
330
10000001
102
}
330
10000001
100
AcDbProxyObject
 90
      499
 91
      509
 93
       34
310
40C8804000
  0
DICTIONARY
  5
100003D2
330
45
100
AcDbDictionary
280
     1
  3
ACAD_XREC_ROUNDTRIP
360
100003D3
  0
DICTIONARY
  5
100003D0
330
44
100
AcDbDictionary
280
     1
  3
ACAD_XREC_ROUNDTRIP
360
100003D1
  0
DICTIONARY
  5
100003D4
330
46
100
AcDbDictionary
280
     1
  3
ACAD_XREC_ROUNDTRIP
360
100003D5
  0
XRECORD
  5
100003D3
102
{ACAD_REACTORS
330
100003D2
102
}
330
100003D2
100
AcDbXrecord
102
MATERIAL
148
0.0
149
0.0
149
0.0
 93
        0
 94
      127
282
     0
 72
     1
 77
     1
171
     1
175
     1
179
     1
273
     0
  0
XRECORD
  5
100003D1
102
{ACAD_REACTORS
330
100003D0
102
}
330
100003D0
100
AcDbXrecord
102
MATERIAL
148
0.0
149
0.0
149
0.0
 93
        0
 94
      127
282
     0
 72
     1
 77
     1
171
     1
175
     1
179
     1
273
     0
  0
XRECORD
  5
100003D5
102
{ACAD_REACTORS
330
100003D4
102
}
330
100003D4
100
AcDbXrecord
102
MATERIAL
148
0.0
149
0.0
149
0.0
 93
        0
 94
      127
282
     0
 72
     1
 77
     1
171
     1
175
     1
179
     1
273
     0
  0
ENDSEC
  0
EOF
