# Wavefront OBJ file written 2025-09-13T21:59:11
o IBF_fix2_normal_2

# points : 8551
# faces  : 17410
# zones  : 1
#   0  patch0  (nFaces: 17410)

# <points count="8551">
v 2.5 675.214 18.2922
v 2.5 675 17
v 2.5 675.096 17.8702
v 2.5 675.024 17.4377
v -2.5 675.214 18.2922
v -2.5 675.096 17.8702
v -2.5 675 17
v -2.5 675.024 17.4377
v -4.60757 732.805 -5.9173
v -5.18008 734.958 -5.42372
v -4.61933 734.465 -5.98845
v -5.18726 735.026 -5.41687
v -4.94305 736.023 -5.71154
v -5.31759 737.5 -5.29239
v -5.03293 737.895 -5.62899
v -5.18726 739.974 -5.41687
v -4.76839 739.952 -5.8645
v -5.18008 740.042 -5.42372
v -4.44603 742.608 -6.04006
v -3.29222 744.635 -6.73846
v -3.52658 742.984 -6.72249
v -4.24832 741.598 -6.26958
v -4.02483 741.336 -6.5541
v -4.5592 739.803 -6.14613
v -3.83135 741.08 -6.86444
v -4.3735 739.656 -6.44488
v -3.66936 740.831 -7.19806
v -4.21232 739.512 -6.75897
v -3.54013 740.592 -7.55229
v -4.0766 739.372 -7.08656
v -3.43224 740.328 -7.98792
v -3.95153 739.215 -7.48334
v -3.37313 740.092 -8.42312
v -3.86621 739.072 -7.87493
v -3.35788 739.875 -8.87184
v -3.81516 738.937 -8.27529
v -3.38662 739.681 -9.32964
v -3.79876 738.812 -8.68151
v -3.70727 739.002 -9.30927
v -3.8663 738.526 -8.97639
v -2.65413 744.086 -7.13048
v -2.57388 745.412 -7.04449
v -1.68164 744.871 -7.43267
v -1.77091 746.001 -7.28716
v -0.845579 745.252 -7.57862
v -0.904134 746.373 -7.44514
v 5.39076e-05 745.369 -7.62967
v -0.454514 746.468 -7.48621
v 6.6735e-05 746.5 -7.5
v -0.749184 744.606 -7.79075
v 4.40531e-05 744.296 -8.01195
v -0.671256 743.992 -8.08995
v 3.76827e-05 743.338 -8.62702
v -0.613138 743.423 -8.47011
v -0.5759 742.908 -8.92385
v -1.26735 743.2 -8.35201
v -1.19797 742.722 -8.79283
v -2.11106 742.689 -8.07811
v -2.01242 742.277 -8.49429
v -2.94137 741.897 -7.67323
v -2.82373 741.567 -8.05891
v 3.51267e-05 742.543 -9.44296
v -0.559966 742.39 -9.53551
v -1.16389 742.232 -9.37717
v -1.95327 741.844 -9.03137
v -2.73881 741.209 -8.54371
v -0.572574 741.989 -10.1893
v 3.65178e-05 741.954 -10.4175
v -0.612271 741.691 -10.8947
v 4.17838e-05 741.601 -11.5
v -0.578981 741.545 -11.5
v -1.13996 741.386 -11.5
v -1.24023 741.538 -10.6554
v -1.17884 741.842 -9.99449
v -1.95369 741.484 -9.58793
v -1.34673 741.326 -11.346
v -2.17732 740.855 -11.5
v -2.12149 740.948 -10.7862
v -2.92357 740.23 -10.6289
v -2.81435 740.397 -10.0783
v -3.49391 739.448 -9.71795
v -3.96578 738.022 -8.75386
v -4.00836 737.712 -8.31119
v -4.05064 737.733 -7.93159
v -3.97053 736.631 -8.05181
v -4.03482 736.549 -7.66803
v -3.72389 735.561 -8.04259
v -3.8015 735.385 -7.63827
v -3.29809 734.466 -8.1052
v -3.40153 734.181 -7.65984
v -2.56116 733.168 -8.21573
v -2.67346 732.809 -7.81959
v -2.10211 732.304 -8.08226
v -2.24305 731.86 -7.71264
v -1.64363 731.428 -7.90702
v -1.7997 730.894 -7.59521
v -1.16679 730.544 -7.73322
v -1.30797 729.927 -7.51043
v -0.611725 729.687 -7.60193
v -1.06025 728.675 -7.42468
v -0.534004 728.544 -7.48088
v -0.0699286 729.62 -7.62686
v -3.0023e-05 728.5 -7.5
v 0.533969 728.544 -7.48093
v 0.472036 729.659 -7.61216
v 1.06016 728.675 -7.42467
v 1.01255 729.804 -7.55759
v 1.57126 728.89 -7.33339
v 1.54812 730.051 -7.46302
v 2.06184 729.182 -7.21095
v 2.2211 730.516 -7.2839
v 2.96298 729.976 -6.88976
v 2.85945 731.134 -7.04715
v 3.74166 731.011 -6.5
v 3.70996 732.315 -6.61879
v 4.60697 732.805 -5.91821
v 4.39494 733.777 -6.16287
v 5.18008 734.958 -5.42372
v 4.72854 734.877 -5.89849
v 5.18726 735.026 -5.41687
v 4.94938 736.074 -5.70605
v 5.31759 737.5 -5.29239
v 5.03675 737.339 -5.62736
v 4.98492 738.611 -5.67373
v 4.83732 737.348 -5.90503
v 4.78362 738.545 -5.95222
v 4.65741 737.358 -6.19569
v 4.60259 738.479 -6.24448
v 4.49782 737.367 -6.49796
v 4.44269 738.415 -6.54906
v 4.35929 737.376 -6.81041
v 4.30471 738.352 -6.86447
v 4.22519 737.386 -7.18592
v 4.17235 738.281 -7.24411
v 4.12531 737.396 -7.5542
v 4.07528 738.216 -7.61691
v 4.05391 737.405 -7.92905
v 4.0078 738.154 -7.99669
v 4.01138 737.413 -8.30828
v 3.97031 738.096 -8.38115
v 3.99048 737.762 -8.69947
v 3.96549 738.022 -8.75541
v -3.99126 737.762 -8.69539
v -3.99978 737.5 -8.6758
v -3.99129 737.238 -8.69524
v -3.93714 736.709 -8.44049
v -3.96578 736.978 -8.75385
v -3.86582 736.473 -8.97739
v -3.68063 735.879 -8.87808
v -3.7065 735.996 -9.31099
v -3.49382 735.552 -9.71784
v -3.2781 735.155 -9.48405
v -2.92357 734.77 -10.6291
v -2.59634 734.402 -10.3234
v -2.17732 734.145 -11.5
v -2.11371 734.047 -10.7933
v -1.59329 733.772 -11.1941
v -1.47976 733.551 -10.5273
v -0.955515 733.379 -10.7821
v -0.900681 733.077 -10.0985
v -0.411111 732.989 -10.2203
v -0.401199 732.587 -9.56003
v -0.0454221 732.563 -9.58587
v -0.0466968 732.036 -8.9642
v 0.317046 732.053 -8.95213
v 0.338228 731.529 -8.49529
v 0.738159 731.608 -8.45396
v 0.806881 731.046 -8.07402
v 1.25613 731.22 -7.99918
v 1.38706 730.649 -7.69238
v 2.01782 731.05 -7.53279
v -1.13467 733.612 -11.5
v -1.04823 733.581 -11.498
v -0.574429 733.455 -11.5
v -0.441195 733.286 -10.9335
v 0.00392937 733.399 -11.5
v -0.0502376 733.262 -10.9754
v 0.339898 733.276 -10.9507
v 0.316253 732.98 -10.2338
v 0.688939 733.031 -10.1614
v 0.674674 732.631 -9.51324
v 1.06175 732.733 -9.4108
v 1.09266 732.238 -8.82113
v 1.63663 732.488 -8.64957
v 1.72342 732.044 -8.22118
v 2.30096 732.463 -7.99811
v 2.44722 732.04 -7.63152
v 3.2826 733.001 -7.21715
v 3.47879 732.662 -6.90011
v 4.17492 734.012 -6.44724
v 0.581902 733.456 -11.5
v 0.73503 733.331 -10.8597
v 1.07747 733.126 -10.0351
v 1.5892 732.95 -9.20936
v 2.1973 732.858 -8.40782
v 3.12326 733.327 -7.5666
v 3.98322 734.242 -6.75487
v 4.51818 735.037 -6.18061
v 1.14183 733.614 -11.5
v 1.13738 733.429 -10.7046
v 1.59857 733.326 -9.79473
v 2.13231 733.276 -8.93332
v 3.00236 733.637 -7.94486
v 3.82118 734.466 -7.08345
v 4.33182 735.195 -6.48046
v 4.74675 736.159 -5.98515
v 1.24016 733.638 -11.4047
v 2.17732 734.145 -11.5
v 1.77691 733.858 -11.065
v 2.28469 734.16 -10.6378
v 2.17832 733.923 -10.0467
v 2.89276 734.529 -9.39336
v 2.87666 734.267 -8.89591
v 3.51104 735.136 -8.27865
v 3.5773 734.921 -7.85554
v 3.91155 735.667 -7.52587
v 4.0353 735.499 -7.12599
v 4.2672 736.407 -6.9022
v 4.40482 736.326 -6.58475
v 2.92363 734.77 -10.6291
v 2.95979 734.756 -9.90371
v 3.48614 735.335 -8.71388
v 3.82826 735.82 -7.92089
v 4.13604 736.498 -7.2847
v 3.49347 735.552 -9.71905
v 3.50282 735.516 -9.15723
v 3.78002 735.964 -8.32501
v 4.04091 736.581 -7.66061
v 3.70663 735.996 -9.31069
v 3.76717 736.097 -8.73522
v 3.97615 736.661 -8.04379
v 3.86587 736.473 -8.97723
v 3.94215 736.736 -8.43184
v 3.96524 736.978 -8.75667
v 3.9903 737.238 -8.70044
v 3.99873 737.5 -8.68126
v 3.86589 738.527 -8.97724
v 3.82039 738.746 -8.64522
v 3.83956 738.866 -8.24173
v 3.5683 739.514 -8.60948
v 3.59959 739.7 -8.18292
v 3.21939 740.317 -8.57785
v 3.27078 740.573 -8.12922
v 2.80396 741.143 -8.49712
v 2.89103 741.492 -8.01686
v 2.01832 742.273 -8.49179
v 2.11708 742.685 -8.0758
v 1.42977 743.122 -8.30984
v 1.54396 743.631 -7.93303
v 0.847454 743.943 -8.06946
v 0.942771 744.545 -7.76791
v 0.4706 744.671 -7.81586
v 0.531834 745.329 -7.60808
v 3.70639 739.004 -9.31149
v 3.57695 739.344 -9.04358
v 3.21438 740.084 -9.04167
v 2.77356 740.84 -8.98427
v 1.95898 741.84 -9.02854
v 1.35363 742.655 -8.7465
v 0.776151 743.383 -8.44942
v 0.421128 744.046 -8.11314
v 3.49329 739.449 -9.71966
v 3.25579 739.876 -9.5157
v 2.7955 740.571 -9.49188
v 1.95917 741.48 -9.5847
v 1.31487 742.174 -9.32243
v 0.730146 742.876 -8.90058
v 0.384273 743.467 -8.49373
v 2.9237 740.23 -10.6288
v 2.86947 740.341 -10.0133
v 2.01531 741.18 -10.1726
v 1.32865 741.788 -9.92871
v 0.709796 742.363 -9.50647
v 0.360717 742.945 -8.9501
v 2.1264 740.945 -10.7819
v 2.17732 740.855 -11.5
v 1.50397 741.265 -11.252
v 1.13654 741.388 -11.5
v 0.771244 741.663 -10.8481
v 0.57735 741.545 -11.5
v 0.384428 741.721 -10.9431
v 0.358965 742.019 -10.2286
v 0.350756 742.422 -9.56734
v 0.454111 746.468 -7.48589
v 0.903632 746.372 -7.44467
v 1.0605 745.178 -7.55081
v 1.77193 746.002 -7.28762
v 1.87864 744.743 -7.3836
v 2.57345 745.412 -7.04441
v 2.66032 744.08 -7.1281
v 3.29227 744.634 -6.73863
v 3.59607 742.874 -6.68405
v 4.4461 742.608 -6.03988
v 4.08327 741.973 -6.38388
v 4.48849 740.956 -6.09215
v 4.27097 740.74 -6.37619
v 4.58761 739.688 -6.12296
v 4.40257 739.549 -6.42097
v 5.18008 740.042 -5.42372
v 4.79571 739.829 -5.84162
v 5.18726 739.974 -5.41687
v -1.57127 728.89 -7.33339
v -2.06155 729.182 -7.21081
v -1.99066 730.336 -7.35303
v -2.96324 729.976 -6.88978
v -2.64435 730.904 -7.13461
v -3.74166 731.011 -6.5
v -3.25186 731.618 -6.86652
v -4.11141 733.087 -6.36443
v -3.88522 733.373 -6.64866
v -4.40554 734.652 -6.2716
v -4.21724 734.836 -6.57424
v -4.55827 736.199 -6.2843
v -4.39812 736.285 -6.59078
v -4.49399 737.826 -6.49954
v -4.35553 737.803 -6.81213
v -4.74021 736.112 -5.99072
v -4.65355 737.848 -6.19722
v -3.6835 735.726 -8.45697
v -3.24543 734.719 -8.55154
v -2.48462 733.552 -8.71783
v -2.00371 732.716 -8.49874
v -1.52478 731.928 -8.2831
v -1.0523 731.132 -8.03721
v -0.540342 730.343 -7.81004
v -3.23875 734.95 -9.01279
v -2.50453 734.165 -9.76904
v -2.00213 733.812 -10.1826
v -3.92161 735.19 -7.23002
v -4.12962 736.463 -7.29157
v -4.26056 736.368 -6.90858
v -4.22155 737.778 -7.18786
v -4.05559 735.016 -6.89441
v -3.52881 733.922 -7.29919
v -3.6905 733.652 -6.96115
v -4.83347 737.872 -5.90657
v -4.12184 737.755 -7.55642
v -3.29464 742.609 -7.00128
v -2.43408 743.6 -7.39121
v -1.51115 744.284 -7.6658
v -3.0989 742.246 -7.31938
v -2.25226 743.132 -7.70865
v -1.37232 743.724 -7.97412
v -2.71115 740.901 -9.03628
v -2.73645 740.629 -9.55013
v -2.0101 741.183 -10.1763
v -2.4671 733.881 -9.23121
v -1.94483 733.151 -9.03634
v -1.44506 732.388 -8.71719
v -0.966364 731.679 -8.41651
v -0.482709 730.966 -8.10738
v -0.0615824 730.289 -7.83035
v -2.82727 732.429 -7.45983
v -3.02079 732.03 -7.14083
v -1.9455 733.511 -9.59352
v -1.41606 733.246 -9.88767
v -2.42459 731.391 -7.39518
v -1.40351 732.863 -9.28802
v -0.884967 732.681 -9.46252
v -0.910512 732.176 -8.86411
v -0.43984 731.544 -8.48774
v -0.0548525 730.922 -8.12548
v 0.416435 730.321 -7.81841
v -0.412537 732.065 -8.94363
v -0.0466442 732.967 -10.2533
v 0.308356 732.577 -9.57068
v 0.693952 732.117 -8.90579
v 1.15744 731.752 -8.37769
v 1.85113 731.562 -7.84694
v 2.63415 731.595 -7.31306
v -0.0498588 731.508 -8.50598
v 0.371568 730.948 -8.11486
v 0.898867 730.441 -7.77321
v 1.66155 733.631 -10.4173
v 2.12724 733.627 -9.47541
v 2.91172 733.974 -8.41764
v 3.68999 734.681 -7.43054
v 4.17054 735.349 -6.79622
v 4.56494 736.244 -6.27855
v 3.89276 738.995 -7.84394
v 3.97962 739.131 -7.45469
v 4.10562 739.28 -7.06003
v 4.24161 739.412 -6.73392
v 3.67054 739.9 -7.76758
v 3.78632 740.122 -7.34949
v 3.9187 740.322 -7.00709
v 4.08062 740.528 -6.6819
v 3.37332 740.862 -7.68187
v 3.50017 741.125 -7.3199
v 3.66174 741.4 -6.98097
v 3.85663 741.683 -6.66804
v 3.00994 741.815 -7.63395
v 3.16823 742.156 -7.28171
v 3.36426 742.51 -6.96391
v 1.39213 741.483 -10.5763
v 0.724088 741.964 -10.1524
v 2.25838 743.127 -7.70643
v 2.44024 743.594 -7.38897
v 1.69435 744.174 -7.62246
v 2.93654 740.216 -11.5
v 3.51492 739.409 -11.5
v 3.87683 738.485 -11.5
v 4 737.5 -11.5
v 3.87683 736.515 -11.5
v 3.51492 735.591 -11.5
v 2.93654 734.784 -11.5
v -2.93654 734.784 -11.5
v -3.51492 735.591 -11.5
v -3.87683 736.515 -11.5
v -4 737.5 -11.5
v -3.87683 738.485 -11.5
v -3.51492 739.409 -11.5
v -2.93654 740.216 -11.5
v 8 722 -2.73048
v 8 708.787 -2.73048
v 5.18008 690.042 -5.42372
v 8 698 -2.73048
v 5.18726 689.974 -5.41687
v 5.31759 687.5 -5.29239
v 8 684.787 -2.73048
v 5.18726 685.026 -5.41687
v 5.18008 675 -5.42372
v 5.18008 684.958 -5.42372
v 8 732.787 -2.73048
v 8.00482 722.098 -2.72588
v 8 746 -2.73048
v 5.18008 750 -5.42372
v 14 750 3
v 9 747 -1.7754
v 8.80491 746.981 -1.96172
v 8.61732 746.924 -2.14089
v 14 747 3
v 8.44443 746.831 -2.30601
v 8.29289 746.707 -2.45074
v 8.16853 746.556 -2.56952
v 8.07612 746.383 -2.65777
v 8.01921 746.195 -2.71212
v 8.00482 746.098 -2.72588
v 8.01173 732.635 -2.71928
v 8.01921 722.195 -2.71212
v 8.04663 732.486 -2.68594
v 8.07612 722.383 -2.65777
v 8.10389 732.344 -2.63125
v 8.16853 722.556 -2.56952
v 8.18217 732.212 -2.55649
v 8.27963 732.094 -2.46341
v 8.29289 722.707 -2.45074
v 8.39398 731.992 -2.35419
v 8.44443 722.831 -2.30601
v 8.66231 731.846 -2.09792
v 8.61732 722.924 -2.14089
v 8.80491 722.981 -1.96172
v 9.20377 727.003 -1.58078
v 9 723 -1.7754
v 9.21352 726.861 -1.57147
v 9.24351 726.721 -1.54282
v 8.96213 731.788 -1.81156
v 9.21447 727.146 -1.57056
v 9.24539 727.286 -1.54103
v 9.26548 731.823 -1.52184
v 9.2959 727.419 -1.49279
v 9.36497 727.544 -1.42682
v 9.45119 727.659 -1.34447
v 9.54408 731.948 -1.25576
v 9.66581 732.041 -1.13949
v 9.77193 732.152 -1.03814
v 14 732.857 3
v 14 737.286 3
v 9.29314 726.587 -1.49543
v 9.36137 726.461 -1.43026
v 9.44683 726.346 -1.34864
v 9.66211 726.159 -1.14303
v 9.92146 726.041 -0.895333
v 10.2038 726 -0.625702
v 14 726 3
v 14 723 3
v 8.00482 698.098 -2.72588
v 8.01173 708.635 -2.71928
v 8.01921 698.195 -2.71212
v 8.04663 708.486 -2.68594
v 8.07612 698.383 -2.65777
v 8.10389 708.344 -2.63125
v 8.16853 698.556 -2.56952
v 8.18217 708.212 -2.55649
v 8.27963 708.094 -2.46341
v 8.29289 698.707 -2.45074
v 8.39398 707.992 -2.35419
v 8.44443 698.831 -2.30601
v 8.66231 707.846 -2.09792
v 8.61732 698.924 -2.14089
v 8.80491 698.981 -1.96172
v 9.20377 703.003 -1.58078
v 9 699 -1.7754
v 9.21352 702.861 -1.57147
v 9.24351 702.721 -1.54282
v 8.96213 707.788 -1.81156
v 9.21447 703.146 -1.57056
v 9.24539 703.286 -1.54103
v 9.26548 707.823 -1.52184
v 9.2959 703.419 -1.49279
v 9.36497 703.544 -1.42682
v 9.45119 703.659 -1.34447
v 9.54408 707.948 -1.25576
v 9.66581 708.041 -1.13949
v 9.77193 708.152 -1.03814
v 14 708.857 3
v 14 713.286 3
v 9.29314 702.587 -1.49543
v 9.36137 702.461 -1.43026
v 9.44683 702.346 -1.34864
v 9.66211 702.159 -1.14303
v 9.92146 702.041 -0.895333
v 10.2038 702 -0.625702
v 14 702 3
v 14 699 3
v 8.01173 684.635 -2.71928
v 8.04663 684.486 -2.68594
v 8.10389 684.344 -2.63125
v 9.21352 678.861 -1.57147
v 8.18217 684.212 -2.55649
v 8.27963 684.094 -2.46341
v 9.20377 679.003 -1.58078
v 8.39398 683.992 -2.35419
v 8.66231 683.846 -2.09792
v 8.96213 683.788 -1.81156
v 9.21447 679.146 -1.57056
v 9.24539 679.286 -1.54103
v 9.26548 683.823 -1.52184
v 9.2959 679.419 -1.49279
v 9.36497 679.544 -1.42682
v 9.45119 679.659 -1.34447
v 9.54408 683.948 -1.25576
v 9.66581 684.041 -1.13949
v 9.77193 684.152 -1.03814
v 14 684.857 3
v 14 689.286 3
v 9.24351 678.721 -1.54282
v 9.29314 678.587 -1.49543
v 9.36137 678.461 -1.43026
v 9.44683 678.346 -1.34864
v 9.66211 678.159 -1.14303
v 9.92146 678.041 -0.895333
v 14 675 3
v 10.2038 678 -0.625702
v 14 678 3
v -4.59243e-16 750 -7.5
v -1.88561 750 -7.2591
v -3.65009 750 -6.55186
v -5.18008 750 -5.42372
v 1.88561 750 -7.2591
v 3.65009 750 -6.55186
v -5.18008 690.042 -5.42372
v -4.44598 692.608 -6.04012
v -3.29241 694.634 -6.73855
v -2.57343 695.412 -7.04432
v -1.77063 696.001 -7.28711
v -0.904314 696.373 -7.44525
v -0.454518 696.468 -7.48619
v 5.63935e-05 696.5 -7.5
v 0.454457 696.468 -7.48604
v 0.904231 696.373 -7.44506
v 1.34484 696.216 -7.37841
v 1.7717 696.002 -7.2876
v 2.57255 695.413 -7.0442
v 3.29208 694.634 -6.73858
v 4.44609 692.608 -6.03988
v -4.6074 682.805 -5.91754
v -5.18008 684.958 -5.42372
v -4.6093 684.434 -5.99711
v -5.18726 685.026 -5.41687
v -4.94853 686.088 -5.70867
v -5.31759 687.5 -5.29239
v -5.03326 687.859 -5.62903
v -5.18726 689.974 -5.41687
v -4.84176 689.594 -5.80207
v -4.37419 691.274 -6.17885
v -4.63538 689.467 -6.08259
v -4.15395 691.036 -6.46309
v -4.45139 689.342 -6.37901
v -3.96223 690.802 -6.77087
v -4.29075 689.22 -6.68969
v -3.80038 690.576 -7.09986
v -4.15435 689.101 -7.0129
v -3.66958 690.357 -7.44759
v -4.02641 688.967 -7.40521
v -3.55726 690.113 -7.87548
v -3.93729 688.845 -7.79015
v -3.49217 689.895 -8.29992
v -3.88084 688.729 -8.1832
v -3.46873 689.694 -8.73663
v -3.85746 688.621 -8.58168
v -3.48715 689.511 -9.18156
v -3.70695 689.002 -9.31058
v -3.49352 689.448 -9.71914
v -2.95026 690.255 -9.91546
v -2.9236 690.23 -10.6285
v -2.28626 690.839 -10.6368
v -2.17732 690.855 -11.5
v -1.53358 691.253 -11.2334
v -1.13997 691.386 -11.5
v -1.42189 691.472 -10.5611
v -0.700819 691.675 -10.8712
v -1.35879 691.776 -9.91644
v -0.65656 691.974 -10.1713
v -1.34556 692.16 -9.31266
v -0.642717 692.374 -9.52183
v -1.38535 692.64 -8.73639
v -0.661073 692.89 -8.911
v -1.46245 693.105 -8.301
v -0.703254 693.4 -8.45903
v -1.57771 693.611 -7.92476
v -0.768864 693.964 -8.0793
v -1.72928 694.15 -7.61399
v -0.856707 694.571 -7.77908
v -1.91488 694.715 -7.37412
v -0.965288 695.21 -7.56443
v -3.69682 692.705 -6.62638
v -2.85594 693.867 -7.04908
v -0.48307 695.336 -7.61209
v 4.55539e-05 695.369 -7.62967
v -0.426235 694.676 -7.81865
v 3.72265e-05 694.296 -8.01195
v -0.380372 694.05 -8.11511
v 3.18432e-05 693.338 -8.62702
v -0.346289 693.469 -8.49529
v -0.324629 692.947 -8.95164
v 2.96834e-05 692.543 -9.44296
v -0.315732 692.421 -9.57217
v 3.08589e-05 691.954 -10.4175
v -0.323859 692.018 -10.2347
v -0.348081 691.723 -10.9507
v 3.53088e-05 691.601 -11.5
v -0.578985 691.545 -11.5
v -3.86626 688.525 -8.97709
v -3.9658 688.022 -8.75395
v -4.00926 687.693 -8.30986
v -3.99134 687.762 -8.69502
v -3.99946 687.501 -8.67759
v -3.99042 687.239 -8.7001
v -3.94215 686.743 -8.43427
v -3.97593 686.669 -8.04654
v -3.67382 685.705 -8.47095
v -3.71361 685.539 -8.05559
v -3.20255 684.661 -8.59497
v -3.25292 684.403 -8.14523
v -2.67311 683.727 -8.59231
v -2.75605 683.361 -8.10137
v -2.09983 682.786 -8.45257
v -2.20071 682.382 -8.03982
v -1.51281 681.923 -8.2867
v -1.63098 681.421 -7.91082
v -0.931516 681.087 -8.05761
v -1.03473 680.492 -7.75524
v -0.515028 680.34 -7.8128
v -0.582473 679.683 -7.60481
v 0.000823401 679.622 -7.62782
v -2.35935e-05 678.5 -7.5
v 0.533975 678.544 -7.48093
v 0.776496 679.73 -7.58703
v 1.06016 678.675 -7.42467
v 1.57127 678.89 -7.33339
v 1.5463 680.053 -7.46402
v 2.06184 679.182 -7.21095
v 2.21882 680.517 -7.28521
v 2.96298 679.976 -6.88976
v 2.85687 681.134 -7.04879
v 3.74166 681.011 -6.5
v 3.70732 682.313 -6.62081
v 4.60697 682.805 -5.9182
v 4.39255 683.774 -6.16505
v 4.72635 684.872 -5.90068
v 4.94766 686.068 -5.70793
v 5.03579 687.331 -5.62856
v 4.98493 688.602 -5.67404
v 4.83663 687.341 -5.90601
v 4.78394 688.536 -5.95228
v 4.65694 687.351 -6.19641
v 4.60316 688.471 -6.24425
v 4.49754 687.36 -6.4984
v 4.44347 688.408 -6.54851
v 4.35916 687.37 -6.81055
v 4.30562 688.346 -6.86355
v 4.22467 687.381 -7.18732
v 4.17285 688.275 -7.24438
v 4.12498 687.391 -7.55532
v 4.07591 688.21 -7.61681
v 4.0537 687.4 -7.92987
v 4.00848 688.149 -7.9962
v 4.01126 687.409 -8.30879
v 3.97098 688.091 -8.38025
v 3.99049 687.762 -8.69945
v 3.96549 688.022 -8.75539
v -3.96473 686.98 -8.75973
v -3.86553 686.473 -8.97907
v -3.67173 685.858 -8.89316
v -3.70634 685.995 -9.31152
v -3.49365 685.552 -9.71838
v -3.24157 685.104 -9.53543
v -2.92356 684.77 -10.6292
v -2.75864 684.549 -10.1439
v -2.17732 684.145 -11.5
v -2.19872 684.102 -10.7171
v -1.58254 683.768 -11.2019
v -1.4691 683.547 -10.5345
v -1.13467 683.612 -11.5
v -0.847241 683.354 -10.8237
v -0.574429 683.455 -11.5
v -0.420842 683.284 -10.9383
v 0.00392914 683.399 -11.5
v 0.00336129 683.262 -10.9773
v 0.581902 683.456 -11.5
v 0.561659 683.302 -10.9088
v 1.14183 683.614 -11.5
v 1.13667 683.43 -10.7062
v 1.23938 683.638 -11.4058
v 1.6606 683.631 -10.4191
v 1.77592 683.858 -11.0664
v 2.17715 683.922 -10.0488
v 2.28354 684.159 -10.6395
v 2.89143 684.528 -9.39568
v 2.95858 684.754 -9.90576
v 3.48486 685.333 -8.71624
v 3.5017 685.514 -9.15936
v 3.77882 685.961 -8.3273
v 3.76615 686.095 -8.7373
v 3.97529 686.657 -8.0456
v 3.94145 686.732 -8.4334
v 2.17732 684.145 -11.5
v 2.92363 684.77 -10.6291
v 3.49347 685.552 -9.71905
v 3.70663 685.996 -9.31069
v 3.86587 686.473 -8.97723
v 3.96523 686.978 -8.75671
v 3.99029 687.238 -8.70047
v 3.99873 687.5 -8.68127
v 3.86589 688.527 -8.97724
v 3.82208 688.741 -8.64267
v 3.84153 688.86 -8.23954
v 3.57103 689.508 -8.60666
v 3.60242 689.694 -8.18073
v 3.22329 690.311 -8.57515
v 3.2747 690.566 -8.12719
v 2.80887 691.136 -8.49504
v 2.89631 691.487 -8.0135
v 2.14559 692.181 -8.43258
v 2.24771 692.581 -8.02141
v 1.45501 693.108 -8.30212
v 1.56998 693.615 -7.92589
v 0.765034 693.966 -8.08023
v 0.852686 694.573 -7.77995
v 0.425316 694.676 -7.81931
v 0.481483 695.336 -7.61228
v 3.70639 689.004 -9.3115
v 3.57945 689.338 -9.04008
v 3.21812 690.079 -9.03821
v 2.77844 690.834 -8.98142
v 2.08212 691.758 -8.96322
v 1.37815 692.643 -8.7377
v 0.699584 693.402 -8.46002
v 0.379971 694.051 -8.11608
v 3.49329 689.449 -9.71966
v 3.25923 689.872 -9.51143
v 2.80021 690.566 -9.48814
v 2.07874 691.405 -9.5091
v 1.33859 692.162 -9.31443
v 0.65753 692.891 -8.91204
v 0.346241 693.471 -8.49638
v 2.9237 690.23 -10.6288
v 2.87386 690.336 -10.0086
v 2.13136 691.108 -10.0849
v 1.35198 691.778 -9.91886
v 0.639285 692.375 -9.52292
v 0.324758 692.948 -8.95269
v 2.23906 690.871 -10.6809
v 2.17732 690.855 -11.5
v 1.52688 691.256 -11.2375
v 1.13654 691.388 -11.5
v 1.41518 691.474 -10.5643
v 0.697467 691.676 -10.8724
v 0.653189 691.975 -10.1724
v 0.323694 692.02 -10.2351
v 0.31583 692.423 -9.57296
v 0.577345 691.545 -11.5
v 0.347435 691.724 -10.9505
v 0.961048 695.212 -7.56522
v 1.90645 694.721 -7.37595
v 2.80093 693.928 -7.072
v 3.60049 692.864 -6.68204
v 4.08657 691.963 -6.3821
v 4.49069 690.945 -6.09083
v 4.27357 690.731 -6.37465
v 4.5903 689.674 -6.12106
v 4.40542 689.536 -6.41885
v 4.79813 689.813 -5.83987
v -0.533618 678.545 -7.48048
v -1.05944 678.676 -7.42387
v -1.16211 679.865 -7.53587
v -1.57103 678.89 -7.33307
v -2.06195 679.182 -7.21099
v -1.97619 680.329 -7.35758
v -2.96252 679.975 -6.88985
v -2.75016 681.017 -7.09182
v -3.74166 681.011 -6.5
v -3.45526 681.911 -6.76215
v -4.06428 682.99 -6.39672
v -4.39532 684.623 -6.28034
v -4.74606 686.173 -5.98767
v -4.5644 686.256 -6.28092
v -4.65445 687.817 -6.19671
v -4.49508 687.796 -6.49869
v -3.19876 684.895 -9.06005
v -2.64831 684.04 -9.08988
v -2.03782 683.214 -8.98619
v -1.43359 682.383 -8.72069
v -0.854198 681.642 -8.43705
v -0.460557 680.963 -8.10996
v 0.00118337 680.29 -7.83137
v -3.79079 685.361 -7.65039
v -4.04048 686.591 -7.66364
v -4.13539 686.508 -7.28798
v -4.12274 687.732 -7.55596
v -4.22234 687.753 -7.18779
v -3.91118 685.164 -7.2397
v -4.26692 686.418 -6.90414
v -4.35675 687.776 -6.8109
v -3.35512 684.11 -7.69511
v -3.48157 683.845 -7.33269
v -4.04515 684.989 -6.90366
v -3.64288 683.568 -6.99353
v -4.20688 684.808 -6.58319
v -3.83765 683.282 -6.68061
v -4.40442 686.338 -6.58693
v -4.83411 687.838 -5.90636
v -4.05158 687.712 -7.93071
v -3.46588 692.355 -6.90727
v -2.63149 693.405 -7.31464
v -3.26995 692.015 -7.22408
v -2.44532 692.96 -7.6327
v -3.11091 691.688 -7.57348
v -2.29974 692.537 -7.99879
v -2.99035 691.377 -7.95186
v -2.19668 692.142 -8.40791
v -2.89989 691.038 -8.42708
v -2.13213 691.723 -8.93494
v -2.86555 690.743 -8.90602
v -2.12775 691.372 -9.47632
v -2.88242 690.481 -9.40425
v -2.17942 691.076 -10.0468
v -2.67696 684.316 -9.60945
v -2.03582 683.569 -9.53584
v -1.39236 682.86 -9.29416
v -0.80415 682.145 -8.88641
v -0.420005 681.54 -8.49012
v 0.00146227 680.923 -8.12639
v 0.68717 680.379 -7.79796
v -2.87223 683.024 -7.7133
v -3.02868 682.667 -7.35812
v -3.2237 682.294 -7.03985
v -2.08977 683.867 -10.1161
v -1.40527 683.243 -9.89428
v -0.781666 682.655 -9.49151
v -0.394126 682.061 -8.94577
v 0.00170025 681.508 -8.50663
v 0.614998 680.995 -8.09648
v 1.38559 680.65 -7.6934
v -2.34408 681.949 -7.6721
v -2.52802 681.492 -7.35458
v -1.78621 680.887 -7.59932
v -0.796727 683.053 -10.1332
v -0.39254 682.988 -10.225
v 0.00273273 682.968 -10.2555
v 0.524411 683.005 -10.2014
v 1.07674 683.126 -10.0371
v 1.59755 683.327 -9.79689
v 2.12594 683.627 -9.47777
v 2.87515 684.267 -8.89848
v 3.50955 685.134 -8.28123
v 3.82685 685.817 -7.92339
v 4.03987 686.577 -7.66265
v -0.383268 682.586 -9.5647
v 0.00193999 682.036 -8.96447
v 0.56123 681.567 -8.47645
v 1.25494 681.22 -8.00007
v 2.01594 681.05 -7.53405
v 0.00228313 682.564 -9.58839
v 0.512325 682.604 -9.54585
v 1.06089 682.734 -9.41312
v 1.58801 682.951 -9.2118
v 2.1308 683.276 -8.93593
v 2.90996 683.973 -8.42042
v 3.57556 684.919 -7.85831
v 3.9099 685.664 -7.52857
v 4.13479 686.493 -7.28695
v 0.526861 682.083 -8.93049
v 1.15645 681.752 -8.37831
v 1.84957 681.562 -7.84803
v 2.63197 681.595 -7.31458
v 1.0918 682.237 -8.82135
v 1.63546 682.488 -8.65001
v 2.19585 682.857 -8.40853
v 3.00076 683.635 -7.94593
v 3.6885 684.678 -7.43178
v 4.03394 685.495 -7.12725
v 4.26629 686.402 -6.90311
v 1.7221 682.043 -8.22199
v 2.44536 682.04 -7.63285
v 3.47649 682.661 -6.90196
v 2.29935 682.462 -7.99916
v 3.12148 683.325 -7.56796
v 3.81953 684.463 -7.08496
v 4.16903 685.345 -6.79773
v 4.40376 686.321 -6.58592
v 3.28059 682.999 -7.21878
v 4.17281 684.009 -6.44922
v 3.98136 684.239 -6.75663
v 4.33011 685.19 -6.48221
v 4.56368 686.238 -6.27997
v 4.51624 685.033 -6.18259
v 4.74528 686.153 -5.98681
v 3.89493 688.987 -7.84212
v 3.9819 689.122 -7.45321
v 4.10851 689.27 -7.05727
v 4.24452 689.401 -6.73151
v 3.67336 689.893 -7.76597
v 3.78955 690.115 -7.34671
v 3.92182 690.314 -7.00481
v 4.08353 690.52 -6.68003
v 3.37763 690.856 -7.67863
v 3.5044 691.118 -7.31722
v 3.66577 691.391 -6.97872
v 3.86035 691.674 -6.6661
v 3.01518 691.808 -7.63117
v 3.17331 692.148 -7.27937
v 3.36906 692.501 -6.96183
v 2.39232 693.009 -7.65431
v 2.5775 693.46 -7.33633
v 1.72122 694.155 -7.61536
v 2.93654 690.216 -11.5
v 3.51492 689.409 -11.5
v 3.87683 688.485 -11.5
v 4 687.5 -11.5
v 3.87683 686.515 -11.5
v 3.51492 685.591 -11.5
v 2.93654 684.784 -11.5
v -2.93654 684.784 -11.5
v -3.51492 685.591 -11.5
v -3.87683 686.515 -11.5
v -4 687.5 -11.5
v -3.87683 688.485 -11.5
v -3.51492 689.409 -11.5
v -2.93654 690.216 -11.5
v 3.65009 675 -6.55186
v 1.88561 675 -7.2591
v 1.20609e-15 675 -7.5
v -1.88561 675 -7.2591
v -3.65009 675 -6.55186
v -5.18008 675 -5.42372
v -8 747 -2.73048
v -14 750 3
v -14 747 3
v -8 732.787 -2.73048
v -8 723 -2.73048
v -8 708.787 -2.73048
v -8 699 -2.73048
v -8 684.787 -2.73048
v -14 675 3
v -9.92146 678.041 -0.895333
v -9.66211 678.159 -1.14303
v -9.44683 678.346 -1.34864
v -14 678 3
v -10.2038 678 -0.625702
v -9.36137 678.461 -1.43026
v -9.29314 678.587 -1.49543
v -9.24351 678.721 -1.54282
v -9.21352 678.861 -1.57147
v -8.10389 684.344 -2.63125
v -8.04663 684.486 -2.68594
v -9.20377 679.003 -1.58078
v -8.27963 684.094 -2.46341
v -8.18217 684.212 -2.55649
v -9.21447 679.146 -1.57056
v -8.96213 683.788 -1.81156
v -8.66231 683.846 -2.09792
v -8.39398 683.992 -2.35419
v -9.24539 679.286 -1.54103
v -9.26548 683.823 -1.52184
v -9.2959 679.419 -1.49279
v -9.36497 679.544 -1.42682
v -9.45119 679.659 -1.34447
v -9.54408 683.948 -1.25576
v -9.66581 684.041 -1.13949
v -9.77193 684.152 -1.03814
v -14 684.857 3
v -14 689.286 3
v -8.01173 684.635 -2.71928
v -14 699 3
v -10.2038 702 -0.625702
v -9.92146 702.041 -0.895333
v -9.66211 702.159 -1.14303
v -14 702 3
v -9.44683 702.346 -1.34864
v -9.36137 702.461 -1.43026
v -9.29314 702.587 -1.49543
v -9.24351 702.721 -1.54282
v -9.21352 702.861 -1.57147
v -9.20377 703.003 -1.58078
v -9.21447 703.146 -1.57056
v -8.96213 707.788 -1.81156
v -8.66231 707.846 -2.09792
v -8.39398 707.992 -2.35419
v -8.27963 708.094 -2.46341
v -9.24539 703.286 -1.54103
v -9.26548 707.823 -1.52184
v -9.2959 703.419 -1.49279
v -9.36497 703.544 -1.42682
v -9.45119 703.659 -1.34447
v -9.54408 707.948 -1.25576
v -9.66581 708.041 -1.13949
v -9.77193 708.152 -1.03814
v -14 708.857 3
v -14 713.286 3
v -8.18217 708.212 -2.55649
v -8.10389 708.344 -2.63125
v -8.04663 708.486 -2.68594
v -8.01173 708.635 -2.71928
v -14 723 3
v -10.2038 726 -0.625702
v -9.92146 726.041 -0.895333
v -9.66211 726.159 -1.14303
v -14 726 3
v -9.44683 726.346 -1.34864
v -9.36137 726.461 -1.43026
v -9.29314 726.587 -1.49543
v -9.24351 726.721 -1.54282
v -9.21352 726.861 -1.57147
v -9.20377 727.003 -1.58078
v -9.21447 727.146 -1.57056
v -8.96213 731.788 -1.81156
v -8.66231 731.846 -2.09792
v -8.39398 731.992 -2.35419
v -8.27963 732.094 -2.46341
v -9.24539 727.286 -1.54103
v -9.26548 731.823 -1.52184
v -9.2959 727.419 -1.49279
v -9.36497 727.544 -1.42682
v -9.45119 727.659 -1.34447
v -9.54408 731.948 -1.25576
v -9.66581 732.041 -1.13949
v -9.77193 732.152 -1.03814
v -14 732.857 3
v -14 737.286 3
v -8.18217 732.212 -2.55649
v -8.10389 732.344 -2.63125
v -8.04663 732.486 -2.68594
v -8.01173 732.635 -2.71928
v -2.22163 736.905 -11.5
v -2.3 737.5 -11.5
v -1.99186 736.35 -11.5
v -1.62635 735.874 -11.5
v -1.15 735.508 -11.5
v -0.595284 735.278 -11.5
v 1.40834e-16 735.2 -11.5
v 0.595284 735.278 -11.5
v 1.15 735.508 -11.5
v 1.62635 735.874 -11.5
v 1.99186 736.35 -11.5
v 2.22163 736.905 -11.5
v 2.3 737.5 -11.5
v 2.22163 738.095 -11.5
v 1.99186 738.65 -11.5
v 1.62635 739.126 -11.5
v 1.15 739.492 -11.5
v 0.595284 739.722 -11.5
v 1.40834e-16 739.8 -11.5
v -0.595284 739.722 -11.5
v -1.15 739.492 -11.5
v -1.62635 739.126 -11.5
v -1.99186 738.65 -11.5
v -2.22163 738.095 -11.5
v -2.22163 686.905 -11.5
v -2.3 687.5 -11.5
v -1.99186 686.35 -11.5
v -1.62635 685.874 -11.5
v -1.15 685.508 -11.5
v -0.595284 685.278 -11.5
v 1.40834e-16 685.2 -11.5
v 0.595284 685.278 -11.5
v 1.15 685.508 -11.5
v 1.62635 685.874 -11.5
v 1.99186 686.35 -11.5
v 2.22163 686.905 -11.5
v 2.3 687.5 -11.5
v 2.22163 688.095 -11.5
v 1.99186 688.65 -11.5
v 1.62635 689.126 -11.5
v 1.15 689.492 -11.5
v 0.595284 689.722 -11.5
v 1.40834e-16 689.8 -11.5
v -0.595284 689.722 -11.5
v -1.15 689.492 -11.5
v -1.62635 689.126 -11.5
v -1.99186 688.65 -11.5
v -2.22163 688.095 -11.5
v -2.22163 688.095 -5.5
v -2.3 687.5 -5.5
v -2.22163 686.905 -5.5
v -1.99186 686.35 -5.5
v -1.62635 685.874 -5.5
v -1.15 685.508 -5.5
v -0.595284 685.278 -5.5
v 1.40834e-16 685.2 -5.5
v 0.595284 685.278 -5.5
v 1.15 685.508 -5.5
v 1.62635 685.874 -5.5
v 1.99186 686.35 -5.5
v 2.22163 686.905 -5.5
v 2.3 687.5 -5.5
v 2.22163 688.095 -5.5
v 1.99186 688.65 -5.5
v 1.62635 689.126 -5.5
v 1.15 689.492 -5.5
v 0.595284 689.722 -5.5
v 1.40834e-16 689.8 -5.5
v -0.595284 689.722 -5.5
v -1.15 689.492 -5.5
v -1.62635 689.126 -5.5
v -1.99186 688.65 -5.5
v -1.44889 687.112 -5.5
v -1.5 687.5 -5.5
v -1.44889 687.888 -5.5
v -1.29904 688.25 -5.5
v -1.06066 688.561 -5.5
v -0.75 688.799 -5.5
v -0.388229 688.949 -5.5
v 9.18485e-17 689 -5.5
v -1.29904 686.75 -5.5
v -1.06066 686.439 -5.5
v -0.75 686.201 -5.5
v -0.388229 686.051 -5.5
v 9.18485e-17 686 -5.5
v 0.388229 686.051 -5.5
v 0.75 686.201 -5.5
v 1.06066 686.439 -5.5
v 1.29904 686.75 -5.5
v 1.44889 687.112 -5.5
v 1.5 687.5 -5.5
v 1.44889 687.888 -5.5
v 1.29904 688.25 -5.5
v 1.06066 688.561 -5.5
v 0.75 688.799 -5.5
v 0.388229 688.949 -5.5
v -2.22163 738.095 -5.5
v -2.3 737.5 -5.5
v -2.22163 736.905 -5.5
v -1.99186 736.35 -5.5
v -1.62635 735.874 -5.5
v -1.15 735.508 -5.5
v -0.595284 735.278 -5.5
v 1.40834e-16 735.2 -5.5
v 0.595284 735.278 -5.5
v 1.15 735.508 -5.5
v 1.62635 735.874 -5.5
v 1.99186 736.35 -5.5
v 2.22163 736.905 -5.5
v 2.3 737.5 -5.5
v 2.22163 738.095 -5.5
v 1.99186 738.65 -5.5
v 1.62635 739.126 -5.5
v 1.15 739.492 -5.5
v 0.595284 739.722 -5.5
v 1.40834e-16 739.8 -5.5
v -0.595284 739.722 -5.5
v -1.15 739.492 -5.5
v -1.62635 739.126 -5.5
v -1.99186 738.65 -5.5
v -1.44889 737.112 -5.5
v -1.5 737.5 -5.5
v -1.44889 737.888 -5.5
v -1.29904 738.25 -5.5
v -1.06066 738.561 -5.5
v -0.75 738.799 -5.5
v -0.388229 738.949 -5.5
v 9.18485e-17 739 -5.5
v -1.29904 736.75 -5.5
v -1.06066 736.439 -5.5
v -0.75 736.201 -5.5
v -0.388229 736.051 -5.5
v 9.18485e-17 736 -5.5
v 0.388229 736.051 -5.5
v 0.75 736.201 -5.5
v 1.06066 736.439 -5.5
v 1.29904 736.75 -5.5
v 1.44889 737.112 -5.5
v 1.5 737.5 -5.5
v 1.44889 737.888 -5.5
v 1.29904 738.25 -5.5
v 1.06066 738.561 -5.5
v 0.75 738.799 -5.5
v 0.388229 738.949 -5.5
v -10.2038 726 3.52274
v -9.92146 726.041 3.25311
v -9.66211 726.159 3.00542
v -9.44683 726.346 2.79981
v -9.36137 726.461 2.71819
v -9.29314 726.587 2.65302
v -9.24351 726.721 2.60562
v -9.21352 726.861 2.57698
v -9.20377 727.003 2.56767
v -9.21447 727.146 2.57788
v -9.24539 727.286 2.60741
v -9.2959 727.419 2.65566
v -9.36497 727.544 2.72163
v -9.45119 727.659 2.80397
v -12.3832 731.009 5.60426
v -13.4715 732.253 6
v -9.45119 727.659 6
v -9.45119 727.659 9
v -20.2474 739.997 9
v -20.2474 739.997 5.27179
v -10.2038 702 3.52274
v -9.92146 702.041 3.25311
v -9.66211 702.159 3.00542
v -9.44683 702.346 2.79981
v -9.36137 702.461 2.71819
v -9.29314 702.587 2.65302
v -9.24351 702.721 2.60562
v -9.21352 702.861 2.57698
v -9.20377 703.003 2.56767
v -9.21447 703.146 2.57788
v -9.24539 703.286 2.60741
v -9.2959 703.419 2.65566
v -9.36497 703.544 2.72163
v -9.45119 703.659 2.80397
v -12.3832 707.009 5.60426
v -13.4715 708.253 6
v -9.45119 703.659 6
v -9.45119 703.659 9
v -20.2474 715.997 9
v -20.2474 715.997 5.27179
v -10.2038 678 3.52274
v -9.92146 678.041 3.25311
v -9.66211 678.159 3.00542
v -9.44683 678.346 2.79981
v -9.36137 678.461 2.71819
v -9.29314 678.587 2.65302
v -9.24351 678.721 2.60562
v -9.21352 678.861 2.57698
v -9.20377 679.003 2.56767
v -9.21447 679.146 2.57788
v -9.24539 679.286 2.60741
v -9.2959 679.419 2.65566
v -9.36497 679.544 2.72163
v -9.45119 679.659 2.80397
v -12.3832 683.009 5.60426
v -13.4715 684.253 6
v -9.45119 679.659 6
v -9.45119 679.659 9
v -20.2474 691.997 9
v -20.2474 691.997 5.27179
v 9.45119 679.659 2.80397
v 9.36497 679.544 2.72163
v 9.2959 679.419 2.65566
v 9.24539 679.286 2.60741
v 9.21447 679.146 2.57788
v 9.20377 679.003 2.56767
v 9.21352 678.861 2.57698
v 9.24351 678.721 2.60562
v 9.29314 678.587 2.65302
v 9.36137 678.461 2.71819
v 9.44683 678.346 2.79981
v 9.66211 678.159 3.00542
v 9.92146 678.041 3.25311
v 10.2038 678 3.52274
v 12.3832 678 5.60426
v 13.4715 678 6
v 10.2038 678 6
v 10.2038 678 9
v 21 678 9
v 21 678 5.54545
v 9.45119 727.659 2.80397
v 9.36497 727.544 2.72163
v 9.2959 727.419 2.65566
v 9.24539 727.286 2.60741
v 9.21447 727.146 2.57788
v 9.20377 727.003 2.56767
v 9.21352 726.861 2.57698
v 9.24351 726.721 2.60562
v 9.29314 726.587 2.65302
v 9.36137 726.461 2.71819
v 9.44683 726.346 2.79981
v 9.66211 726.159 3.00542
v 9.92146 726.041 3.25311
v 10.2038 726 3.52274
v 12.3832 726 5.60426
v 13.4715 726 6
v 10.2038 726 6
v 10.2038 726 9
v 21 726 9
v 21 726 5.54545
v 9.45119 703.659 2.80397
v 9.36497 703.544 2.72163
v 9.2959 703.419 2.65566
v 9.24539 703.286 2.60741
v 9.21447 703.146 2.57788
v 9.20377 703.003 2.56767
v 9.21352 702.861 2.57698
v 9.24351 702.721 2.60562
v 9.29314 702.587 2.65302
v 9.36137 702.461 2.71819
v 9.44683 702.346 2.79981
v 9.66211 702.159 3.00542
v 9.92146 702.041 3.25311
v 10.2038 702 3.52274
v 12.3832 702 5.60426
v 13.4715 702 6
v 10.2038 702 6
v 10.2038 702 9
v 21 702 9
v 21 702 5.54545
v 9 747 2.37305
v 8.80491 746.981 2.18672
v 8.61732 746.924 2.00755
v 8.44443 746.831 1.84243
v 8.29289 746.707 1.6977
v 8.16853 746.556 1.57893
v 8.07612 746.383 1.49067
v 8.01921 746.195 1.43632
v 8.00482 746.098 1.42257
v 8 746 1.41797
v 8 732.787 1.41797
v 9 723 2.37305
v 8.80491 722.981 2.18672
v 8.61732 722.924 2.00755
v 8.44443 722.831 1.84243
v 8.29289 722.707 1.6977
v 8.16853 722.556 1.57893
v 8.07612 722.383 1.49067
v 8.01921 722.195 1.43632
v 8.00482 722.098 1.42257
v 8 722 1.41797
v 8 708.787 1.41797
v 9 699 2.37305
v 8.80491 698.981 2.18672
v 8.61732 698.924 2.00755
v 8.44443 698.831 1.84243
v 8.29289 698.707 1.6977
v 8.16853 698.556 1.57893
v 8.07612 698.383 1.49067
v 8.01921 698.195 1.43632
v 8.00482 698.098 1.42257
v 8 698 1.41797
v 8 684.787 1.41797
v 8.01173 732.635 1.42917
v 8.02993 732.545 0.189913
v 8.04663 732.486 1.4625
v 8.11792 732.316 0.189913
v 8.10389 732.344 1.51719
v 8.18217 732.212 1.59196
v 8.25871 732.116 0.189913
v 8.27963 732.094 1.68504
v 8.39398 731.992 1.79425
v 8.44386 731.956 0.189913
v 8.66231 731.846 2.05053
v 8.66231 731.846 0.189913
v 8.90097 731.792 0.189913
v 9.14555 731.798 0.189913
v 9.38143 731.863 0.189913
v 9.59447 731.983 0.189913
v 9.66581 732.041 3.00895
v 9.77193 732.152 3.1103
v 8.96213 731.788 2.33688
v 9.26548 731.823 2.6266
v 9.54408 731.948 2.89268
v 12.3832 735.322 5.60426
v 13.4715 736.644 6
v 9.77193 732.152 6
v 9.77193 732.152 9
v 20.6529 745.364 9
v 20.6529 745.364 5.41925
v 8.01173 708.635 1.42917
v 8.02993 708.545 0.189913
v 8.04663 708.486 1.4625
v 8.11792 708.316 0.189913
v 8.10389 708.344 1.51719
v 8.18217 708.212 1.59196
v 8.25871 708.116 0.189913
v 8.27963 708.094 1.68504
v 8.39398 707.992 1.79425
v 8.44386 707.956 0.189913
v 8.66231 707.846 2.05053
v 8.66231 707.846 0.189913
v 8.90097 707.792 0.189913
v 9.14555 707.798 0.189913
v 9.38143 707.863 0.189913
v 9.59447 707.983 0.189913
v 9.66581 708.041 3.00895
v 9.77193 708.152 3.1103
v 8.96213 707.788 2.33688
v 9.26548 707.823 2.6266
v 9.54408 707.948 2.89268
v 12.3832 711.322 5.60426
v 13.4715 712.644 6
v 9.77193 708.152 6
v 9.77193 708.152 9
v 20.6529 721.364 9
v 20.6529 721.364 5.41925
v 8.01173 684.635 1.42917
v 8.02993 684.545 0.189913
v 8.04663 684.486 1.4625
v 8.11792 684.316 0.189913
v 8.10389 684.344 1.51719
v 8.18217 684.212 1.59196
v 8.25871 684.116 0.189913
v 8.27963 684.094 1.68504
v 8.39398 683.992 1.79425
v 8.44386 683.956 0.189913
v 8.66231 683.846 2.05053
v 8.66231 683.846 0.189913
v 8.90097 683.792 0.189913
v 9.14555 683.798 0.189913
v 9.38143 683.863 0.189913
v 9.59447 683.983 0.189913
v 9.66581 684.041 3.00895
v 9.77193 684.152 3.1103
v 8.96213 683.788 2.33688
v 9.26548 683.823 2.6266
v 9.54408 683.948 2.89268
v 12.3832 687.322 5.60426
v 13.4715 688.644 6
v 9.77193 684.152 6
v 9.77193 684.152 9
v 20.6529 697.364 9
v 20.6529 697.364 5.41925
v -9.66581 732.041 3.00895
v -9.59447 731.983 0.189913
v -9.77193 732.152 3.1103
v -9.54408 731.948 2.89268
v -9.38143 731.863 0.189913
v -9.14555 731.798 0.189913
v -8.90097 731.792 0.189913
v -8.66231 731.846 0.189913
v -8.44386 731.956 0.189913
v -8.66231 731.846 2.05053
v -8.39398 731.992 1.79425
v -9.26548 731.823 2.6266
v -8.96213 731.788 2.33688
v -8.25871 732.116 0.189913
v -8.27963 732.094 1.68504
v -8.18217 732.212 1.59196
v -8.11792 732.316 0.189913
v -8.10389 732.344 1.51719
v -8.04663 732.486 1.4625
v -8.02993 732.545 0.189913
v -8.01173 732.635 1.42917
v -8 732.787 1.41797
v -8 747 1.41797
v -9.66581 708.041 3.00895
v -9.59447 707.983 0.189913
v -9.77193 708.152 3.1103
v -9.54408 707.948 2.89268
v -9.38143 707.863 0.189913
v -9.14555 707.798 0.189913
v -8.90097 707.792 0.189913
v -8.66231 707.846 0.189913
v -8.44386 707.956 0.189913
v -8.66231 707.846 2.05053
v -8.39398 707.992 1.79425
v -9.26548 707.823 2.6266
v -8.96213 707.788 2.33688
v -8.25871 708.116 0.189913
v -8.27963 708.094 1.68504
v -8.18217 708.212 1.59196
v -8.11792 708.316 0.189913
v -8.10389 708.344 1.51719
v -8.04663 708.486 1.4625
v -8.02993 708.545 0.189913
v -8.01173 708.635 1.42917
v -8 708.787 1.41797
v -8 723 1.41797
v -9.66581 684.041 3.00895
v -9.59447 683.983 0.189913
v -9.77193 684.152 3.1103
v -9.54408 683.948 2.89268
v -9.38143 683.863 0.189913
v -9.14555 683.798 0.189913
v -8.90097 683.792 0.189913
v -8.66231 683.846 0.189913
v -8.44386 683.956 0.189913
v -8.66231 683.846 2.05053
v -8.39398 683.992 1.79425
v -9.26548 683.823 2.6266
v -8.96213 683.788 2.33688
v -8.25871 684.116 0.189913
v -8.27963 684.094 1.68504
v -8.18217 684.212 1.59196
v -8.11792 684.316 0.189913
v -8.10389 684.344 1.51719
v -8.04663 684.486 1.4625
v -8.02993 684.545 0.189913
v -8.01173 684.635 1.42917
v -8 684.787 1.41797
v -8 699 1.41797
v -1.47123 737.79 -3.88058
v -1.5 737.5 -3.86943
v -1.47123 737.21 -3.88058
v -1.3849 738.076 -3.9121
v -1.24371 738.338 -3.95918
v -1.06092 738.56 -4.0121
v -0.838412 738.743 -4.06432
v -0.576583 738.885 -4.10975
v -0.2904 738.971 -4.13959
v -2.94903e-16 739 -4.15
v 0.2904 738.971 -4.13959
v 0.576583 738.885 -4.10975
v 0.838412 738.743 -4.06432
v 1.06092 738.56 -4.0121
v 1.24371 738.338 -3.95918
v 1.3849 738.076 -3.9121
v 1.47123 737.79 -3.88058
v 1.5 737.5 -3.86943
v 1.47123 737.21 -3.88058
v 1.3849 736.924 -3.9121
v 1.24371 736.662 -3.95918
v 1.06092 736.44 -4.0121
v 0.838412 736.257 -4.06432
v 0.576583 736.115 -4.10975
v 0.2904 736.029 -4.13959
v 5.95588e-16 736 -4.15
v -0.2904 736.029 -4.13959
v -0.576583 736.115 -4.10975
v -0.838412 736.257 -4.06432
v -1.06092 736.44 -4.0121
v -1.24371 736.662 -3.95918
v -1.3849 736.924 -3.9121
v -1.47123 687.79 -3.88058
v -1.5 687.5 -3.86943
v -1.47123 687.21 -3.88058
v -1.3849 688.076 -3.9121
v -1.24371 688.338 -3.95918
v -1.06092 688.56 -4.0121
v -0.838412 688.743 -4.06432
v -0.576583 688.885 -4.10975
v -0.2904 688.971 -4.13959
v -2.77556e-16 689 -4.15
v 0.2904 688.971 -4.13959
v 0.576583 688.885 -4.10975
v 0.838412 688.743 -4.06432
v 1.06092 688.56 -4.0121
v 1.24371 688.338 -3.95918
v 1.3849 688.076 -3.9121
v 1.47123 687.79 -3.88058
v 1.5 687.5 -3.86943
v 1.47123 687.21 -3.88058
v 1.3849 686.924 -3.9121
v 1.24371 686.662 -3.95918
v 1.06092 686.44 -4.0121
v 0.838412 686.257 -4.06432
v 0.576583 686.115 -4.10975
v 0.2904 686.029 -4.13959
v -4.91505e-16 686 -4.15
v -0.2904 686.029 -4.13959
v -0.576583 686.115 -4.10975
v -0.838412 686.257 -4.06432
v -1.06092 686.44 -4.0121
v -1.24371 686.662 -3.95918
v -1.3849 686.924 -3.9121
v 5 719.165 27
v 2.5 719.165 27
v 5 718.016 26.8662
v 2.5 718.016 26.8662
v 5 716.929 26.472
v 2.5 716.929 26.472
v 5 715.961 25.8385
v 2.5 715.961 25.8385
v 5 715.165 24.9995
v 2.5 715.165 24.9995
v 5 714.583 24
v 2.5 714.583 24
v 5 714 23.0005
v 2.5 714 23.0005
v 5 713.204 22.1616
v 2.5 713.204 22.1616
v 5 712.236 21.528
v 2.5 712.236 21.528
v 5 711.149 21.1338
v 2.5 711.149 21.1338
v 5 710 21
v 2.5 710 21
v -2.5 719.165 27
v -5 719.165 27
v -2.5 718.016 26.8662
v -5 718.016 26.8662
v -2.5 716.929 26.472
v -5 716.929 26.472
v -2.5 715.961 25.8385
v -5 715.961 25.8385
v -2.5 715.165 24.9995
v -5 715.165 24.9995
v -2.5 714.583 24
v -5 714.583 24
v -2.5 714 23.0005
v -5 714 23.0005
v -2.5 713.204 22.1616
v -5 713.204 22.1616
v -2.5 712.236 21.528
v -5 712.236 21.528
v -2.5 711.149 21.1338
v -5 711.149 21.1338
v -2.5 710 21
v -5 710 21
v -5 750 27
v -5 750 14
v -5 675 14
v -5 675 17
v -5 675.136 18.0353
v -5 675.536 19
v -5 676.172 19.8284
v -5 679 21
v -5 677 20.4641
v -5 677.965 20.8637
v -2.5 679 21
v -2.5 678.017 20.8773
v -2.5 677.094 20.5166
v -2.5 676.288 19.9401
v -2.5 675.648 19.1831
v 5 675 17
v 5 675.136 18.0353
v 5 675.536 19
v 2.5 675.648 19.1831
v 5 676.172 19.8284
v 2.5 676.288 19.9401
v 5 677 20.4641
v 2.5 677.094 20.5166
v 5 677.965 20.8637
v 2.5 678.017 20.8773
v 5 679 21
v 2.5 679 21
v 20.7867 745.576 5.46789
v 20.7867 745.576 9
v 20.8636 745.814 5.49586
v 20.8636 745.814 9
v 20.879 746.064 5.50144
v 20.879 746.064 9
v 20.8317 746.31 9
v 20.8317 746.31 5.48425
v 20.7248 746.537 9
v 20.7248 746.537 5.44539
v 20.565 746.729 9
v 20.565 746.729 5.38728
v 20.3623 746.877 9
v 20.3623 746.877 5.31358
v 20.1295 746.969 9
v 20.1295 746.969 5.2289
v 19.881 747 9
v 19.881 747 5.13855
v 12.3832 747 5.60426
v 13.4715 747 6
v 9 747 9
v 9 747 6
v 20.7867 721.576 5.46789
v 20.7867 721.576 9
v 20.8636 721.814 5.49586
v 20.8636 721.814 9
v 20.879 722.064 5.50144
v 20.879 722.064 9
v 20.8317 722.31 9
v 20.8317 722.31 5.48425
v 20.7248 722.537 9
v 20.7248 722.537 5.44539
v 20.565 722.729 9
v 20.565 722.729 5.38728
v 20.3623 722.877 9
v 20.3623 722.877 5.31358
v 20.1295 722.969 9
v 20.1295 722.969 5.2289
v 19.881 723 9
v 19.881 723 5.13855
v 12.3832 723 5.60426
v 13.4715 723 6
v 9 723 9
v 9 723 6
v 20.7867 697.576 5.46789
v 20.7867 697.576 9
v 20.8636 697.814 5.49586
v 20.8636 697.814 9
v 20.879 698.064 5.50144
v 20.879 698.064 9
v 20.8317 698.31 9
v 20.8317 698.31 5.48425
v 20.7248 698.537 9
v 20.7248 698.537 5.44539
v 20.565 698.729 9
v 20.565 698.729 5.38728
v 20.3623 698.877 9
v 20.3623 698.877 5.31358
v 20.1295 698.969 9
v 20.1295 698.969 5.2289
v 19.881 699 9
v 19.881 699 5.13855
v 12.3832 699 5.60426
v 13.4715 699 6
v 9 699 9
v 9 699 6
v 22 691.339 9
v 21.9708 691.578 9
v 22 691.339 5.90909
v 21.9708 691.578 5.89847
v 21.8849 691.804 9
v 21.8849 691.804 5.86723
v 21.7473 692.003 9
v 21.7473 692.003 5.81719
v 21.566 692.163 9
v 21.566 692.163 5.75129
v 21.3517 692.275 9
v 21.3517 692.275 5.67336
v 21.1169 692.332 9
v 21.1169 692.332 5.58795
v 20.8752 692.331 9
v 20.8752 692.331 5.50007
v 20.6408 692.272 9
v 20.6408 692.272 5.41484
v 20.4274 692.158 9
v 20.4274 692.158 5.33723
v 20.2474 691.997 9
v 20.2474 691.997 5.27179
v 12.3832 683.009 5.60426
v 13.4715 684.253 6
v 9.45119 679.659 9
v 9.45119 679.659 6
v 22 715.339 9
v 21.9708 715.578 9
v 22 715.339 5.90909
v 21.9708 715.578 5.89847
v 21.8849 715.804 9
v 21.8849 715.804 5.86723
v 21.7473 716.003 9
v 21.7473 716.003 5.81719
v 21.566 716.163 9
v 21.566 716.163 5.75129
v 21.3517 716.275 9
v 21.3517 716.275 5.67336
v 21.1169 716.332 9
v 21.1169 716.332 5.58795
v 20.8752 716.331 9
v 20.8752 716.331 5.50007
v 20.6408 716.272 9
v 20.6408 716.272 5.41484
v 20.4274 716.158 9
v 20.4274 716.158 5.33723
v 20.2474 715.997 9
v 20.2474 715.997 5.27179
v 12.3832 707.009 5.60426
v 13.4715 708.253 6
v 9.45119 703.659 9
v 9.45119 703.659 6
v 22 739.339 9
v 21.9708 739.578 9
v 22 739.339 5.90909
v 21.9708 739.578 5.89847
v 21.8849 739.804 9
v 21.8849 739.804 5.86723
v 21.7473 740.003 9
v 21.7473 740.003 5.81719
v 21.566 740.163 9
v 21.566 740.163 5.75129
v 21.3517 740.275 9
v 21.3517 740.275 5.67336
v 21.1169 740.332 9
v 21.1169 740.332 5.58795
v 20.8752 740.331 9
v 20.8752 740.331 5.50007
v 20.6408 740.272 9
v 20.6408 740.272 5.41484
v 20.4274 740.158 9
v 20.4274 740.158 5.33723
v 20.2474 739.997 9
v 20.2474 739.997 5.27179
v 12.3832 731.009 5.60426
v 13.4715 732.253 6
v 9.45119 727.659 9
v 9.45119 727.659 6
v -9 699 9
v -9 699 6
v -8.74118 698.966 9
v -8.74118 698.966 6
v -8.5 698.866 9
v -8.5 698.866 6
v -8.29289 698.707 9
v -8.29289 698.707 6
v -8.13398 698.5 9
v -8.13398 698.5 6
v -8.03407 698.259 9
v -8.03407 698.259 6
v -8 698 9
v -8 698 6
v -8 684.787 6
v -8 684.787 9
v -9 723 9
v -9 723 6
v -8.74118 722.966 9
v -8.74118 722.966 6
v -8.5 722.866 9
v -8.5 722.866 6
v -8.29289 722.707 9
v -8.29289 722.707 6
v -8.13398 722.5 9
v -8.13398 722.5 6
v -8.03407 722.259 9
v -8.03407 722.259 6
v -8 722 9
v -8 722 6
v -8 708.787 6
v -8 708.787 9
v -9 747 9
v -9 747 6
v -8.74118 746.966 9
v -8.74118 746.966 6
v -8.5 746.866 9
v -8.5 746.866 6
v -8.29289 746.707 9
v -8.29289 746.707 6
v -8.13398 746.5 9
v -8.13398 746.5 6
v -8.03407 746.259 9
v -8.03407 746.259 6
v -8 746 9
v -8 746 6
v -8 732.787 6
v -8 732.787 9
v -9.30969 727.448 9
v -9.30969 727.448 6
v -9.22574 727.208 9
v -9.22574 727.208 6
v -9.20475 726.956 9
v -9.20475 726.956 6
v -9.24807 726.706 9
v -9.24807 726.706 6
v -9.35291 726.475 9
v -9.35291 726.475 6
v -9.51252 726.277 9
v -9.51252 726.277 6
v -9.71663 726.127 9
v -9.71663 726.127 6
v -9.9521 726.032 9
v -9.9521 726.032 6
v -10.2038 726 9
v -10.2038 726 6
v -12.3832 726 5.60426
v -13.4715 726 6
v -21 726 5.54545
v -21 726 9
v -9.30969 703.448 9
v -9.30969 703.448 6
v -9.22574 703.208 9
v -9.22574 703.208 6
v -9.20475 702.956 9
v -9.20475 702.956 6
v -9.24807 702.706 9
v -9.24807 702.706 6
v -9.35291 702.475 9
v -9.35291 702.475 6
v -9.51252 702.277 9
v -9.51252 702.277 6
v -9.71663 702.127 9
v -9.71663 702.127 6
v -9.9521 702.032 9
v -9.9521 702.032 6
v -10.2038 702 9
v -10.2038 702 6
v -12.3832 702 5.60426
v -13.4715 702 6
v -21 702 5.54545
v -21 702 9
v -9.30969 679.448 9
v -9.30969 679.448 6
v -9.22574 679.208 9
v -9.22574 679.208 6
v -9.20475 678.956 9
v -9.20475 678.956 6
v -9.24807 678.706 9
v -9.24807 678.706 6
v -9.35291 678.475 9
v -9.35291 678.475 6
v -9.51252 678.277 9
v -9.51252 678.277 6
v -9.71663 678.127 9
v -9.71663 678.127 6
v -9.9521 678.032 9
v -9.9521 678.032 6
v -10.2038 678 9
v -10.2038 678 6
v -12.3832 678 5.60426
v -13.4715 678 6
v -21 678 5.54545
v -21 678 9
v -8.02993 732.545 9
v -8.02993 732.545 6
v -8.11792 732.316 9
v -8.11792 732.316 6
v -8.25871 732.116 9
v -8.25871 732.116 6
v -8.44386 731.956 9
v -8.44386 731.956 6
v -8.66231 731.846 9
v -8.66231 731.846 6
v -8.90097 731.792 9
v -8.90097 731.792 6
v -9.14555 731.798 9
v -9.14555 731.798 6
v -9.38143 731.863 9
v -9.38143 731.863 6
v -9.59447 731.983 9
v -9.59447 731.983 6
v -9.77193 732.152 9
v -9.77193 732.152 6
v -12.3832 735.322 5.60426
v -13.4715 736.644 6
v -20.6529 745.364 5.41925
v -20.6529 745.364 9
v -8.02993 708.545 9
v -8.02993 708.545 6
v -8.11792 708.316 9
v -8.11792 708.316 6
v -8.25871 708.116 9
v -8.25871 708.116 6
v -8.44386 707.956 9
v -8.44386 707.956 6
v -8.66231 707.846 9
v -8.66231 707.846 6
v -8.90097 707.792 9
v -8.90097 707.792 6
v -9.14555 707.798 9
v -9.14555 707.798 6
v -9.38143 707.863 9
v -9.38143 707.863 6
v -9.59447 707.983 9
v -9.59447 707.983 6
v -9.77193 708.152 9
v -9.77193 708.152 6
v -12.3832 711.322 5.60426
v -13.4715 712.644 6
v -20.6529 721.364 5.41925
v -20.6529 721.364 9
v -8.02993 684.545 9
v -8.02993 684.545 6
v -8.11792 684.316 9
v -8.11792 684.316 6
v -8.25871 684.116 9
v -8.25871 684.116 6
v -8.44386 683.956 9
v -8.44386 683.956 6
v -8.66231 683.846 9
v -8.66231 683.846 6
v -8.90097 683.792 9
v -8.90097 683.792 6
v -9.14555 683.798 9
v -9.14555 683.798 6
v -9.38143 683.863 9
v -9.38143 683.863 6
v -9.59447 683.983 9
v -9.59447 683.983 6
v -9.77193 684.152 9
v -9.77193 684.152 6
v -12.3832 687.322 5.60426
v -13.4715 688.644 6
v -20.6529 697.364 5.41925
v -20.6529 697.364 9
v 21.2588 678.034 5.63957
v 21.2588 678.034 9
v 21.5 678.134 5.72727
v 21.5 678.134 9
v 21.7071 678.293 5.80258
v 21.7071 678.293 9
v 21.866 678.5 5.86037
v 21.866 678.5 9
v 21.9659 678.741 5.8967
v 21.9659 678.741 9
v 22 679 5.90909
v 22 679 9
v 21.2588 702.034 5.63957
v 21.2588 702.034 9
v 21.5 702.134 5.72727
v 21.5 702.134 9
v 21.7071 702.293 5.80258
v 21.7071 702.293 9
v 21.866 702.5 5.86037
v 21.866 702.5 9
v 21.9659 702.741 5.8967
v 21.9659 702.741 9
v 22 703 5.90909
v 22 703 9
v 21.2588 726.034 5.63957
v 21.2588 726.034 9
v 21.5 726.134 5.72727
v 21.5 726.134 9
v 21.7071 726.293 5.80258
v 21.7071 726.293 9
v 21.866 726.5 5.86037
v 21.866 726.5 9
v 21.9659 726.741 5.8967
v 21.9659 726.741 9
v 22 727 5.90909
v 22 727 9
v 9.59447 731.983 9
v 9.59447 731.983 6
v 9.38143 731.863 9
v 9.38143 731.863 6
v 9.14555 731.798 9
v 9.14555 731.798 6
v 8.90097 731.792 9
v 8.90097 731.792 6
v 8.66231 731.846 9
v 8.66231 731.846 6
v 8.44386 731.956 9
v 8.44386 731.956 6
v 8.25871 732.116 9
v 8.25871 732.116 6
v 8.11792 732.316 9
v 8.11792 732.316 6
v 8.02993 732.545 9
v 8.02993 732.545 6
v 8 732.787 9
v 8 732.787 6
v 8 746 6
v 8 746 9
v 9.59447 707.983 9
v 9.59447 707.983 6
v 9.38143 707.863 9
v 9.38143 707.863 6
v 9.14555 707.798 9
v 9.14555 707.798 6
v 8.90097 707.792 9
v 8.90097 707.792 6
v 8.66231 707.846 9
v 8.66231 707.846 6
v 8.44386 707.956 9
v 8.44386 707.956 6
v 8.25871 708.116 9
v 8.25871 708.116 6
v 8.11792 708.316 9
v 8.11792 708.316 6
v 8.02993 708.545 9
v 8.02993 708.545 6
v 8 708.787 9
v 8 708.787 6
v 8 722 6
v 8 722 9
v 9.59447 683.983 9
v 9.59447 683.983 6
v 9.38143 683.863 9
v 9.38143 683.863 6
v 9.14555 683.798 9
v 9.14555 683.798 6
v 8.90097 683.792 9
v 8.90097 683.792 6
v 8.66231 683.846 9
v 8.66231 683.846 6
v 8.44386 683.956 9
v 8.44386 683.956 6
v 8.25871 684.116 9
v 8.25871 684.116 6
v 8.11792 684.316 9
v 8.11792 684.316 6
v 8.02993 684.545 9
v 8.02993 684.545 6
v 8 684.787 9
v 8 684.787 6
v 8 698 6
v 8 698 9
v 9.9521 726.032 9
v 9.9521 726.032 6
v 9.71663 726.127 9
v 9.71663 726.127 6
v 9.51252 726.277 9
v 9.51252 726.277 6
v 9.35291 726.475 9
v 9.35291 726.475 6
v 9.24807 726.706 9
v 9.24807 726.706 6
v 9.20475 726.956 9
v 9.20475 726.956 6
v 9.22574 727.208 9
v 9.22574 727.208 6
v 9.30969 727.448 9
v 9.30969 727.448 6
v 9.9521 702.032 9
v 9.9521 702.032 6
v 9.71663 702.127 9
v 9.71663 702.127 6
v 9.51252 702.277 9
v 9.51252 702.277 6
v 9.35291 702.475 9
v 9.35291 702.475 6
v 9.24807 702.706 9
v 9.24807 702.706 6
v 9.20475 702.956 9
v 9.20475 702.956 6
v 9.22574 703.208 9
v 9.22574 703.208 6
v 9.30969 703.448 9
v 9.30969 703.448 6
v 9.9521 678.032 9
v 9.9521 678.032 6
v 9.71663 678.127 9
v 9.71663 678.127 6
v 9.51252 678.277 9
v 9.51252 678.277 6
v 9.35291 678.475 9
v 9.35291 678.475 6
v 9.24807 678.706 9
v 9.24807 678.706 6
v 9.20475 678.956 9
v 9.20475 678.956 6
v 9.22574 679.208 9
v 9.22574 679.208 6
v 9.30969 679.448 9
v 9.30969 679.448 6
v -22 679 9
v -21.9659 678.741 9
v -22 679 5.90909
v -21.9659 678.741 5.8967
v -21.866 678.5 9
v -21.866 678.5 5.86037
v -21.7071 678.293 9
v -21.7071 678.293 5.80258
v -21.5 678.134 9
v -21.5 678.134 5.72727
v -21.2588 678.034 9
v -21.2588 678.034 5.63957
v -22 703 9
v -21.9659 702.741 9
v -22 703 5.90909
v -21.9659 702.741 5.8967
v -21.866 702.5 9
v -21.866 702.5 5.86037
v -21.7071 702.293 9
v -21.7071 702.293 5.80258
v -21.5 702.134 9
v -21.5 702.134 5.72727
v -21.2588 702.034 9
v -21.2588 702.034 5.63957
v -22 727 9
v -21.9659 726.741 9
v -22 727 5.90909
v -21.9659 726.741 5.8967
v -21.866 726.5 9
v -21.866 726.5 5.86037
v -21.7071 726.293 9
v -21.7071 726.293 5.80258
v -21.5 726.134 9
v -21.5 726.134 5.72727
v -21.2588 726.034 9
v -21.2588 726.034 5.63957
v 8.03407 698.259 9
v 8.03407 698.259 6
v 8.13398 698.5 9
v 8.13398 698.5 6
v 8.29289 698.707 9
v 8.29289 698.707 6
v 8.5 698.866 9
v 8.5 698.866 6
v 8.74118 698.966 9
v 8.74118 698.966 6
v 8.03407 722.259 9
v 8.03407 722.259 6
v 8.13398 722.5 9
v 8.13398 722.5 6
v 8.29289 722.707 9
v 8.29289 722.707 6
v 8.5 722.866 9
v 8.5 722.866 6
v 8.74118 722.966 9
v 8.74118 722.966 6
v 8.03407 746.259 9
v 8.03407 746.259 6
v 8.13398 746.5 9
v 8.13398 746.5 6
v 8.29289 746.707 9
v 8.29289 746.707 6
v 8.5 746.866 9
v 8.5 746.866 6
v 8.74118 746.966 9
v 8.74118 746.966 6
v -19.881 699 5.13855
v -19.881 699 9
v -20.1295 698.969 5.2289
v -20.1295 698.969 9
v -20.3623 698.877 5.31358
v -20.3623 698.877 9
v -20.565 698.729 5.38728
v -20.565 698.729 9
v -20.7248 698.537 5.44539
v -20.7248 698.537 9
v -20.8317 698.31 5.48425
v -20.8317 698.31 9
v -20.879 698.064 5.50144
v -20.879 698.064 9
v -20.8636 697.814 9
v -20.8636 697.814 5.49586
v -20.7867 697.576 9
v -20.7867 697.576 5.46789
v -19.881 723 5.13855
v -19.881 723 9
v -20.1295 722.969 5.2289
v -20.1295 722.969 9
v -20.3623 722.877 5.31358
v -20.3623 722.877 9
v -20.565 722.729 5.38728
v -20.565 722.729 9
v -20.7248 722.537 5.44539
v -20.7248 722.537 9
v -20.8317 722.31 5.48425
v -20.8317 722.31 9
v -20.879 722.064 5.50144
v -20.879 722.064 9
v -20.8636 721.814 9
v -20.8636 721.814 5.49586
v -20.7867 721.576 9
v -20.7867 721.576 5.46789
v -19.881 747 5.13855
v -19.881 747 9
v -20.1295 746.969 5.2289
v -20.1295 746.969 9
v -20.3623 746.877 5.31358
v -20.3623 746.877 9
v -20.565 746.729 5.38728
v -20.565 746.729 9
v -20.7248 746.537 5.44539
v -20.7248 746.537 9
v -20.8317 746.31 5.48425
v -20.8317 746.31 9
v -20.879 746.064 5.50144
v -20.879 746.064 9
v -20.8636 745.814 9
v -20.8636 745.814 5.49586
v -20.7867 745.576 9
v -20.7867 745.576 5.46789
v -20.4274 692.158 5.33723
v -20.4274 692.158 9
v -20.6408 692.272 5.41484
v -20.6408 692.272 9
v -20.8752 692.331 5.50007
v -20.8752 692.331 9
v -21.1169 692.332 5.58795
v -21.1169 692.332 9
v -21.3517 692.275 5.67336
v -21.3517 692.275 9
v -21.566 692.163 5.75129
v -21.566 692.163 9
v -21.7473 692.003 5.81719
v -21.7473 692.003 9
v -21.8849 691.804 5.86723
v -21.8849 691.804 9
v -21.9708 691.578 5.89847
v -21.9708 691.578 9
v -22 691.339 5.90909
v -22 691.339 9
v -20.4274 716.158 5.33723
v -20.4274 716.158 9
v -20.6408 716.272 5.41484
v -20.6408 716.272 9
v -20.8752 716.331 5.50007
v -20.8752 716.331 9
v -21.1169 716.332 5.58795
v -21.1169 716.332 9
v -21.3517 716.275 5.67336
v -21.3517 716.275 9
v -21.566 716.163 5.75129
v -21.566 716.163 9
v -21.7473 716.003 5.81719
v -21.7473 716.003 9
v -21.8849 715.804 5.86723
v -21.8849 715.804 9
v -21.9708 715.578 5.89847
v -21.9708 715.578 9
v -22 715.339 5.90909
v -22 715.339 9
v -20.4274 740.158 5.33723
v -20.4274 740.158 9
v -20.6408 740.272 5.41484
v -20.6408 740.272 9
v -20.8752 740.331 5.50007
v -20.8752 740.331 9
v -21.1169 740.332 5.58795
v -21.1169 740.332 9
v -21.3517 740.275 5.67336
v -21.3517 740.275 9
v -21.566 740.163 5.75129
v -21.566 740.163 9
v -21.7473 740.003 5.81719
v -21.7473 740.003 9
v -21.8849 739.804 5.86723
v -21.8849 739.804 9
v -21.9708 739.578 5.89847
v -21.9708 739.578 9
v -22 739.339 5.90909
v -22 739.339 9
v -13.4715 723 6
v -12.3832 723 5.60426
v -13.4715 699 6
v -12.3832 699 5.60426
v -13.4715 747 6
v -12.3832 747 5.60426
v -25 675 7
v -25 750 7
v -13.4715 675 6
v -4.5 675 6
v -4.5 750 6
v -13.4715 750 6
v -12.3832 750 5.60426
v -12.3832 675 5.60426
v 7.44703 675 0.889834
v 7.44703 750 0.889834
v 12.3832 750 5.60426
v 12.3832 675 5.60426
v 13.4715 750 6
v 13.4715 675 6
v 25 750 7
v 25 675 7
v 2.5 750 27
v 5 750 27
v -2.5 750 27
v -7.44703 675 0.889834
v -7.44703 750 0.889834
v -5.61274 750 4.97465
v -5.93487 712.5 4.58556
v -5.61274 675 4.97465
v -6.49702 750 3.74682
v -6.94142 712.5 2.84018
v -6.49702 675 3.74682
v -7.11686 675 2.36649
v -7.11686 750 2.36649
v 7.11686 750 2.36649
v 6.94142 712.5 2.84018
v 7.11686 675 2.36649
v 6.49702 750 3.74682
v 5.93487 712.5 4.58556
v 6.49702 675 3.74682
v 5.61274 675 4.97465
v 4.5 675 6
v 5.61274 750 4.97465
v 4.5 750 6
v 25 750 9
v 25 675 9
v -25 750 9
v -25 675 9
v 5 750 14
v 5 675 14
v 4.00859 675 1.0741
v 4.00859 651.667 1.0741
v 4.15 675 -5.08228e-16
v 4.15 651.667 -4.74347e-16
v 4.00859 675 -1.0741
v 4.00859 651.667 -1.0741
v 3.59401 675 -2.075
v 3.59401 651.667 -2.075
v 2.93449 675 -2.93449
v 2.93449 651.667 -2.93449
v 2.075 675 -3.59401
v 2.075 651.667 -3.59401
v 1.0741 675 -4.00859
v 1.0741 651.667 -4.00859
v -7.62343e-16 675 -4.15
v -6.67371e-16 651.667 -4.15
v -1.0741 675 -4.00859
v -1.0741 651.667 -4.00859
v -2.075 675 -3.59401
v -2.075 651.667 -3.59401
v -2.93449 675 -2.93449
v -2.93449 651.667 -2.93449
v -3.59401 675 -2.075
v -3.59401 651.667 -2.075
v -4.00859 675 -1.0741
v -4.00859 651.667 -1.0741
v -4.15 675 5.08228e-16
v -4.15 651.667 5.08228e-16
v -4.00859 675 1.0741
v -4.00859 651.667 1.0741
v -3.59401 675 2.075
v -3.59401 651.667 2.075
v -2.93449 675 2.93449
v -2.93449 651.667 2.93449
v -2.075 675 3.59401
v -2.075 651.667 3.59401
v -1.0741 675 4.00859
v -1.0741 651.667 4.00859
v 1.1756e-15 675 4.15
v 1.1756e-15 651.667 4.15
v 1.0741 675 4.00859
v 1.0741 651.667 4.00859
v 2.075 675 3.59401
v 2.075 651.667 3.59401
v 2.93449 675 2.93449
v 2.93449 651.667 2.93449
v 3.59401 675 2.075
v 3.59401 651.667 2.075
v -4.00859 325 1.0741
v -4.00859 348.333 1.0741
v -4.15 325 5.55112e-16
v -4.15 348.333 5.08228e-16
v -4.00859 325 -1.0741
v -4.00859 348.333 -1.0741
v -3.59401 325 -2.075
v -3.59401 348.333 -2.075
v -2.93449 325 -2.93449
v -2.93449 348.333 -2.93449
v -2.075 325 -3.59401
v -2.075 348.333 -3.59401
v -1.0741 325 -4.00859
v -1.0741 348.333 -4.00859
v 2.54114e-16 325 -4.15
v 2.54114e-16 348.333 -4.15
v 1.0741 325 -4.00859
v 1.0741 348.333 -4.00859
v 2.075 325 -3.59401
v 2.075 348.333 -3.59401
v 2.93449 325 -2.93449
v 2.93449 348.333 -2.93449
v 3.59401 325 -2.075
v 3.59401 348.333 -2.075
v 4.00859 325 -1.0741
v 4.00859 348.333 -1.0741
v 4.15 325 0
v 4.15 348.333 -3.38819e-17
v 4.00859 325 1.0741
v 4.00859 348.333 1.0741
v 3.59401 325 2.075
v 3.59401 348.333 2.075
v 2.93449 325 2.93449
v 2.93449 348.333 2.93449
v 2.075 325 3.59401
v 2.075 348.333 3.59401
v 1.0741 325 4.00859
v 1.0741 348.333 4.00859
v 2.54114e-16 325 4.15
v 2.54114e-16 348.333 4.15
v -1.0741 325 4.00859
v -1.0741 348.333 4.00859
v -2.075 325 3.59401
v -2.075 348.333 3.59401
v -2.93449 325 2.93449
v -2.93449 348.333 2.93449
v -3.59401 325 2.075
v -3.59401 348.333 2.075
v -4.15 628.333 5.08228e-16
v -4.00859 628.333 1.0741
v -3.59401 628.333 2.075
v -2.93449 628.333 2.93449
v -2.075 628.333 3.59401
v -1.0741 628.333 4.00859
v 1.1756e-15 628.333 4.15
v 1.0741 628.333 4.00859
v 2.075 628.333 3.59401
v 2.93449 628.333 2.93449
v 3.59401 628.333 2.075
v 4.00859 628.333 1.0741
v 4.15 628.333 -4.40465e-16
v 4.00859 628.333 -1.0741
v 3.59401 628.333 -2.075
v 2.93449 628.333 -2.93449
v 2.075 628.333 -3.59401
v 1.0741 628.333 -4.00859
v -6.67371e-16 628.333 -4.15
v -1.0741 628.333 -4.00859
v -2.075 628.333 -3.59401
v -2.93449 628.333 -2.93449
v -3.59401 628.333 -2.075
v -4.00859 628.333 -1.0741
v -4.15 605 5.08228e-16
v -4.00859 605 1.0741
v -3.59401 605 2.075
v -2.93449 605 2.93449
v -2.075 605 3.59401
v -1.0741 605 4.00859
v 1.1756e-15 605 4.15
v 1.0741 605 4.00859
v 2.075 605 3.59401
v 2.93449 605 2.93449
v 3.59401 605 2.075
v 4.00859 605 1.0741
v 4.15 605 -4.06583e-16
v 4.00859 605 -1.0741
v 3.59401 605 -2.075
v 2.93449 605 -2.93449
v 2.075 605 -3.59401
v 1.0741 605 -4.00859
v -6.67371e-16 605 -4.15
v -1.0741 605 -4.00859
v -2.075 605 -3.59401
v -2.93449 605 -2.93449
v -3.59401 605 -2.075
v -4.00859 605 -1.0741
v -4.15 581.667 5.08228e-16
v -4.00859 581.667 1.0741
v -3.59401 581.667 2.075
v -2.93449 581.667 2.93449
v -2.075 581.667 3.59401
v -1.0741 581.667 4.00859
v 1.1756e-15 581.667 4.15
v 1.0741 581.667 4.00859
v 2.075 581.667 3.59401
v 2.93449 581.667 2.93449
v 3.59401 581.667 2.075
v 4.00859 581.667 1.0741
v 4.15 581.667 -3.72701e-16
v 4.00859 581.667 -1.0741
v 3.59401 581.667 -2.075
v 2.93449 581.667 -2.93449
v 2.075 581.667 -3.59401
v 1.0741 581.667 -4.00859
v -6.67371e-16 581.667 -4.15
v -1.0741 581.667 -4.00859
v -2.075 581.667 -3.59401
v -2.93449 581.667 -2.93449
v -3.59401 581.667 -2.075
v -4.00859 581.667 -1.0741
v -4.15 558.333 5.08228e-16
v -4.00859 558.333 1.0741
v -3.59401 558.333 2.075
v -2.93449 558.333 2.93449
v -2.075 558.333 3.59401
v -1.0741 558.333 4.00859
v 1.1756e-15 558.333 4.15
v 1.0741 558.333 4.00859
v 2.075 558.333 3.59401
v 2.93449 558.333 2.93449
v 3.59401 558.333 2.075
v 4.00859 558.333 1.0741
v 4.15 558.333 -3.38819e-16
v 4.00859 558.333 -1.0741
v 3.59401 558.333 -2.075
v 2.93449 558.333 -2.93449
v 2.075 558.333 -3.59401
v 1.0741 558.333 -4.00859
v -6.67371e-16 558.333 -4.15
v -1.0741 558.333 -4.00859
v -2.075 558.333 -3.59401
v -2.93449 558.333 -2.93449
v -3.59401 558.333 -2.075
v -4.00859 558.333 -1.0741
v -4.15 535 5.08228e-16
v -4.00859 535 1.0741
v -3.59401 535 2.075
v -2.93449 535 2.93449
v -2.075 535 3.59401
v -1.0741 535 4.00859
v 1.1756e-15 535 4.15
v 1.0741 535 4.00859
v 2.075 535 3.59401
v 2.93449 535 2.93449
v 3.59401 535 2.075
v 4.00859 535 1.0741
v 4.15 535 -3.04937e-16
v 4.00859 535 -1.0741
v 3.59401 535 -2.075
v 2.93449 535 -2.93449
v 2.075 535 -3.59401
v 1.0741 535 -4.00859
v -6.67371e-16 535 -4.15
v -1.0741 535 -4.00859
v -2.075 535 -3.59401
v -2.93449 535 -2.93449
v -3.59401 535 -2.075
v -4.00859 535 -1.0741
v -4.15 511.667 5.08228e-16
v -4.00859 511.667 1.0741
v -3.59401 511.667 2.075
v -2.93449 511.667 2.93449
v -2.075 511.667 3.59401
v -1.0741 511.667 4.00859
v 1.1756e-15 511.667 4.15
v 1.0741 511.667 4.00859
v 2.075 511.667 3.59401
v 2.93449 511.667 2.93449
v 3.59401 511.667 2.075
v 4.00859 511.667 1.0741
v 4.15 511.667 -2.71055e-16
v 4.00859 511.667 -1.0741
v 3.59401 511.667 -2.075
v 2.93449 511.667 -2.93449
v 2.075 511.667 -3.59401
v 1.0741 511.667 -4.00859
v -6.67371e-16 511.667 -4.15
v -1.0741 511.667 -4.00859
v -2.075 511.667 -3.59401
v -2.93449 511.667 -2.93449
v -3.59401 511.667 -2.075
v -4.00859 511.667 -1.0741
v -4.15 488.333 5.08228e-16
v -4.00859 488.333 1.0741
v -3.59401 488.333 2.075
v -2.93449 488.333 2.93449
v -2.075 488.333 3.59401
v -1.0741 488.333 4.00859
v 1.1756e-15 488.333 4.15
v 1.0741 488.333 4.00859
v 2.075 488.333 3.59401
v 2.93449 488.333 2.93449
v 3.59401 488.333 2.075
v 4.00859 488.333 1.0741
v 4.15 488.333 -2.37173e-16
v 4.00859 488.333 -1.0741
v 3.59401 488.333 -2.075
v 2.93449 488.333 -2.93449
v 2.075 488.333 -3.59401
v 1.0741 488.333 -4.00859
v -6.67371e-16 488.333 -4.15
v -1.0741 488.333 -4.00859
v -2.075 488.333 -3.59401
v -2.93449 488.333 -2.93449
v -3.59401 488.333 -2.075
v -4.00859 488.333 -1.0741
v -4.15 465 5.08228e-16
v -4.00859 465 1.0741
v -3.59401 465 2.075
v -2.93449 465 2.93449
v -2.075 465 3.59401
v -1.0741 465 4.00859
v 1.1756e-15 465 4.15
v 1.0741 465 4.00859
v 2.075 465 3.59401
v 2.93449 465 2.93449
v 3.59401 465 2.075
v 4.00859 465 1.0741
v 4.15 465 -2.03291e-16
v 4.00859 465 -1.0741
v 3.59401 465 -2.075
v 2.93449 465 -2.93449
v 2.075 465 -3.59401
v 1.0741 465 -4.00859
v -6.67371e-16 465 -4.15
v -1.0741 465 -4.00859
v -2.075 465 -3.59401
v -2.93449 465 -2.93449
v -3.59401 465 -2.075
v -4.00859 465 -1.0741
v -4.15 441.667 5.08228e-16
v -4.00859 441.667 1.0741
v -3.59401 441.667 2.075
v -2.93449 441.667 2.93449
v -2.075 441.667 3.59401
v -1.0741 441.667 4.00859
v 1.1756e-15 441.667 4.15
v 1.0741 441.667 4.00859
v 2.075 441.667 3.59401
v 2.93449 441.667 2.93449
v 3.59401 441.667 2.075
v 4.00859 441.667 1.0741
v 4.15 441.667 -1.69409e-16
v 4.00859 441.667 -1.0741
v 3.59401 441.667 -2.075
v 2.93449 441.667 -2.93449
v 2.075 441.667 -3.59401
v 1.0741 441.667 -4.00859
v -6.67371e-16 441.667 -4.15
v -1.0741 441.667 -4.00859
v -2.075 441.667 -3.59401
v -2.93449 441.667 -2.93449
v -3.59401 441.667 -2.075
v -4.00859 441.667 -1.0741
v -4.15 418.333 5.08228e-16
v -4.00859 418.333 1.0741
v -3.59401 418.333 2.075
v -2.93449 418.333 2.93449
v -2.075 418.333 3.59401
v -1.0741 418.333 4.00859
v 1.1756e-15 418.333 4.15
v 1.0741 418.333 4.00859
v 2.075 418.333 3.59401
v 2.93449 418.333 2.93449
v 3.59401 418.333 2.075
v 4.00859 418.333 1.0741
v 4.15 418.333 -1.35528e-16
v 4.00859 418.333 -1.0741
v 3.59401 418.333 -2.075
v 2.93449 418.333 -2.93449
v 2.075 418.333 -3.59401
v 1.0741 418.333 -4.00859
v -6.67371e-16 418.333 -4.15
v -1.0741 418.333 -4.00859
v -2.075 418.333 -3.59401
v -2.93449 418.333 -2.93449
v -3.59401 418.333 -2.075
v -4.00859 418.333 -1.0741
v -4.15 395 5.08228e-16
v -4.00859 395 1.0741
v -3.59401 395 2.075
v -2.93449 395 2.93449
v -2.075 395 3.59401
v -1.0741 395 4.00859
v 1.1756e-15 395 4.15
v 1.0741 395 4.00859
v 2.075 395 3.59401
v 2.93449 395 2.93449
v 3.59401 395 2.075
v 4.00859 395 1.0741
v 4.15 395 -1.01646e-16
v 4.00859 395 -1.0741
v 3.59401 395 -2.075
v 2.93449 395 -2.93449
v 2.075 395 -3.59401
v 1.0741 395 -4.00859
v -6.67371e-16 395 -4.15
v -1.0741 395 -4.00859
v -2.075 395 -3.59401
v -2.93449 395 -2.93449
v -3.59401 395 -2.075
v -4.00859 395 -1.0741
v -4.15 371.667 5.08228e-16
v -4.00859 371.667 1.0741
v -3.59401 371.667 2.075
v -2.93449 371.667 2.93449
v -2.075 371.667 3.59401
v -1.0741 371.667 4.00859
v 1.1756e-15 371.667 4.15
v 1.0741 371.667 4.00859
v 2.075 371.667 3.59401
v 2.93449 371.667 2.93449
v 3.59401 371.667 2.075
v 4.00859 371.667 1.0741
v 4.15 371.667 -6.77638e-17
v 4.00859 371.667 -1.0741
v 3.59401 371.667 -2.075
v 2.93449 371.667 -2.93449
v 2.075 371.667 -3.59401
v 1.0741 371.667 -4.00859
v -6.67371e-16 371.667 -4.15
v -1.0741 371.667 -4.00859
v -2.075 371.667 -3.59401
v -2.93449 371.667 -2.93449
v -3.59401 371.667 -2.075
v -4.00859 371.667 -1.0741
v -16.1101 6.5 -31.1454
v -16.1101 6.5 -25
v -15.7377 6.5 -31.3852
v -15 6.5 -25
v -15.4272 6.5 -31.7011
v -15.1938 6.5 -32.0776
v -15.0491 6.5 -32.4963
v -15 6.5 -32.9365
v -16.1101 0 -25
v -15 3.08774 -25
v -15 6.14286 -25
v -15 0 -25
v -12 3.08774 -25
v -12 6.14286 -25
v -16.5 4.52626 -28.8316
v -16.5 4.29578 -29.1188
v -12 4.31066 -29.1041
v -16.1101 4.29578 -29.1188
v -12 4 -29.3425
v -16.1101 3.98923 -29.3487
v -12 3.63823 -29.4924
v -16.1101 3.63445 -29.4934
v -16.1101 3.25458 -29.5435
v -12 3.25 -29.5435
v -16.1101 2.87441 -29.4957
v -12 2.86177 -29.4924
v -16.1101 2.51875 -29.3532
v -12 2.5 -29.3425
v -16.1101 2.21081 -29.1252
v -12 2.18934 -29.1041
v -16.1101 1.97067 -28.8266
v -12 1.95096 -28.7935
v -16.1101 1.814 -28.477
v -12 1.80111 -28.4317
v -16.1101 1.75103 -28.099
v -12 1.75 -28.0435
v -16.1101 1.78586 -27.7174
v -12 1.80111 -27.6553
v -16.1101 1.91623 -27.3571
v -12 1.95096 -27.2935
v -16.1101 2.13362 -27.0416
v -12 2.18934 -26.9828
v -16.1101 2.42386 -26.7915
v -12 2.5 -26.7444
v -16.5 2.42386 -26.7915
v -16.5 2.75379 -26.6279
v -12 2.86177 -26.5946
v -16.5 3.11363 -26.5497
v -12 3.25 -26.5435
v -16.5 3.48168 -26.5615
v -12 3.63823 -26.5946
v -16.5 3.83577 -26.6626
v -12 4 -26.7444
v -16.5 4.15456 -26.8469
v -12 4.31066 -26.9828
v -16.5 4.41884 -27.1034
v -12 4.54904 -27.2935
v -16.5 4.61266 -27.4165
v -12 4.69889 -27.6553
v -16.5 4.72437 -27.7674
v -12 4.75 -28.0435
v -16.5 4.74721 -28.1349
v -12 4.69889 -28.4317
v -16.5 4.67982 -28.4969
v -12 4.54904 -28.7935
v -16.1101 0 4
v -6.34429 0 4
v -16.1101 60 4
v -6.34429 60 4
v -10.5 52.2216 0.595284
v -16.1101 52.2216 0.595284
v -10.5 52.3 -2.81669e-16
v -16.1101 52.3 2.81669e-16
v -10.5 52.2216 -0.595284
v -16.1101 52.2216 -0.595284
v -10.5 51.9919 -1.15
v -16.1101 51.9919 -1.15
v -10.5 51.6263 -1.62635
v -16.1101 51.6263 -1.62635
v -10.5 51.15 -1.99186
v -16.1101 51.15 -1.99186
v -10.5 50.5953 -2.22163
v -16.1101 50.5953 -2.22163
v -10.5 50 -2.3
v -16.1101 50 -2.3
v -10.5 49.4047 -2.22163
v -16.1101 49.4047 -2.22163
v -10.5 48.85 -1.99186
v -16.1101 48.85 -1.99186
v -10.5 48.3737 -1.62635
v -16.1101 48.3737 -1.62635
v -10.5 48.0081 -1.15
v -16.1101 48.0081 -1.15
v -10.5 47.7784 -0.595284
v -16.1101 47.7784 -0.595284
v -10.5 47.7 0
v -16.1101 47.7 0
v -10.5 47.7784 0.595284
v -16.1101 47.7784 0.595284
v -10.5 48.0081 1.15
v -16.1101 48.0081 1.15
v -10.5 48.3737 1.62635
v -16.1101 48.3737 1.62635
v -10.5 48.85 1.99186
v -16.1101 48.85 1.99186
v -10.5 49.4047 2.22163
v -16.1101 49.4047 2.22163
v -10.5 50 2.3
v -16.1101 50 2.3
v -10.5 50.5953 2.22163
v -16.1101 50.5953 2.22163
v -10.5 51.15 1.99186
v -16.1101 51.15 1.99186
v -10.5 51.6263 1.62635
v -16.1101 51.6263 1.62635
v -10.5 51.9919 1.15
v -16.1101 51.9919 1.15
v -10.5 12.2216 0.595284
v -16.1101 12.2216 0.595284
v -10.5 12.3 -2.81669e-16
v -16.1101 12.3 2.81669e-16
v -10.5 12.2216 -0.595284
v -16.1101 12.2216 -0.595284
v -10.5 11.9919 -1.15
v -16.1101 11.9919 -1.15
v -10.5 11.6263 -1.62635
v -16.1101 11.6263 -1.62635
v -10.5 11.15 -1.99186
v -16.1101 11.15 -1.99186
v -10.5 10.5953 -2.22163
v -16.1101 10.5953 -2.22163
v -10.5 10 -2.3
v -16.1101 10 -2.3
v -10.5 9.40472 -2.22163
v -16.1101 9.40472 -2.22163
v -10.5 8.85 -1.99186
v -16.1101 8.85 -1.99186
v -10.5 8.37365 -1.62635
v -16.1101 8.37365 -1.62635
v -10.5 8.00814 -1.15
v -16.1101 8.00814 -1.15
v -10.5 7.77837 -0.595284
v -16.1101 7.77837 -0.595284
v -10.5 7.7 0
v -16.1101 7.7 0
v -10.5 7.77837 0.595284
v -16.1101 7.77837 0.595284
v -10.5 8.00814 1.15
v -16.1101 8.00814 1.15
v -10.5 8.37365 1.62635
v -16.1101 8.37365 1.62635
v -10.5 8.85 1.99186
v -16.1101 8.85 1.99186
v -10.5 9.40472 2.22163
v -16.1101 9.40472 2.22163
v -10.5 10 2.3
v -16.1101 10 2.3
v -10.5 10.5953 2.22163
v -16.1101 10.5953 2.22163
v -10.5 11.15 1.99186
v -16.1101 11.15 1.99186
v -10.5 11.6263 1.62635
v -16.1101 11.6263 1.62635
v -10.5 11.9919 1.15
v -16.1101 11.9919 1.15
v -0.825587 13.9289 11.5
v -1.10916 13.8968 11.0645
v -1.6131 13.6603 11.5
v -1.75756 13.6461 10.7067
v -2.12541 13.3887 11.1173
v -2.36264 13.2787 10.2283
v -2.58498 13.0528 10.6682
v -2.90332 12.8006 9.68071
v -3.3312 12.2144 9.68949
v -3.36039 12.2178 9.11756
v -3.61101 11.7211 9.22561
v -3.78241 11.356 8.5046
v -3.82129 11.1823 8.83524
v -3.95365 10.6027 8.56997
v -3.99579 10.3681 8.15614
v -3.98784 10.3027 8.49826
v -3.99969 9.99973 8.47206
v -3.96028 9.34392 8.21513
v -3.98847 9.69656 8.49504
v -3.95422 9.39719 8.56749
v -3.82154 8.81984 8.83566
v -3.68073 8.38489 8.66168
v -3.61086 8.27942 9.22642
v -3.40551 7.85375 9.05705
v -3.33108 7.78544 9.68984
v -3.06679 7.38341 9.49045
v -2.58528 6.94773 10.6686
v -2.67376 6.97491 9.92837
v -2.23507 6.63114 10.3413
v -2.59749 6.76449 9.43361
v -2.14052 6.41992 9.80082
v -2.56995 6.51266 8.95333
v -2.09564 6.15304 9.2789
v -2.59157 6.22304 8.49449
v -2.10121 5.83499 8.78441
v -2.66667 5.88292 8.04288
v -2.16108 5.45201 8.30374
v -2.77269 5.5671 7.68722
v -2.2555 5.09022 7.93144
v -2.91581 5.23201 7.3636
v -2.38824 4.70195 7.59967
v -3.09439 4.88159 7.07587
v -2.5575 4.29255 7.31308
v -3.30645 4.51986 6.82755
v -2.76112 3.86753 7.0758
v -3.77274 4.01558 6.48197
v -2.99545 2.98004 6.8757
v -0.000146573 14.0279 11.5
v -0.271986 14.0445 11.2925
v -0.693234 13.9932 11.2109
v -0.636947 14.1642 10.5469
v -1.02722 14.0794 10.4247
v -0.603732 14.4327 9.91423
v -0.97991 14.3511 9.81364
v -0.594344 14.7926 9.32761
v -0.968262 14.706 9.24469
v -0.610232 15.2594 8.77584
v -0.994508 15.1591 8.70612
v -0.644582 15.7218 8.36775
v -1.04794 15.6038 8.30413
v -0.697278 16.2334 8.02566
v -1.12878 16.0928 7.96288
v -0.767366 16.7845 7.75616
v -1.23561 16.6175 7.68862
v -0.853662 17.3649 7.56475
v -1.3667 17.1686 7.48661
v -1.07355 18.3215 7.42053
v -1.59155 18.1069 7.3273
v 0.150745 14.0509 11.3037
v 0.82523 13.929 11.5
v 0.572491 14.0126 11.2426
v 1.09669 13.9004 11.0709
v 1.01425 14.0824 10.43
v 1.50776 13.9141 10.2035
v 1.45317 14.1876 9.62745
v 1.94737 13.9383 9.36751
v 1.94883 14.2634 8.86196
v 2.44738 13.902 8.58398
v 2.51797 14.2557 8.12356
v 3.12363 13.6064 7.7595
v 3.23802 13.8744 7.42058
v 3.76961 13.0008 7.05531
v 3.92051 13.2096 6.75554
v 4.3273 12.1153 6.44362
v 4.50071 12.2518 6.17157
v 4.73821 10.9514 5.9708
v 4.92624 11.0086 5.71763
v 4.97085 9.70333 5.67717
v 5.3125 9.99988 5.29409
v 5.20294 8.28491 5.40211
v 4.85366 8.41543 5.78224
v 4.57509 7.15351 6.01424
v 4.66327 8.506 6.03638
v 4.3767 7.32049 6.27083
v 4.49262 8.59528 6.30459
v 4.20155 7.48457 6.54555
v 4.34257 8.6828 6.5854
v 4.05073 7.64468 6.83658
v 4.21394 8.76807 6.8773
v 3.92523 7.79976 7.14199
v 4.09155 8.86443 7.23098
v 3.81168 7.97353 7.51508
v 4.00399 8.95208 7.57744
v 3.73778 8.12984 7.88298
v 3.94531 9.03514 7.93104
v 3.69792 8.27595 8.26021
v 3.91591 9.11306 8.28943
v 3.69242 8.41065 8.6437
v 3.82129 8.81774 8.83525
v 3.61083 8.27883 9.22615
v 1.6131 13.6603 11.5
v 1.60701 13.7162 10.8041
v 1.99597 13.669 9.90255
v 2.43084 13.6032 9.05357
v 3.03462 13.3135 8.18363
v 3.64748 12.7998 7.37291
v 4.17668 11.9818 6.73035
v 4.56893 10.8949 6.23703
v 4.78431 9.72011 5.92969
v 2.12514 13.389 11.1172
v 2.09374 13.4601 10.4576
v 2.46416 13.3461 9.54639
v 2.99568 13.0587 8.60981
v 3.54244 12.5764 7.76408
v 4.04976 11.8522 7.03001
v 4.41922 10.8395 6.51495
v 4.6159 9.73666 6.19465
v 2.58482 13.0529 10.6681
v 2.54678 13.1347 10.0549
v 3.00205 12.8307 9.05254
v 3.48127 12.3779 8.15231
v 3.9324 11.7065 7.39478
v 4.28983 10.7853 6.80314
v 4.46641 9.75292 6.47075
v 3.05363 12.6322 9.50644
v 3.33148 12.2141 9.68874
v 3.47478 12.0295 8.9599
v 3.61168 11.7201 9.22388
v 3.78936 11.3361 8.49312
v 3.82168 11.1816 8.83429
v 3.95419 10.6034 8.56722
v 3.97414 10.5649 8.19153
v 3.98841 10.3033 8.49537
v 4.00993 9.83377 8.13035
v 4 9.99999 8.47054
v 3.98836 9.69678 8.49564
v 3.95402 9.39697 8.56813
v 3.36156 7.78408 9.1164
v 3.33105 7.78547 9.68995
v 2.94246 7.24147 9.63588
v 2.58521 6.94737 10.6682
v 2.45139 6.78835 10.1467
v 2.12558 6.6115 11.1175
v 1.67993 6.31686 10.7579
v 1.6131 6.33968 11.5
v 0.85309 6.03825 11.1643
v 0.825516 6.07107 11.5
v 0.427954 5.96916 11.2716
v -1.86407e-15 5.97214 11.5
v -1.68471e-15 5.72006 10.4376
v -1.5042e-15 5.21952 9.46719
v 0.368087 5.53796 9.95435
v 0.39053 5.8043 10.5967
v -1.33318e-15 4.5 8.6459
v 0.370684 4.70406 8.80234
v 0.361161 5.17636 9.35988
v 0.743151 5.5943 9.88213
v 0.783953 5.86373 10.5079
v 1.57992 6.11685 10.1638
v 2.36425 6.57625 9.62842
v 2.88284 7.03833 9.16982
v 0.39239 4.23408 8.39171
v -1.18171e-15 3.60385 8.02208
v 0.426074 3.71278 8.04948
v 0.471102 3.15018 7.78241
v 0.858222 3.81257 8.00554
v 0.9444 3.26996 7.73454
v 1.74854 4.22485 7.81832
v 1.89461 3.75166 7.53686
v 2.64541 4.94306 7.49028
v 2.82014 4.56145 7.20287
v 3.42821 5.33664 6.89996
v 3.64083 5.01757 6.64691
v 3.95556 6.2595 6.57641
v 4.16281 6.01663 6.31928
v -1.05872e-15 2.58383 7.63247
v 0.526682 2.55684 7.59608
v 1.05049 2.69888 7.53979
v 2.07247 3.25724 7.31688
v 3.0291 4.16633 6.95992
v 3.77261 4.01461 6.48169
v 4.40845 5.25682 6.06758
v -1.11022e-15 1.5 7.5
v 0.541814 1.54467 7.48017
v 1.07546 1.67629 7.42229
v 1.5933 1.8913 7.3288
v 2.08864 2.18461 7.20319
v 2.99563 2.98016 6.87573
v 4.89207 6.68562 5.68479
v 5.20316 11.7157 5.40159
v 4.6959 12.3906 5.91587
v 4.09902 13.4246 6.47594
v 3.38642 14.1559 7.10669
v 2.62084 14.5858 7.76281
v 2.00401 14.6581 8.3725
v 1.44434 14.5311 9.08748
v 0.966429 14.3538 9.81791
v 0.523876 14.1803 10.5728
v 4.89318 13.3119 5.68344
v 4.30385 13.644 6.21871
v 3.5674 14.4481 6.82095
v 2.76141 14.9374 7.43664
v 2.09419 15.0331 7.99546
v 1.48431 14.9595 8.571
v 0.954305 14.7088 9.24814
v 0.4949 14.4476 9.93508
v 0.137196 14.2125 10.6229
v 4.40905 14.7423 6.06683
v 3.77926 14.7481 6.56626
v 2.93798 15.306 7.14912
v 2.22246 15.4371 7.6618
v 1.55808 15.3736 8.17978
v 0.980101 15.1625 8.70896
v 0.486245 14.8084 9.34433
v 0.129024 14.4776 9.97539
v -0.24854 14.2075 10.6139
v 3.77252 15.9849 6.48184
v 3.14851 15.6873 6.90396
v 2.387 15.8642 7.37642
v 1.66687 15.8247 7.84105
v 1.0332 15.6079 8.30669
v 0.499138 15.278 8.78953
v 0.12643 14.84 9.37671
v -0.234526 14.4732 9.96837
v 2.99503 17.0209 6.87547
v 2.58562 16.3084 7.1436
v 1.80893 16.3053 7.56047
v 1.11375 16.0979 7.96542
v 0.527904 15.7444 8.38012
v 0.129746 15.3153 8.81608
v -0.230272 14.8355 9.37126
v 1.98215 16.8079 7.34289
v 2.08891 17.8153 7.2032
v 1.35117 17.1762 7.48993
v 1.59281 18.1081 7.32832
v 0.704729 17.4053 7.58103
v 1.07491 18.323 7.42176
v 0.541774 18.4553 7.4801
v 0.18548 17.485 7.61256
v 0.000127824 18.4999 7.4999
v -0.334779 17.4712 7.60703
v -0.540819 18.4541 7.47918
v -2.08831 17.8149 7.20281
v -2.16866 16.6699 7.28791
v -1.98603 16.1844 7.51046
v -2.71251 15.5528 7.24884
v -2.53978 15.1594 7.53591
v -3.19882 14.4187 7.21428
v -3.05213 14.115 7.53232
v -3.6239 13.2754 7.16278
v -3.50374 13.0542 7.48648
v -4.04107 11.8798 7.0387
v -3.92397 11.7319 7.40408
v -4.19234 10.472 7.12305
v -4.09976 10.4355 7.46171
v -4.057 9.22336 7.51309
v -3.99454 9.2855 7.86186
v -3.68491 8.2484 8.27689
v -2.99533 17.0205 6.87561
v -2.91959 15.9604 7.00827
v -3.37941 14.735 6.92743
v -3.7744 13.5059 6.85878
v -4.16787 12.0113 6.73862
v -4.31791 10.5119 6.77651
v -4.14725 9.15789 7.17104
v -3.72373 8.10014 7.89843
v -3.38318 7.68068 8.6417
v -3.7725 15.9851 6.48184
v -3.59212 15.0604 6.67491
v -3.95402 13.7437 6.57704
v -4.31846 12.1468 6.45155
v -4.44759 10.5471 6.48966
v -4.2713 9.086 6.8214
v -3.79689 7.94134 7.52943
v -3.40079 7.48835 8.2347
v -3.01617 7.18566 9.03796
v -4.40866 14.743 6.0673
v -4.16134 13.9869 6.31995
v -4.49192 12.2853 6.17927
v -4.59721 10.5832 6.21278
v -4.40045 9.02241 6.53237
v -3.90997 7.76466 7.15533
v -3.45819 7.27868 7.84011
v -3.0106 6.95873 8.59652
v -4.89224 13.3142 5.68456
v -4.68726 12.4262 5.92346
v -4.76602 10.62 5.94723
v -4.55019 8.95716 6.2538
v -4.03532 7.60687 6.84923
v -3.56057 7.04212 7.44331
v -3.05018 6.70537 8.17149
v -5.20271 11.7146 5.40267
v -4.95323 10.6572 5.69436
v -4.71977 8.8906 5.98714
v -4.18621 7.4439 6.55769
v -3.6815 6.82867 7.12196
v -3.13968 6.41424 7.74834
v -5.31209 9.99944 5.29504
v -4.90835 8.82304 5.73377
v -4.36165 7.27684 6.28264
v -3.83213 6.60659 6.81956
v -3.25434 6.14804 7.41005
v -5.20323 8.28723 5.40202
v -4.56052 7.10678 6.02596
v -4.01128 6.37769 6.53857
v -3.40288 5.86855 7.09655
v -4.89228 6.68826 5.68491
v -4.21756 6.14379 6.28131
v -3.58387 5.57849 6.81097
v -4.40852 5.2568 6.06748
v -3.79564 5.28068 6.55616
v -2.10992 3.28517 7.30575
v -2.08884 2.18465 7.20323
v -1.4224 2.85796 7.47637
v -1.59316 1.89141 7.3287
v -0.714869 2.59687 7.58024
v -1.07556 1.67607 7.42244
v -0.541939 1.54439 7.48037
v -0.64021 3.18389 7.76898
v -0.579689 3.74081 8.03719
v -0.534361 4.25731 8.37932
v -1.17431 3.92704 7.95421
v -1.09004 4.41333 8.29529
v -1.7824 4.24615 7.80855
v -1.6689 4.68794 8.14646
v -0.505071 4.72354 8.78868
v -1.03437 4.85579 8.69651
v -1.59139 5.09445 8.53498
v -0.492056 5.19304 9.3434
v -1.0071 5.30712 9.23351
v -1.54832 5.51651 9.04611
v -0.501082 5.55372 9.93405
v -0.530895 5.82097 10.5717
v -0.580786 5.9886 11.2413
v -0.825301 6.07102 11.5
v -1.15441 6.11656 11.046
v -1.6131 6.33968 11.5
v -1.71016 6.33105 10.7382
v -2.1254 6.61139 11.1174
v -1.83583 15.7195 7.79284
v -1.72025 15.2821 8.13035
v -2.40352 14.7856 7.86553
v -1.64106 14.8792 8.51757
v -2.3055 14.4362 8.23326
v -2.94088 13.827 7.87813
v -1.59655 14.4602 9.02616
v -2.24131 14.0646 8.70586
v -2.85744 13.514 8.31339
v -3.4031 12.8094 7.88688
v -1.60293 14.1214 9.55593
v -2.23155 13.7538 9.19039
v -2.82571 13.2441 8.75271
v -3.34821 12.593 8.28559
v -3.84463 11.5983 7.76342
v -1.65695 13.8483 10.1198
v -2.27222 13.4904 9.70065
v -2.84107 13.0052 9.21049
v -3.33393 12.3951 8.69723
v -3.79733 11.4727 8.13118
v -4.03411 10.4009 7.80678
v -0.236364 15.3097 8.81177
v -0.250097 15.7823 8.40028
v -0.271357 16.3069 8.05798
v -0.299749 16.8735 7.79169
v 0.137461 15.7893 8.40411
v 0.149483 16.3158 8.06184
v 0.572341 16.2611 8.03796
v 0.165586 16.8847 7.79611
v 0.631625 16.8181 7.76975
v 1.22032 16.6238 7.69141
v 3.45865 12.195 8.55219
v 3.8049 11.4511 8.12048
v 4.01009 10.615 7.83973
v 4.04995 9.81896 7.78261
v 3.8527 11.5749 7.75345
v 4.16512 10.7241 7.1516
v 4.33656 9.7688 6.75664
v 4.07388 10.6682 7.49235
v 4.11692 9.80327 7.43908
v 4.21043 9.78681 7.10185
v 3.33526 7.60683 8.69621
v 3.34967 7.40907 8.2847
v 2.8697 6.80217 8.71589
v 3.40464 7.19283 7.88609
v 2.90325 6.53601 8.27993
v 2.32677 6.31546 9.1267
v 3.50533 6.94829 7.48578
v 2.98812 6.22803 7.84751
v 2.33955 6.01007 8.64945
v 1.52553 5.84348 9.59363
v 3.6255 6.72726 7.16213
v 3.10022 5.94502 7.50347
v 2.40668 5.64677 8.18273
v 1.51785 5.50212 9.05852
v 0.731629 5.23604 9.30111
v 3.77599 6.49702 6.85816
v 3.24742 5.64685 7.1865
v 2.50702 5.30639 7.81832
v 1.63642 4.66939 8.15648
v 1.56001 5.07816 8.5458
v 0.793423 4.31693 8.34737
v 0.751178 4.77367 8.75352
v -1.60984 6.13018 10.1469
v -1.06883 5.93289 10.409
v -1.55553 5.8569 9.57916
v -1.01936 5.66112 9.8004
v -1.93013 3.77613 7.52673
v -1.2857 3.40557 7.67949
v 2.48994 6.86948 11.5
v 3.20346 7.60462 11.5
v 3.70684 8.49689 11.5
v 3.96707 9.48776 11.5
v 3.96707 10.5122 11.5
v 3.70684 11.5031 11.5
v 3.20346 12.3954 11.5
v 2.48994 13.1305 11.5
v -2.48994 13.1305 11.5
v -3.20346 12.3954 11.5
v -3.70684 11.5031 11.5
v -3.96707 10.5122 11.5
v -3.96707 9.48776 11.5
v -3.70684 8.49689 11.5
v -3.20346 7.60462 11.5
v -2.48994 6.86948 11.5
v 0.541814 42.5447 7.48017
v -1.38778e-15 42.5 7.5
v 6.65757e-05 30 7.5
v -0.541939 42.5444 7.48037
v -1.07556 42.6761 7.42244
v -1.87053 30 7.263
v -3.62284 30 6.56696
v -5.14619 30 5.45589
v -5.31182 30 5.29477
v -5.14619 0 5.45589
v -1.59316 42.8914 7.3287
v -2.08884 43.1847 7.20323
v -2.99545 43.98 6.8757
v -3.77274 45.0156 6.48197
v -4.40852 46.2568 6.06748
v -4.89228 47.6883 5.68491
v -5.20323 49.2872 5.40202
v -5.31209 50.9994 5.29504
v -5.14619 60 5.45589
v -5.20271 52.7146 5.40267
v -4.89224 54.3142 5.68456
v -4.40866 55.743 6.0673
v -3.62284 60 6.56696
v -3.7725 56.9851 6.48184
v -2.99533 58.0205 6.87561
v -1.87053 60 7.263
v -2.08831 58.8149 7.20281
v -1.59155 59.1069 7.3273
v -1.07355 59.3215 7.42053
v -0.540819 59.4541 7.47918
v 4.59243e-16 60 7.5
v 0.000127753 59.4999 7.4999
v 0.541774 59.4553 7.4801
v 1.07491 59.323 7.42176
v 1.87053 60 7.263
v 1.59281 59.1081 7.32832
v 2.08891 58.8153 7.2032
v 2.99503 58.0209 6.87547
v 3.62284 60 6.56696
v 3.77252 56.9849 6.48184
v 4.40905 55.7423 6.06683
v 5.14619 60 5.45589
v 4.89318 54.312 5.68344
v 5.20316 52.7157 5.40159
v 5.3125 50.9999 5.29409
v 6.34429 60 4
v 5.14619 30 5.45589
v 3.62284 30 6.56696
v 1.87053 30 7.263
v 1.07546 42.6763 7.42229
v 5.20294 49.2849 5.40211
v 4.89207 47.6856 5.68479
v 4.40845 46.2568 6.06758
v 3.77261 45.0146 6.48169
v 2.99563 43.9802 6.87573
v 2.08864 43.1846 7.20319
v 1.5933 42.8913 7.3288
v -3.62284 0 6.56696
v -1.87053 0 7.263
v 4.59243e-16 0 7.5
v 1.87053 0 7.263
v 3.62284 0 6.56696
v 5.14619 0 5.45589
v 6.34429 0 4
v -0.825587 54.9289 11.5
v -1.10921 54.8968 11.0645
v -1.6131 54.6603 11.5
v -1.75761 54.6461 10.7067
v -2.12541 54.3887 11.1173
v -2.36267 54.2787 10.2283
v -2.58498 54.0528 10.6682
v -2.90335 53.8005 9.68067
v -3.3312 53.2145 9.68949
v -3.36041 53.2178 9.11752
v -3.61101 52.7211 9.22561
v -3.78243 52.356 8.50457
v -3.82129 52.1823 8.83524
v -3.95365 51.6027 8.56997
v -3.9958 51.3681 8.15613
v -3.98784 51.3027 8.49826
v -3.99969 50.9997 8.47206
v -3.96028 50.3439 8.21513
v -3.98847 50.6966 8.49504
v -3.95422 50.3972 8.56749
v -3.82154 49.8198 8.83566
v -3.68071 49.3848 8.66172
v -3.61086 49.2794 9.22642
v -3.40548 48.8537 9.05708
v -3.33108 48.7854 9.68984
v -3.06677 48.3834 9.49047
v -2.58528 47.9477 10.6686
v -2.67375 47.9749 9.92838
v -2.23507 47.6311 10.3413
v -2.59748 47.7645 9.43362
v -2.14052 47.4199 9.80082
v -2.56994 47.5126 8.95334
v -2.09564 47.153 9.2789
v -2.59156 47.223 8.4945
v -2.10121 46.835 8.78441
v -2.66666 46.8829 8.04289
v -2.16108 46.452 8.30374
v -2.77268 46.5671 7.68722
v -2.2555 46.0902 7.93144
v -2.9158 46.232 7.3636
v -2.38824 45.702 7.59967
v -3.09437 45.8816 7.07588
v -2.5575 45.2925 7.31308
v -3.30644 45.5198 6.82755
v -2.76112 44.8675 7.0758
v -0.000146573 55.0279 11.5
v -0.272029 55.0445 11.2925
v -0.693279 54.9932 11.2109
v -0.636989 55.1641 10.5469
v -1.02727 55.0794 10.4247
v -0.603772 55.4327 9.91423
v -0.979954 55.3511 9.81363
v -0.594384 55.7926 9.3276
v -0.968305 55.706 9.24468
v -0.610273 56.2594 8.77583
v -0.994552 56.1591 8.70611
v -0.644625 56.7218 8.36775
v -1.04799 56.6038 8.30412
v -0.697324 57.2334 8.02565
v -1.12883 57.0928 7.96287
v -0.767417 57.7844 7.75615
v -1.23566 57.6174 7.68861
v -0.853718 58.3649 7.56474
v -1.36676 58.1685 7.4866
v 0.150704 55.0509 11.3037
v 0.82523 54.929 11.5
v 0.572452 55.0126 11.2426
v 1.09665 54.9004 11.0709
v 1.01421 55.0824 10.43
v 1.50772 54.9141 10.2035
v 1.45312 55.1876 9.62747
v 1.94733 54.9384 9.36754
v 1.94878 55.2634 8.86199
v 2.44734 54.9021 8.58401
v 2.51793 55.2557 8.12359
v 3.12358 54.6065 7.75954
v 3.23797 54.8745 7.42061
v 3.76956 54.0009 7.05534
v 3.92046 54.2097 6.75557
v 4.32726 53.1154 6.44365
v 4.50067 53.252 6.1716
v 4.7382 51.9515 5.97082
v 4.92622 52.0088 5.71764
v 4.97085 50.7035 5.67717
v 4.85368 49.4156 5.78222
v 4.57516 48.1537 6.01419
v 4.6633 49.5062 6.03636
v 4.37677 48.3207 6.27077
v 4.49265 49.5954 6.30457
v 4.20162 48.4848 6.5455
v 4.3426 49.6829 6.58538
v 4.0508 48.6449 6.83652
v 4.21397 49.7682 6.87728
v 3.9253 48.7999 7.14193
v 4.09158 49.8645 7.23095
v 3.81175 48.9737 7.51502
v 4.00401 49.9522 7.57741
v 3.73784 49.13 7.88291
v 3.94533 50.0352 7.93101
v 3.69798 49.2761 8.26013
v 3.91593 50.1132 8.2894
v 3.69247 49.4108 8.64362
v 3.82129 49.8177 8.83525
v 3.61083 49.2788 9.22615
v 1.6131 54.6603 11.5
v 1.60697 54.7162 10.8041
v 1.99593 54.669 9.90258
v 2.4308 54.6032 9.05361
v 3.03457 54.3135 8.18367
v 3.64743 53.7999 7.37294
v 4.17665 52.982 6.73038
v 4.56891 51.895 6.23704
v 4.78431 50.7203 5.92969
v 2.12514 54.389 11.1172
v 2.09369 54.4601 10.4576
v 2.46411 54.3462 9.54642
v 2.99563 54.0587 8.60985
v 3.5424 53.5765 7.76412
v 4.04973 52.8524 7.03004
v 4.4192 51.8396 6.51497
v 4.6159 50.7368 6.19465
v 2.58482 54.0529 10.6681
v 2.54674 54.1348 10.0549
v 3.002 53.8307 9.05259
v 3.48122 53.3779 8.15236
v 3.93237 52.7066 7.39481
v 4.28981 51.7855 6.80316
v 4.46641 50.7531 6.47075
v 3.05359 53.6323 9.50648
v 3.33148 53.2141 9.68873
v 3.47474 53.0296 8.95995
v 3.61168 52.7201 9.22388
v 3.78933 52.3362 8.49317
v 3.82168 52.1816 8.83429
v 3.95419 51.6034 8.56722
v 3.97413 51.565 8.19155
v 3.98841 51.3033 8.49537
v 4.00993 50.8339 8.13034
v 4 51 8.47054
v 3.98836 50.6968 8.49564
v 3.95402 50.397 8.56813
v 3.36166 48.7842 9.11627
v 3.33105 48.7855 9.68995
v 2.94261 48.2416 9.63571
v 2.58521 47.9474 10.6682
v 2.45141 47.7884 10.1467
v 2.12558 47.6115 11.1175
v 1.68014 47.317 10.7578
v 1.6131 47.3397 11.5
v 0.853201 47.0383 11.1643
v 0.825516 47.0711 11.5
v 0.42801 46.9692 11.2716
v -1.87949e-15 46.9721 11.5
v -1.73289e-15 46.7201 10.4376
v -1.58231e-15 46.2195 9.46719
v 0.368136 46.538 9.95434
v 0.390581 46.8043 10.5966
v -1.43662e-15 45.5 8.6459
v 0.370734 45.7041 8.80233
v 0.361209 46.1764 9.35987
v 0.743252 46.5943 9.88211
v 0.784057 46.8638 10.5079
v 1.58013 47.1169 10.1637
v 2.3643 47.5763 9.62839
v 2.883 48.0385 9.16967
v 0.392442 45.2341 8.39171
v -1.30439e-15 44.6038 8.02208
v 0.42613 44.7128 8.04947
v 0.471164 44.1502 7.7824
v 0.858337 44.8126 8.00553
v 0.944525 44.27 7.73452
v 1.74878 45.225 7.81825
v 1.89486 44.7518 7.53679
v 2.64558 45.9432 7.4902
v 2.82033 45.5617 7.20278
v 3.4284 46.3369 6.89985
v 3.64102 46.0179 6.64681
v 3.95568 47.2598 6.57633
v 4.16293 47.0169 6.3192
v -1.19341e-15 43.5838 7.63247
v 0.526752 43.5569 7.59608
v 1.05063 43.6989 7.53977
v 2.07273 44.2574 7.3168
v 3.02932 45.1666 6.95982
v 4.69587 53.3907 5.9159
v 4.09898 54.4247 6.47597
v 3.38637 55.156 7.10672
v 2.62079 55.5859 7.76284
v 2.00396 55.6581 8.37252
v 1.4443 55.5312 9.0875
v 0.96639 55.3538 9.81793
v 0.52384 55.1803 10.5728
v 4.3038 54.6441 6.21874
v 3.56734 55.4482 6.82098
v 2.76136 55.9375 7.43666
v 2.09414 56.0331 7.99548
v 1.48427 55.9596 8.57102
v 0.954266 55.7088 9.24815
v 0.494866 55.4476 9.93508
v 0.137158 55.2125 10.6229
v 3.77921 55.7482 6.56629
v 2.93793 56.3061 7.14915
v 2.22241 56.4371 7.66182
v 1.55803 56.3736 8.17979
v 0.980062 56.1625 8.70897
v 0.486211 55.8084 9.34434
v 0.128989 55.4776 9.97539
v -0.248579 55.2075 10.6139
v 3.14846 56.6873 6.90398
v 2.38695 56.8642 7.37643
v 1.66682 56.8247 7.84107
v 1.03316 56.6079 8.3067
v 0.499103 56.278 8.78953
v 0.126395 55.84 9.37671
v -0.234563 55.4732 9.96837
v 2.58557 57.3085 7.14362
v 1.80888 57.3053 7.56049
v 1.1137 57.098 7.96543
v 0.527867 56.7444 8.38012
v 0.12971 56.3153 8.81608
v -0.230309 55.8354 9.37126
v 1.98209 57.808 7.3429
v 1.35112 58.1762 7.48994
v 0.704681 58.4054 7.58103
v 0.185429 58.485 7.61256
v -0.334833 58.4712 7.60703
v -2.16871 57.6698 7.28789
v -1.98608 57.1844 7.51044
v -2.71255 56.5527 7.24882
v -2.53982 56.1594 7.53589
v -3.19886 55.4187 7.21425
v -3.05217 55.1149 7.53229
v -3.62393 54.2754 7.16275
v -3.50377 54.0541 7.48645
v -4.04109 52.8797 7.03868
v -3.92399 52.7319 7.40406
v -4.19234 51.4719 7.12305
v -4.09977 51.4355 7.4617
v -4.05699 50.2233 7.51309
v -3.99454 50.2855 7.86186
v -3.68488 49.2483 8.27692
v -2.91964 56.9604 7.00825
v -3.37945 55.7349 6.92741
v -3.77444 54.5059 6.85876
v -4.16789 53.0112 6.7386
v -4.31791 51.5118 6.77651
v -4.14724 50.1579 7.17105
v -3.7237 49.1001 7.89846
v -3.38315 48.6806 8.64173
v -3.59216 56.0604 6.67489
v -3.95405 54.7437 6.57702
v -4.31848 53.1467 6.45153
v -4.4476 51.547 6.48966
v -4.2713 50.086 6.82141
v -3.79686 48.9413 7.52945
v -3.40077 48.4883 8.23473
v -3.01615 48.1856 9.03798
v -4.16137 54.9868 6.31993
v -4.49195 53.2853 6.17925
v -4.59721 51.5831 6.21277
v -4.40044 50.0224 6.53238
v -3.90995 48.7646 7.15535
v -3.45816 48.2786 7.84013
v -3.01058 47.9587 8.59654
v -4.68728 53.4261 5.92344
v -4.76603 51.6199 5.94723
v -4.55018 49.9571 6.25381
v -4.03529 48.6068 6.84926
v -3.56054 48.0421 7.44333
v -3.05016 47.7053 8.1715
v -4.95323 51.6571 5.69435
v -4.71976 49.8905 5.98714
v -4.18618 48.4438 6.55771
v -3.68147 47.8286 7.12198
v -3.13966 47.4142 7.74836
v -4.90834 49.823 5.73378
v -4.36162 48.2767 6.28267
v -3.83211 47.6065 6.81958
v -3.25432 47.148 7.41006
v -4.56049 48.1067 6.02598
v -4.01125 47.3776 6.53859
v -3.40286 46.8685 7.09657
v -4.21753 47.1437 6.28133
v -3.58385 46.5785 6.81098
v -3.79562 46.2806 6.55618
v -2.10992 44.2852 7.30575
v -1.4224 43.858 7.47637
v -0.714869 43.5969 7.58024
v -0.64021 44.1839 7.76898
v -0.579689 44.7408 8.03719
v -0.534361 45.2573 8.37932
v -1.17431 44.927 7.95421
v -1.09004 45.4133 8.29529
v -1.7824 45.2462 7.80855
v -1.6689 45.6879 8.14646
v -0.505071 45.7235 8.78868
v -1.03437 45.8558 8.69651
v -1.59139 46.0944 8.53498
v -0.492056 46.193 9.3434
v -1.0071 46.3071 9.23351
v -1.54832 46.5165 9.04611
v -0.501082 46.5537 9.93405
v -0.530895 46.821 10.5717
v -0.580786 46.9886 11.2413
v -0.825301 47.071 11.5
v -1.15441 47.1166 11.046
v -1.6131 47.3397 11.5
v -1.71016 47.3311 10.7382
v -2.1254 47.6114 11.1174
v -1.83588 56.7194 7.79283
v -1.72029 56.2821 8.13034
v -2.40356 55.7856 7.86551
v -1.6411 55.8792 8.51755
v -2.30554 55.4362 8.23324
v -2.94092 54.8269 7.8781
v -1.59659 55.4602 9.02614
v -2.24136 55.0646 8.70584
v -2.85748 54.514 8.31337
v -3.40313 53.8094 7.88685
v -1.60297 55.1214 9.55591
v -2.23159 54.7538 9.19036
v -2.82574 54.244 8.75268
v -3.34824 53.5929 8.28556
v -3.84465 52.5982 7.76339
v -1.657 54.8482 10.1197
v -2.27226 54.4904 9.70062
v -2.8411 54.0052 9.21045
v -3.33396 53.3951 8.6972
v -3.79735 52.4726 8.13116
v -4.03412 51.4008 7.80677
v -0.236402 56.3097 8.81177
v -0.250137 56.7823 8.40028
v -0.2714 57.3069 8.05797
v -0.299797 57.8735 7.79169
v 0.137423 56.7893 8.40411
v 0.149442 57.3159 8.06184
v 0.572301 57.2611 8.03797
v 0.16554 57.8847 7.79611
v 0.631581 57.8182 7.76976
v 1.22027 57.6238 7.69141
v 3.45861 53.195 8.55224
v 3.80487 52.4512 8.12052
v 4.01008 51.6151 7.83975
v 4.04995 50.8191 7.7826
v 3.85266 52.5749 7.75349
v 4.1651 51.7242 7.15161
v 4.33657 50.7689 6.75663
v 4.07387 51.6683 7.49237
v 4.11692 50.8034 7.43908
v 4.21043 50.7869 7.10184
v 3.33537 48.607 8.69609
v 3.34978 48.4092 8.28459
v 2.86987 47.8023 8.71575
v 3.40476 48.193 7.88599
v 2.90342 47.5362 8.2798
v 2.32684 47.3155 9.12666
v 3.50545 47.9485 7.48569
v 2.9883 47.2282 7.8474
v 2.33964 47.0101 8.64939
v 1.52574 46.8436 9.59353
v 3.62562 47.7275 7.16204
v 3.1004 46.9453 7.50336
v 2.4068 46.6469 8.18267
v 1.51806 46.5022 9.05843
v 0.731728 46.2361 9.30109
v 3.77611 47.4973 6.85807
v 3.24761 46.6471 7.1864
v 2.50716 46.3065 7.81826
v 1.63665 45.6695 8.15641
v 1.56023 46.0783 8.54572
v 0.79353 45.317 8.34735
v 0.75128 45.7737 8.7535
v -1.60984 47.1302 10.1469
v -1.06883 46.9329 10.409
v -1.55553 46.8569 9.57916
v -1.01936 46.6611 9.8004
v -1.93013 44.7761 7.52673
v -1.2857 44.4056 7.67949
v 2.48994 47.8695 11.5
v 3.20346 48.6046 11.5
v 3.70684 49.4969 11.5
v 3.96707 50.4878 11.5
v 3.96707 51.5122 11.5
v 3.70684 52.5031 11.5
v 3.20346 53.3954 11.5
v 2.48994 54.1305 11.5
v -2.48994 54.1305 11.5
v -3.20346 53.3954 11.5
v -3.70684 52.5031 11.5
v -3.96707 51.5122 11.5
v -3.96707 50.4878 11.5
v -3.70684 49.4969 11.5
v -3.20346 48.6046 11.5
v -2.48994 47.8695 11.5
v -2.22163 51.5953 11.5
v -2.3 51 11.5
v -2.22163 50.4047 11.5
v -1.99186 49.85 11.5
v -1.62635 49.3737 11.5
v -1.15 49.0081 11.5
v -0.595284 48.7784 11.5
v -2.07961e-15 48.7 11.5
v -1.99186 52.15 11.5
v -1.62635 52.6263 11.5
v -1.15 52.9919 11.5
v -0.595284 53.2216 11.5
v -2.07961e-15 53.3 11.5
v 0.595284 53.2216 11.5
v 1.15 52.9919 11.5
v 1.62635 52.6263 11.5
v 1.99186 52.15 11.5
v 2.22163 51.5953 11.5
v 2.3 51 11.5
v 2.22163 50.4047 11.5
v 1.99186 49.85 11.5
v 1.62635 49.3737 11.5
v 1.15 49.0081 11.5
v 0.595284 48.7784 11.5
v -2.22163 10.5953 11.5
v -2.3 10 11.5
v -2.22163 9.40472 11.5
v -1.99186 8.85 11.5
v -1.62635 8.37365 11.5
v -1.15 8.00814 11.5
v -0.595284 7.77837 11.5
v -2.07961e-15 7.7 11.5
v -1.99186 11.15 11.5
v -1.62635 11.6263 11.5
v -1.15 11.9919 11.5
v -0.595284 12.2216 11.5
v -2.07961e-15 12.3 11.5
v 0.595284 12.2216 11.5
v 1.15 11.9919 11.5
v 1.62635 11.6263 11.5
v 1.99186 11.15 11.5
v 2.22163 10.5953 11.5
v 2.3 10 11.5
v 2.22163 9.40472 11.5
v 1.99186 8.85 11.5
v 1.62635 8.37365 11.5
v 1.15 8.00814 11.5
v 0.595284 7.77837 11.5
v -1.44889 9.61177 5.5
v -1.5 10 5.5
v -2.3 10 5.5
v -1.44889 10.3882 5.5
v -2.22163 10.5953 5.5
v -1.29904 10.75 5.5
v -1.99186 11.15 5.5
v -1.06066 11.0607 5.5
v -1.62635 11.6263 5.5
v -0.75 11.299 5.5
v -1.15 11.9919 5.5
v -0.388229 11.4489 5.5
v -0.595284 12.2216 5.5
v -2.1286e-15 11.5 5.5
v -2.07961e-15 12.3 5.5
v 0.595284 12.2216 5.5
v 0.388229 11.4489 5.5
v 1.15 11.9919 5.5
v 0.75 11.299 5.5
v 1.62635 11.6263 5.5
v 1.06066 11.0607 5.5
v 1.99186 11.15 5.5
v 1.29904 10.75 5.5
v 2.22163 10.5953 5.5
v 1.44889 10.3882 5.5
v 2.3 10 5.5
v 1.5 10 5.5
v 2.22163 9.40472 5.5
v 1.44889 9.61177 5.5
v 1.29904 9.25 5.5
v 1.99186 8.85 5.5
v 1.06066 8.93934 5.5
v 1.62635 8.37365 5.5
v 0.75 8.70096 5.5
v 1.15 8.00814 5.5
v 0.388229 8.55111 5.5
v 0.595284 7.77837 5.5
v -2.1286e-15 8.5 5.5
v -2.07961e-15 7.7 5.5
v -0.595284 7.77837 5.5
v -0.388229 8.55111 5.5
v -1.15 8.00814 5.5
v -0.75 8.70096 5.5
v -1.62635 8.37365 5.5
v -1.06066 8.93934 5.5
v -1.99186 8.85 5.5
v -1.29904 9.25 5.5
v -2.22163 9.40472 5.5
v -1.44889 50.6118 5.5
v -1.5 51 5.5
v -2.3 51 5.5
v -1.44889 51.3882 5.5
v -2.22163 51.5953 5.5
v -1.29904 51.75 5.5
v -1.99186 52.15 5.5
v -1.06066 52.0607 5.5
v -1.62635 52.6263 5.5
v -0.75 52.299 5.5
v -1.15 52.9919 5.5
v -0.388229 52.4489 5.5
v -0.595284 53.2216 5.5
v -2.1286e-15 52.5 5.5
v -2.07961e-15 53.3 5.5
v 0.595284 53.2216 5.5
v 0.388229 52.4489 5.5
v 1.15 52.9919 5.5
v 0.75 52.299 5.5
v 1.62635 52.6263 5.5
v 1.06066 52.0607 5.5
v 1.99186 52.15 5.5
v 1.29904 51.75 5.5
v 2.22163 51.5953 5.5
v 1.44889 51.3882 5.5
v 2.3 51 5.5
v 1.5 51 5.5
v 2.22163 50.4047 5.5
v 1.44889 50.6118 5.5
v 1.29904 50.25 5.5
v 1.99186 49.85 5.5
v 1.06066 49.9393 5.5
v 1.62635 49.3737 5.5
v 0.75 49.701 5.5
v 1.15 49.0081 5.5
v 0.388229 49.5511 5.5
v 0.595284 48.7784 5.5
v -2.1286e-15 49.5 5.5
v -2.07961e-15 48.7 5.5
v -0.595284 48.7784 5.5
v -0.388229 49.5511 5.5
v -1.15 49.0081 5.5
v -0.75 49.701 5.5
v -1.62635 49.3737 5.5
v -1.06066 49.9393 5.5
v -1.99186 49.85 5.5
v -1.29904 50.25 5.5
v -2.22163 50.4047 5.5
v -1.47123 50.7097 3.88058
v -1.5 51 3.86943
v -1.47123 51.2903 3.88058
v -1.3849 50.4238 3.9121
v -1.24371 50.1621 3.95918
v -1.06092 49.9396 4.0121
v -0.838412 49.7567 4.06432
v -0.576583 49.6152 4.10975
v -0.2904 49.5288 4.13959
v -2.15106e-15 49.5 4.15
v 0.2904 49.5288 4.13959
v 0.576583 49.6152 4.10975
v 0.838412 49.7567 4.06432
v 1.06092 49.9396 4.0121
v 1.24371 50.1621 3.95918
v 1.3849 50.4238 3.9121
v 1.47123 50.7097 3.88058
v 1.5 51 3.86943
v 1.47123 51.2903 3.88058
v 1.3849 51.5762 3.9121
v 1.24371 51.8379 3.95918
v 1.06092 52.0604 4.0121
v 0.838412 52.2433 4.06432
v 0.576583 52.3848 4.10975
v 0.2904 52.4712 4.13959
v -1.01192e-15 52.5 4.15
v -0.2904 52.4712 4.13959
v -0.576583 52.3848 4.10975
v -0.838412 52.2433 4.06432
v -1.06092 52.0604 4.0121
v -1.24371 51.8379 3.95918
v -1.3849 51.5762 3.9121
v -1.44889 51.3882 -7
v -1.47123 51.2903 -3.88058
v -1.5 51 -7
v -1.5 51 -3.86943
v -1.47123 50.7097 -3.88058
v -1.3849 51.5762 -3.9121
v -1.29904 51.75 -7
v -1.24371 51.8379 -3.95918
v -1.06066 52.0607 -7
v -1.06092 52.0604 -4.0121
v -0.838412 52.2433 -4.06432
v -0.75 52.299 -7
v -0.576583 52.3848 -4.10975
v -0.388229 52.4489 -7
v -0.2904 52.4712 -4.13959
v -2.1286e-15 52.5 -7
v -2.15106e-15 52.5 -4.15
v 0.2904 52.4712 -4.13959
v 0.388229 52.4489 -7
v 0.576583 52.3848 -4.10975
v 0.75 52.299 -7
v 0.838412 52.2433 -4.06432
v 1.06066 52.0607 -7
v 1.06092 52.0604 -4.0121
v 1.24371 51.8379 -3.95918
v 1.29904 51.75 -7
v 1.3849 51.5762 -3.9121
v 1.44889 51.3882 -7
v 1.47123 51.2903 -3.88058
v 1.5 51 -7
v 1.5 51 -3.86943
v 1.47123 50.7097 -3.88058
v 1.44889 50.6118 -7
v 1.3849 50.4238 -3.9121
v 1.29904 50.25 -7
v 1.24371 50.1621 -3.95918
v 1.06066 49.9393 -7
v 1.06092 49.9396 -4.0121
v 0.838412 49.7567 -4.06432
v 0.75 49.701 -7
v 0.576583 49.6152 -4.10975
v 0.388229 49.5511 -7
v 0.2904 49.5288 -4.13959
v -2.1286e-15 49.5 -7
v -1.01192e-15 49.5 -4.15
v -0.2904 49.5288 -4.13959
v -0.388229 49.5511 -7
v -0.576583 49.6152 -4.10975
v -0.75 49.701 -7
v -0.838412 49.7567 -4.06432
v -1.06066 49.9393 -7
v -1.06092 49.9396 -4.0121
v -1.24371 50.1621 -3.95918
v -1.29904 50.25 -7
v -1.3849 50.4238 -3.9121
v -1.44889 50.6118 -7
v -1.47123 9.70971 3.88058
v -1.5 10 3.86943
v -1.47123 10.2903 3.88058
v -1.3849 9.42377 3.9121
v -1.24371 9.16212 3.95918
v -1.06092 8.9396 4.0121
v -0.838412 8.75665 4.06432
v -0.576583 8.61524 4.10975
v -0.2904 8.5288 4.13959
v -2.40548e-15 8.5 4.15
v 0.2904 8.5288 4.13959
v 0.576583 8.61524 4.10975
v 0.838412 8.75665 4.06432
v 1.06092 8.9396 4.0121
v 1.24371 9.16212 3.95918
v 1.3849 9.42377 3.9121
v 1.47123 9.70971 3.88058
v 1.5 10 3.86943
v 1.47123 10.2903 3.88058
v 1.3849 10.5762 3.9121
v 1.24371 10.8379 3.95918
v 1.06092 11.0604 4.0121
v 0.838412 11.2433 4.06432
v 0.576583 11.3848 4.10975
v 0.2904 11.4712 4.13959
v -2.1684e-15 11.5 4.15
v -0.2904 11.4712 4.13959
v -0.576583 11.3848 4.10975
v -0.838412 11.2433 4.06432
v -1.06092 11.0604 4.0121
v -1.24371 10.8379 3.95918
v -1.3849 10.5762 3.9121
v -1.44889 10.3882 -7
v -1.47123 10.2903 -3.88058
v -1.5 10 -7
v -1.5 10 -3.86943
v -1.47123 9.70971 -3.88058
v -1.3849 10.5762 -3.9121
v -1.29904 10.75 -7
v -1.24371 10.8379 -3.95918
v -1.06066 11.0607 -7
v -1.06092 11.0604 -4.0121
v -0.838412 11.2433 -4.06432
v -0.75 11.299 -7
v -0.576583 11.3848 -4.10975
v -0.388229 11.4489 -7
v -0.2904 11.4712 -4.13959
v -2.1286e-15 11.5 -7
v -2.15106e-15 11.5 -4.15
v 0.2904 11.4712 -4.13959
v 0.388229 11.4489 -7
v 0.576583 11.3848 -4.10975
v 0.75 11.299 -7
v 0.838412 11.2433 -4.06432
v 1.06066 11.0607 -7
v 1.06092 11.0604 -4.0121
v 1.24371 10.8379 -3.95918
v 1.29904 10.75 -7
v 1.3849 10.5762 -3.9121
v 1.44889 10.3882 -7
v 1.47123 10.2903 -3.88058
v 1.5 10 -7
v 1.5 10 -3.86943
v 1.47123 9.70971 -3.88058
v 1.44889 9.61177 -7
v 1.3849 9.42377 -3.9121
v 1.29904 9.25 -7
v 1.24371 9.16212 -3.95918
v 1.06066 8.93934 -7
v 1.06092 8.9396 -4.0121
v 0.838412 8.75665 -4.06432
v 0.75 8.70096 -7
v 0.576583 8.61524 -4.10975
v 0.388229 8.55111 -7
v 0.2904 8.5288 -4.13959
v -2.1286e-15 8.5 -7
v -2.1684e-15 8.5 -4.15
v -0.2904 8.5288 -4.13959
v -0.388229 8.55111 -7
v -0.576583 8.61524 -4.10975
v -0.75 8.70096 -7
v -0.838412 8.75665 -4.06432
v -1.06066 8.93934 -7
v -1.06092 8.9396 -4.0121
v -1.24371 9.16212 -3.95918
v -1.29904 9.25 -7
v -1.3849 9.42377 -3.9121
v -1.44889 9.61177 -7
v -10.5 51.4489 -0.388229
v -10.5 51.5 -1.83697e-16
v -10.5 51.4489 0.388229
v -10.5 51.299 0.75
v -10.5 51.0607 1.06066
v -10.5 50.75 1.29904
v -10.5 50.3882 1.44889
v -10.5 50 1.5
v -10.5 49.6118 1.44889
v -10.5 49.25 1.29904
v -10.5 48.9393 1.06066
v -10.5 48.701 0.75
v -10.5 48.5511 0.388229
v -10.5 48.5 0
v -10.5 48.5511 -0.388229
v -10.5 48.701 -0.75
v -10.5 48.9393 -1.06066
v -10.5 49.25 -1.29904
v -10.5 49.6118 -1.44889
v -10.5 50 -1.5
v -10.5 50.3882 -1.44889
v -10.5 50.75 -1.29904
v -10.5 51.0607 -1.06066
v -10.5 51.299 -0.75
v -10.5 11.4489 -0.388229
v -10.5 11.5 -1.83697e-16
v -10.5 11.4489 0.388229
v -10.5 11.299 0.75
v -10.5 11.0607 1.06066
v -10.5 10.75 1.29904
v -10.5 10.3882 1.44889
v -10.5 10 1.5
v -10.5 9.61177 1.44889
v -10.5 9.25 1.29904
v -10.5 8.93934 1.06066
v -10.5 8.70096 0.75
v -10.5 8.55111 0.388229
v -10.5 8.5 0
v -10.5 8.55111 -0.388229
v -10.5 8.70096 -0.75
v -10.5 8.93934 -1.06066
v -10.5 9.25 -1.29904
v -10.5 9.61177 -1.44889
v -10.5 10 -1.5
v -10.5 10.3882 -1.44889
v -10.5 10.75 -1.29904
v -10.5 11.0607 -1.06066
v -10.5 11.299 -0.75
v 10.5 7.77837 0.595284
v 16.5 7.77837 0.595284
v 10.5 7.7 -2.81669e-16
v 16.5 7.7 -2.81669e-16
v 10.5 7.77837 -0.595284
v 16.5 7.77837 -0.595284
v 10.5 8.00814 -1.15
v 16.5 8.00814 -1.15
v 10.5 8.37365 -1.62635
v 16.5 8.37365 -1.62635
v 10.5 8.85 -1.99186
v 16.5 8.85 -1.99186
v 10.5 9.40472 -2.22163
v 16.5 9.40472 -2.22163
v 10.5 10 -2.3
v 16.5 10 -2.3
v 10.5 10.5953 -2.22163
v 16.5 10.5953 -2.22163
v 10.5 11.15 -1.99186
v 16.5 11.15 -1.99186
v 10.5 11.6263 -1.62635
v 16.5 11.6263 -1.62635
v 10.5 11.9919 -1.15
v 16.5 11.9919 -1.15
v 10.5 12.2216 -0.595284
v 16.5 12.2216 -0.595284
v 10.5 12.3 0
v 16.5 12.3 0
v 10.5 12.2216 0.595284
v 16.5 12.2216 0.595284
v 10.5 11.9919 1.15
v 16.5 11.9919 1.15
v 10.5 11.6263 1.62635
v 16.5 11.6263 1.62635
v 10.5 11.15 1.99186
v 16.5 11.15 1.99186
v 10.5 10.5953 2.22163
v 16.5 10.5953 2.22163
v 10.5 10 2.3
v 16.5 10 2.3
v 10.5 9.40472 2.22163
v 16.5 9.40472 2.22163
v 10.5 8.85 1.99186
v 16.5 8.85 1.99186
v 10.5 8.37365 1.62635
v 16.5 8.37365 1.62635
v 10.5 8.00814 1.15
v 16.5 8.00814 1.15
v 10.5 8.55111 -0.388229
v 10.5 8.5 -1.83697e-16
v 10.5 8.55111 0.388229
v 10.5 8.70096 0.75
v 10.5 8.93934 1.06066
v 10.5 9.25 1.29904
v 10.5 9.61177 1.44889
v 10.5 10 1.5
v 10.5 10.3882 1.44889
v 10.5 10.75 1.29904
v 10.5 11.0607 1.06066
v 10.5 11.299 0.75
v 10.5 11.4489 0.388229
v 10.5 11.5 0
v 10.5 11.4489 -0.388229
v 10.5 11.299 -0.75
v 10.5 11.0607 -1.06066
v 10.5 10.75 -1.29904
v 10.5 10.3882 -1.44889
v 10.5 10 -1.5
v 10.5 9.61177 -1.44889
v 10.5 9.25 -1.29904
v 10.5 8.93934 -1.06066
v 10.5 8.70096 -0.75
v 10.5 47.7784 0.595284
v 16.5 47.7784 0.595284
v 10.5 47.7 -2.81669e-16
v 16.5 47.7 -2.81669e-16
v 10.5 47.7784 -0.595284
v 16.5 47.7784 -0.595284
v 10.5 48.0081 -1.15
v 16.5 48.0081 -1.15
v 10.5 48.3737 -1.62635
v 16.5 48.3737 -1.62635
v 10.5 48.85 -1.99186
v 16.5 48.85 -1.99186
v 10.5 49.4047 -2.22163
v 16.5 49.4047 -2.22163
v 10.5 50 -2.3
v 16.5 50 -2.3
v 10.5 50.5953 -2.22163
v 16.5 50.5953 -2.22163
v 10.5 51.15 -1.99186
v 16.5 51.15 -1.99186
v 10.5 51.6263 -1.62635
v 16.5 51.6263 -1.62635
v 10.5 51.9919 -1.15
v 16.5 51.9919 -1.15
v 10.5 52.2216 -0.595284
v 16.5 52.2216 -0.595284
v 10.5 52.3 0
v 16.5 52.3 0
v 10.5 52.2216 0.595284
v 16.5 52.2216 0.595284
v 10.5 51.9919 1.15
v 16.5 51.9919 1.15
v 10.5 51.6263 1.62635
v 16.5 51.6263 1.62635
v 10.5 51.15 1.99186
v 16.5 51.15 1.99186
v 10.5 50.5953 2.22163
v 16.5 50.5953 2.22163
v 10.5 50 2.3
v 16.5 50 2.3
v 10.5 49.4047 2.22163
v 16.5 49.4047 2.22163
v 10.5 48.85 1.99186
v 16.5 48.85 1.99186
v 10.5 48.3737 1.62635
v 16.5 48.3737 1.62635
v 10.5 48.0081 1.15
v 16.5 48.0081 1.15
v 10.5 48.5511 -0.388229
v 10.5 48.5 -1.83697e-16
v 10.5 48.5511 0.388229
v 10.5 48.701 0.75
v 10.5 48.9393 1.06066
v 10.5 49.25 1.29904
v 10.5 49.6118 1.44889
v 10.5 50 1.5
v 10.5 50.3882 1.44889
v 10.5 50.75 1.29904
v 10.5 51.0607 1.06066
v 10.5 51.299 0.75
v 10.5 51.4489 0.388229
v 10.5 51.5 0
v 10.5 51.4489 -0.388229
v 10.5 51.299 -0.75
v 10.5 51.0607 -1.06066
v 10.5 50.75 -1.29904
v 10.5 50.3882 -1.44889
v 10.5 50 -1.5
v 10.5 49.6118 -1.44889
v 10.5 49.25 -1.29904
v 10.5 48.9393 -1.06066
v 10.5 48.701 -0.75
v -16.1101 0 -31.1454
v -15.7377 0 -31.3852
v -15.4272 0 -31.7011
v -15.1938 0 -32.0776
v -15.0491 0 -32.4963
v -15 0 -32.9365
v 16.5 6.5 -31
v 16.5 0 -31
v 16.09 6.5 -31.1555
v 16.09 0 -31.1555
v 15.7238 0 -31.3966
v 15.7238 6.5 -31.3966
v 15.4189 0 -31.7117
v 15.4189 6.5 -31.7117
v 15.19 0 -32.0858
v 15.19 6.5 -32.0858
v 15.0481 0 -32.5006
v 15.0481 6.5 -32.5006
v 15 6.5 -32.9365
v 15 0 -32.9365
v -16.5 2.73041 -26.5616
v -16.5 3.08519 -26.4169
v -16.5 3.46506 -26.3668
v -16.5 3.84522 -26.4146
v -16.5 4.20088 -26.5571
v -16.5 4.50883 -26.7851
v -16.5 4.74897 -27.0837
v -16.5 4.90564 -27.4334
v -16.5 4.96861 -27.8113
v -16.5 4.93377 -28.1929
v -16.5 4.80341 -28.5532
v -16.5 4.58601 -28.8687
v -12 0 -36
v -12 0 -4
v -12 3 -24.4945
v -12 3.00983 -24.666
v -12 3.03921 -24.8352
v -12 7.19473 -28.7687
v -12 25.737 -11.0693
v -12 6.96816 -29.0434
v -12 6.81272 -29.3637
v -12 6.73718 -29.7117
v -12 6.74578 -30.0677
v -12 6.83804 -30.4116
v -12 7.00877 -30.7241
v -12 7.24834 -30.9875
v -12 7.54325 -31.187
v -12 7.87688 -31.3114
v -12 8.23044 -31.3537
v -12 26.7727 -31.3537
v -12 33.2262 -31.3537
v -12 27.1609 -31.3026
v -12 32.838 -31.3026
v -12 32.4762 -31.1527
v -12 56.9489 -8.11177
v -12 57 -8.5
v -12 60 -4
v -12 57 -24.4945
v -12 60 -36
v -12 56.9499 -24.879
v -12 56.8029 -25.2378
v -12 56.5688 -25.5469
v -12 56.2634 -25.7857
v -12 53.2542 -30.0677
v -12 53.2628 -29.7117
v -12 55.9069 -25.9383
v -12 53.1873 -29.3637
v -12 53.0318 -29.0434
v -12 55.5233 -25.9943
v -12 52.8053 -28.7687
v -12 55.138 -25.9502
v -12 54.777 -25.8088
v -12 54.4643 -25.5795
v -12 34.2619 -11.0682
v -12 37.7081 -9.58503
v -12 33.9492 -10.839
v -12 37.4816 -9.31034
v -12 33.5882 -10.6975
v -12 37.3261 -8.98998
v -12 37.2506 -8.64201
v -12 33.2029 -10.6534
v -12 37.2592 -8.28604
v -12 37.3514 -7.94212
v -12 37.5222 -7.62965
v -12 22.4778 -7.62965
v -12 22.6486 -7.94212
v -12 32.8193 -10.7095
v -12 27.1796 -10.7105
v -12 32.4628 -10.862
v -12 27.5361 -10.8631
v -12 32.1573 -11.1008
v -12 27.8415 -11.1019
v -12 31.9233 -11.4099
v -12 28.0756 -11.411
v -12 31.7763 -11.7687
v -12 28.2226 -11.7698
v -12 31.7262 -12.1532
v -12 28.2727 -12.1543
v -12 31.7262 -29.8537
v -12 28.2727 -29.8537
v -12 28.2216 -30.2419
v -12 22.2383 -7.36621
v -12 37.7617 -7.36621
v -12 21.9433 -7.16667
v -12 38.0567 -7.16667
v -12 21.6097 -7.04226
v -12 38.3903 -7.04226
v -12 38.7438 -7
v -12 55.5 -7
v -12 21.2562 -7
v -12 4.5 -7
v -12 4.11177 -7.05111
v -12 3.75 -7.20096
v -12 3.43934 -7.43934
v -12 3.20096 -7.75
v -12 3.05111 -8.11177
v -12 3 -8.5
v -12 55.8882 -7.05111
v -12 56.25 -7.20096
v -12 56.5607 -7.43934
v -12 56.799 -7.75
v -12 22.2919 -9.58503
v -12 26.0497 -10.84
v -12 22.5184 -9.31034
v -12 26.4107 -10.6986
v -12 22.6739 -8.98998
v -12 22.7494 -8.64201
v -12 26.7959 -10.6545
v -12 22.7408 -8.28604
v -12 31.7773 -30.2419
v -12 28.0717 -30.6037
v -12 31.9272 -30.6037
v -12 27.8333 -30.9144
v -12 32.1655 -30.9144
v -12 27.5227 -31.1527
v -12 53.162 -30.4116
v -12 52.9912 -30.7241
v -12 52.7517 -30.9875
v -12 52.4568 -31.187
v -12 52.1231 -31.3114
v -12 51.7696 -31.3537
v 15 3.08774 -25
v 12 3.08774 -25
v 15 3.03921 -24.8352
v 12 3.03921 -24.8352
v 12 3.00983 -24.666
v 12 3 -24.4945
v 15 3 -24.4945
v 15 3.00983 -24.666
v 15 0 -37
v 15 26.7727 -31.3537
v 15 8.23044 -31.3537
v 15 33.2262 -31.3537
v 15 60 -37
v 15 51.7696 -31.3537
v 15 52.1231 -31.3114
v 15 52.4568 -31.187
v 15 52.7517 -30.9875
v 15 52.9912 -30.7241
v 15 53.162 -30.4116
v 15 53.2542 -30.0677
v 15 56.2634 -25.7857
v 15 53.2628 -29.7117
v 15 55.9069 -25.9383
v 15 53.1873 -29.3637
v 15 53.0318 -29.0434
v 15 55.5233 -25.9943
v 15 52.8053 -28.7687
v 15 55.138 -25.9502
v 15 54.777 -25.8088
v 15 60 -4
v 15 57 -24.4945
v 15 56.9499 -24.879
v 15 56.8029 -25.2378
v 15 0 -4
v 15 38.7438 -7
v 15 55.5 -7
v 15 55.8882 -7.05111
v 15 0 -25
v 15 3 -8.5
v 15 3.05111 -8.11177
v 15 3.20096 -7.75
v 15 3.43934 -7.43934
v 15 3.75 -7.20096
v 15 4.11177 -7.05111
v 15 4.5 -7
v 15 21.2562 -7
v 15 21.6097 -7.04226
v 15 38.3903 -7.04226
v 15 38.0567 -7.16667
v 15 21.9433 -7.16667
v 15 37.7617 -7.36621
v 15 22.2383 -7.36621
v 15 37.5222 -7.62965
v 15 22.4778 -7.62965
v 15 37.3514 -7.94212
v 15 22.6486 -7.94212
v 15 32.8193 -10.7095
v 15 27.1796 -10.7105
v 15 32.4628 -10.862
v 15 27.5361 -10.8631
v 15 32.1573 -11.1008
v 15 27.8415 -11.1019
v 15 31.9233 -11.4099
v 15 28.0756 -11.411
v 15 31.7763 -11.7687
v 15 28.2226 -11.7698
v 15 31.7262 -12.1532
v 15 28.2727 -12.1543
v 15 31.7262 -29.8537
v 15 28.2727 -29.8537
v 15 28.2216 -30.2419
v 15 26.7959 -10.6545
v 15 22.7408 -8.28604
v 15 22.7494 -8.64201
v 15 26.4107 -10.6986
v 15 22.6739 -8.98998
v 15 22.5184 -9.31034
v 15 26.0497 -10.84
v 15 22.2919 -9.58503
v 15 25.737 -11.0693
v 15 6.5 -25
v 15 7.19473 -28.7687
v 15 6.96816 -29.0434
v 15 6.81272 -29.3637
v 15 6.73718 -29.7117
v 15 6.74578 -30.0677
v 15 6.83804 -30.4116
v 15 7.00877 -30.7241
v 15 7.24834 -30.9875
v 15 7.54325 -31.187
v 15 7.87688 -31.3114
v 15 6.14286 -25
v 15 56.9489 -8.11177
v 15 57 -8.5
v 15 56.5688 -25.5469
v 15 54.4643 -25.5795
v 15 34.2619 -11.0682
v 15 37.7081 -9.58503
v 15 33.9492 -10.839
v 15 37.4816 -9.31034
v 15 33.5882 -10.6975
v 15 37.3261 -8.98998
v 15 37.2506 -8.64201
v 15 33.2029 -10.6534
v 15 37.2592 -8.28604
v 15 56.25 -7.20096
v 15 56.5607 -7.43934
v 15 56.799 -7.75
v 15 31.7773 -30.2419
v 15 28.0717 -30.6037
v 15 31.9272 -30.6037
v 15 27.8333 -30.9144
v 15 32.1655 -30.9144
v 15 27.5227 -31.1527
v 15 32.4762 -31.1527
v 15 27.1609 -31.3026
v 15 32.838 -31.3026
v -2.69258 4.5 -7
v -2.69258 21.2562 -7
v 2.69258 21.2562 -7
v 2.69258 4.5 -7
v -15 51.7696 -31.3537
v -15 52.1231 -31.3114
v -15 52.4568 -31.187
v -15 52.7517 -30.9875
v -15 52.9912 -30.7241
v -15 53.162 -30.4116
v -15 53.2542 -30.0677
v -15 53.2628 -29.7117
v -15 53.1873 -29.3637
v -15 53.0318 -29.0434
v -15 52.8053 -28.7687
v 12 51.7696 -31.3537
v 12 52.1231 -31.3114
v 12 52.4568 -31.187
v 12 52.7517 -30.9875
v 12 52.9912 -30.7241
v 12 53.162 -30.4116
v 12 53.2542 -30.0677
v 12 53.2628 -29.7117
v 12 53.1873 -29.3637
v 12 53.0318 -29.0434
v 12 52.8053 -28.7687
v -15 34.2619 -11.0682
v -15 33.2262 -31.3537
v 12 33.2262 -31.3537
v -15 33.9492 -10.839
v -15 33.5882 -10.6975
v -15 33.2029 -10.6534
v -15 32.8193 -10.7095
v -15 32.4628 -10.862
v -15 32.1573 -11.1008
v -15 31.9233 -11.4099
v -15 31.7763 -11.7687
v -15 31.7262 -12.1532
v -15 31.7262 -29.8537
v -15 31.7773 -30.2419
v -15 31.9272 -30.6037
v -15 32.1655 -30.9144
v -15 32.4762 -31.1527
v -15 32.838 -31.3026
v 12 31.7262 -29.8537
v 12 31.7773 -30.2419
v 12 31.9272 -30.6037
v 12 32.1655 -30.9144
v 12 32.4762 -31.1527
v 12 32.838 -31.3026
v 12 31.7262 -12.1532
v 12 34.2619 -11.0682
v 12 33.9492 -10.839
v 12 33.5882 -10.6975
v 12 33.2029 -10.6534
v 12 32.8193 -10.7095
v 12 32.4628 -10.862
v 12 32.1573 -11.1008
v 12 31.9233 -11.4099
v 12 31.7763 -11.7687
v -15 28.2727 -12.1543
v -15 28.2226 -11.7698
v -15 28.0756 -11.411
v -15 27.8415 -11.1019
v -15 27.5361 -10.8631
v -15 27.1796 -10.7105
v -15 26.7959 -10.6545
v -15 26.4107 -10.6986
v -15 26.0497 -10.84
v -15 25.737 -11.0693
v 12 28.2727 -12.1543
v 12 28.2226 -11.7698
v 12 28.0756 -11.411
v 12 27.8415 -11.1019
v 12 27.5361 -10.8631
v 12 27.1796 -10.7105
v 12 26.7959 -10.6545
v 12 26.4107 -10.6986
v 12 26.0497 -10.84
v 12 25.737 -11.0693
v -15 7.19473 -28.7687
v -15 28.2727 -29.8537
v 12 28.2727 -29.8537
v -15 6.96816 -29.0434
v -15 6.81272 -29.3637
v -15 6.73718 -29.7117
v -15 6.74578 -30.0677
v -15 6.83804 -30.4116
v -15 7.00877 -30.7241
v -15 7.24834 -30.9875
v -15 7.54325 -31.187
v -15 7.87688 -31.3114
v -15 8.23044 -31.3537
v -15 26.7727 -31.3537
v -15 27.1609 -31.3026
v -15 27.5227 -31.1527
v -15 27.8333 -30.9144
v -15 28.0717 -30.6037
v -15 28.2216 -30.2419
v 12 26.7727 -31.3537
v 12 27.1609 -31.3026
v 12 27.5227 -31.1527
v 12 27.8333 -30.9144
v 12 28.0717 -30.6037
v 12 28.2216 -30.2419
v 12 8.23044 -31.3537
v 12 7.19473 -28.7687
v 12 6.96816 -29.0434
v 12 6.81272 -29.3637
v 12 6.73718 -29.7117
v 12 6.74578 -30.0677
v 12 6.83804 -30.4116
v 12 7.00877 -30.7241
v 12 7.24834 -30.9875
v 12 7.54325 -31.187
v 12 7.87688 -31.3114
v -15 37.7081 -9.58503
v -15 54.4643 -25.5795
v -15 54.777 -25.8088
v -15 55.138 -25.9502
v -15 55.5233 -25.9943
v -15 55.9069 -25.9383
v -15 56.2634 -25.7857
v -15 56.5688 -25.5469
v -15 56.8029 -25.2378
v -15 56.9499 -24.879
v -15 57 -24.4945
v -15 57 -8.5
v 2.69258 55.5 -7
v -2.69258 55.5 -7
v 2.68393 55.5984 -7.00334
v -2.68393 55.5984 -7.00334
v 2.65874 55.6959 -7.01293
v -2.65874 55.6959 -7.01293
v 2.61821 55.7892 -7.02815
v -2.61821 55.7892 -7.02815
v -2.56468 55.8757 -7.04784
v -2.43524 56.0218 -7.09363
v 2.43524 56.0218 -7.09363
v 2.56468 55.8757 -7.04784
v -2.28996 56.1378 -7.1418
v 2.28996 56.1378 -7.1418
v 1.96216 56.312 -7.23878
v -1.96216 56.312 -7.23878
v -1.59871 56.4358 -7.32759
v -0.805727 56.578 -7.45596
v 0.805727 56.578 -7.45596
v 1.59871 56.4358 -7.32759
v 0 56.618 -7.5
v -15 56.9489 -8.11177
v -15 56.799 -7.75
v -15 56.5607 -7.43934
v -15 56.25 -7.20096
v -15 55.8882 -7.05111
v -15 55.5 -7
v 12 57 -8.5
v 12 56.9489 -8.11177
v 12 56.799 -7.75
v 12 56.5607 -7.43934
v 12 56.25 -7.20096
v 12 55.8882 -7.05111
v 12 55.5 -7
v -15 38.7438 -7
v -15 38.3903 -7.04226
v -15 38.0567 -7.16667
v -15 37.7617 -7.36621
v -15 37.5222 -7.62965
v -15 37.3514 -7.94212
v -15 37.2592 -8.28604
v -15 37.2506 -8.64201
v -15 37.3261 -8.98998
v -15 37.4816 -9.31034
v -2.69258 38.7438 -7
v 2.69258 38.7438 -7
v -2.68393 38.6454 -7.00334
v 2.68393 38.6454 -7.00334
v -2.65874 38.5479 -7.01293
v 2.65874 38.5479 -7.01293
v -2.61821 38.4546 -7.02815
v 2.61821 38.4546 -7.02815
v 2.56468 38.3682 -7.04784
v 2.43524 38.2221 -7.09363
v -2.43524 38.2221 -7.09363
v -2.56468 38.3682 -7.04784
v 2.28996 38.106 -7.1418
v -2.28996 38.106 -7.1418
v -1.96216 37.9318 -7.23878
v 1.96216 37.9318 -7.23878
v 1.59871 37.808 -7.32759
v 0.805727 37.6659 -7.45596
v -0.805727 37.6659 -7.45596
v -1.59871 37.808 -7.32759
v 1.12179e-15 37.6258 -7.5
v 12 38.7438 -7
v 12 38.3903 -7.04226
v 12 38.0567 -7.16667
v 12 37.7617 -7.36621
v 12 37.5222 -7.62965
v 12 37.3514 -7.94212
v 12 37.2592 -8.28604
v 12 37.2506 -8.64201
v 12 37.3261 -8.98998
v 12 37.4816 -9.31034
v 12 37.7081 -9.58503
v 12 57 -24.4945
v 12 54.4643 -25.5795
v 12 54.777 -25.8088
v 12 55.138 -25.9502
v 12 55.5233 -25.9943
v 12 55.9069 -25.9383
v 12 56.2634 -25.7857
v 12 56.5688 -25.5469
v 12 56.8029 -25.2378
v 12 56.9499 -24.879
v -15 3.03921 -24.8352
v -15 3.00983 -24.666
v -15 3 -24.4945
v -15 22.2919 -9.58503
v -15 3 -8.5
v 12 3 -8.5
v -15 22.5184 -9.31034
v -15 22.6739 -8.98998
v -15 22.7494 -8.64201
v -15 22.7408 -8.28604
v -15 22.6486 -7.94212
v -15 22.4778 -7.62965
v -15 22.2383 -7.36621
v -15 21.9433 -7.16667
v -15 21.6097 -7.04226
v -15 21.2562 -7
v 12 22.2919 -9.58503
v 12 22.5184 -9.31034
v 12 22.6739 -8.98998
v 12 22.7494 -8.64201
v 12 22.7408 -8.28604
v 12 22.6486 -7.94212
v 12 22.4778 -7.62965
v 12 22.2383 -7.36621
v 12 21.9433 -7.16667
v 12 21.6097 -7.04226
v 12 21.2562 -7
v 12 4.5 -7
v 12 4.11177 -7.05111
v 12 3.75 -7.20096
v 12 3.43934 -7.43934
v 12 3.20096 -7.75
v 12 3.05111 -8.11177
v -15 4.5 -7
v -15 4.11177 -7.05111
v -15 3.75 -7.20096
v -15 3.43934 -7.43934
v -15 3.20096 -7.75
v -15 3.05111 -8.11177
v -2.68393 4.40158 -7.00334
v 2.68393 4.40158 -7.00334
v -2.65874 4.30406 -7.01293
v 2.65874 4.30406 -7.01293
v -2.61821 4.21076 -7.02815
v 2.61821 4.21076 -7.02815
v 2.56468 4.12434 -7.04784
v 2.43524 3.97824 -7.09363
v -2.43524 3.97824 -7.09363
v -2.56468 4.12434 -7.04784
v 2.28996 3.86215 -7.1418
v -2.28996 3.86215 -7.1418
v -1.96216 3.688 -7.23878
v 1.96216 3.688 -7.23878
v 1.59871 3.56418 -7.32759
v 0.805727 3.42201 -7.45596
v -0.805727 3.42201 -7.45596
v -1.59871 3.56418 -7.32759
v 6.93889e-17 3.38197 -7.5
v 2.68393 21.3546 -7.00334
v -2.68393 21.3546 -7.00334
v 2.65874 21.4521 -7.01293
v -2.65874 21.4521 -7.01293
v 2.61821 21.5454 -7.02815
v -2.61821 21.5454 -7.02815
v -2.56468 21.6318 -7.04784
v -2.43524 21.7779 -7.09363
v 2.43524 21.7779 -7.09363
v 2.56468 21.6318 -7.04784
v -2.28996 21.894 -7.1418
v 2.28996 21.894 -7.1418
v 1.96216 22.0682 -7.23878
v -1.96216 22.0682 -7.23878
v -1.59871 22.192 -7.32759
v -0.805727 22.3341 -7.45596
v 0.805727 22.3341 -7.45596
v 1.59871 22.192 -7.32759
v 0 22.3742 -7.5
v 12 6.14286 -25
v 16.5 0 4
v 16.5 0 -4
v 16.5 60 -4
v 16.5 60 4
v -16.1101 60 -4
v -15 60 -4
v -16.1101 0 -4
v -15 0 -4
v 12 0 -4
v 6.34429 0 -4
v 12 60 -4
v 6.34429 60 -4
v -3.62284 30 -6.56696
v -3.62284 60 -6.56696
v -5.14619 60 -5.45589
v -5.14619 30 -5.45589
v -6.34429 60 -4
v -6.34429 0 -4
v -5.14619 0 -5.45589
v -3.62284 0 -6.56696
v -1.87053 30 -7.263
v 4.59243e-16 30 -7.5
v 1.87053 30 -7.263
v 2.69258 30 -7
v 3.62284 30 -6.56696
v 3.62284 0 -6.56696
v 5.14619 0 -5.45589
v 5.14619 30 -5.45589
v 5.14619 60 -5.45589
v 3.62284 60 -6.56696
v 1.87053 60 -7.263
v 4.59243e-16 60 -7.5
v -1.87053 60 -7.263
v -1.87053 0 -7.263
v 4.59243e-16 0 -7.5
v 1.87053 0 -7.263
v -8.5 11.4489 -0.388229
v -8.5 8.55111 -0.388229
v -8.5 11.5 -1.83697e-16
v -8.5 8.5 0
v -8.5 11.4489 0.388229
v -8.5 8.55111 0.388229
v -8.5 11.299 0.75
v -8.5 8.70096 0.75
v -8.5 11.0607 1.06066
v -8.5 8.93934 1.06066
v -8.5 10.75 1.29904
v -8.5 9.25 1.29904
v -8.5 10.3882 1.44889
v -8.5 9.61177 1.44889
v -8.5 10 1.5
v -8.5 8.70096 -0.75
v -8.5 11.299 -0.75
v -8.5 8.93934 -1.06066
v -8.5 11.0607 -1.06066
v -8.5 9.25 -1.29904
v -8.5 10.75 -1.29904
v -8.5 9.61177 -1.44889
v -8.5 10.3882 -1.44889
v -8.5 10 -1.5
v -8.5 51.4489 -0.388229
v -8.5 48.5511 -0.388229
v -8.5 51.5 -1.83697e-16
v -8.5 48.5 0
v -8.5 51.4489 0.388229
v -8.5 48.5511 0.388229
v -8.5 51.299 0.75
v -8.5 48.701 0.75
v -8.5 51.0607 1.06066
v -8.5 48.9393 1.06066
v -8.5 50.75 1.29904
v -8.5 49.25 1.29904
v -8.5 50.3882 1.44889
v -8.5 49.6118 1.44889
v -8.5 50 1.5
v -8.5 48.701 -0.75
v -8.5 51.299 -0.75
v -8.5 48.9393 -1.06066
v -8.5 51.0607 -1.06066
v -8.5 49.25 -1.29904
v -8.5 50.75 -1.29904
v -8.5 49.6118 -1.44889
v -8.5 50.3882 -1.44889
v -8.5 50 -1.5
v 8.5 48.5511 -0.388229
v 8.5 51.4489 -0.388229
v 8.5 48.5 -1.83697e-16
v 8.5 51.5 0
v 8.5 48.5511 0.388229
v 8.5 51.4489 0.388229
v 8.5 48.701 0.75
v 8.5 51.299 0.75
v 8.5 48.9393 1.06066
v 8.5 51.0607 1.06066
v 8.5 49.25 1.29904
v 8.5 50.75 1.29904
v 8.5 49.6118 1.44889
v 8.5 50.3882 1.44889
v 8.5 50 1.5
v 8.5 51.299 -0.75
v 8.5 48.701 -0.75
v 8.5 51.0607 -1.06066
v 8.5 48.9393 -1.06066
v 8.5 50.75 -1.29904
v 8.5 49.25 -1.29904
v 8.5 50.3882 -1.44889
v 8.5 49.6118 -1.44889
v 8.5 50 -1.5
v 8.5 8.55111 -0.388229
v 8.5 11.4489 -0.388229
v 8.5 8.5 -1.83697e-16
v 8.5 11.5 0
v 8.5 8.55111 0.388229
v 8.5 11.4489 0.388229
v 8.5 8.70096 0.75
v 8.5 11.299 0.75
v 8.5 8.93934 1.06066
v 8.5 11.0607 1.06066
v 8.5 9.25 1.29904
v 8.5 10.75 1.29904
v 8.5 9.61177 1.44889
v 8.5 10.3882 1.44889
v 8.5 10 1.5
v 8.5 11.299 -0.75
v 8.5 8.70096 -0.75
v 8.5 11.0607 -1.06066
v 8.5 8.93934 -1.06066
v 8.5 10.75 -1.29904
v 8.5 9.25 -1.29904
v 8.5 10.3882 -1.44889
v 8.5 9.61177 -1.44889
v 8.5 10 -1.5
v -14.9319 60 -37.5176
v -14.9319 50 -37.5176
v -15 60 -37
v -14.9319 40 -37.5176
v -14.9319 30 -37.5176
v -14.7321 30 -38
v -14.7321 20 -38
v -14.4142 20 -38.4142
v -14.4142 10 -38.4142
v -14 10 -38.7321
v -14 0 -38.7321
v -13.5176 0 -38.9319
v -13.5176 10 -38.9319
v -13 0 -39
v -13.5176 20 -38.9319
v -13.5176 30 -38.9319
v -14 30 -38.7321
v -14 40 -38.7321
v -14.4142 40 -38.4142
v -14.4142 50 -38.4142
v -14.7321 50 -38
v -14.7321 60 -38
v -14.4142 60 -38.4142
v -14 50 -38.7321
v -13.5176 40 -38.9319
v -13 60 -39
v -14 60 -38.7321
v -13.5176 50 -38.9319
v -13.5176 60 -38.9319
v -14.4142 0 -38.4142
v -14.7321 10 -38
v -14.9319 20 -37.5176
v -15 0 -37
v -14.7321 0 -38
v -14.9319 10 -37.5176
v -14.9319 0 -37.5176
v -14.7321 40 -38
v -14.4142 30 -38.4142
v -14 20 -38.7321
v 13.5176 60 -38.9319
v 13.5176 50 -38.9319
v 13 60 -39
v 13.5176 40 -38.9319
v 13.5176 30 -38.9319
v 14 30 -38.7321
v 14 20 -38.7321
v 14.4142 20 -38.4142
v 14.4142 10 -38.4142
v 14.7321 10 -38
v 14.7321 0 -38
v 14.9319 0 -37.5176
v 14.9319 10 -37.5176
v 14.9319 20 -37.5176
v 14.9319 30 -37.5176
v 14.7321 30 -38
v 14.7321 40 -38
v 14.4142 40 -38.4142
v 14.4142 50 -38.4142
v 14 50 -38.7321
v 14 60 -38.7321
v 14.4142 60 -38.4142
v 14.7321 50 -38
v 14.9319 40 -37.5176
v 14.7321 60 -38
v 14.9319 50 -37.5176
v 14.9319 60 -37.5176
v 14.4142 0 -38.4142
v 14 10 -38.7321
v 13.5176 20 -38.9319
v 13 0 -39
v 14 0 -38.7321
v 13.5176 10 -38.9319
v 13.5176 0 -38.9319
v 14 40 -38.7321
v 14.4142 30 -38.4142
v 14.7321 20 -38
v 8.50681 56 -36
v 8.50681 56 -39
v 8.88804 55.9507 -36
v 8.88804 55.9507 -39
v 9.24424 55.8062 -36
v 9.24424 55.8062 -39
v 9.552 55.5759 -36
v 9.552 55.5759 -39
v 9.79113 55.2749 -36
v 9.79113 55.2749 -39
v 9.94591 54.9231 -36
v 9.94591 54.9231 -39
v 10.0062 54.5434 -36
v 10.0062 54.5434 -39
v 9.96799 54.1609 -36
v 9.96799 54.1609 -39
v 9.83384 53.8007 -36
v 9.83384 53.8007 -39
v 9.61255 53.4864 -36
v 9.61255 53.4864 -39
v 3.18931 56 -36
v 3.18931 56 -39
v -9.61255 53.4864 -36
v -9.61255 53.4864 -39
v -9.83384 53.8007 -36
v -9.83384 53.8007 -39
v -9.96799 54.1609 -36
v -9.96799 54.1609 -39
v -10.0062 54.5434 -36
v -10.0062 54.5434 -39
v -9.94591 54.9231 -36
v -9.94591 54.9231 -39
v -9.79113 55.2749 -36
v -9.79113 55.2749 -39
v -9.552 55.5759 -36
v -9.552 55.5759 -39
v -9.24424 55.8062 -36
v -9.24424 55.8062 -39
v -8.88804 55.9507 -36
v -8.88804 55.9507 -39
v -8.50681 56 -36
v -8.50681 56 -39
v -4.29504 47.6855 -36
v -4.29504 47.6855 -39
v -2.30412 6.51359 -36
v -2.30412 6.51359 -39
v -2.08282 6.19928 -36
v -2.08282 6.19928 -39
v -1.94867 5.83905 -36
v -1.94867 5.83905 -39
v -1.91048 5.45656 -36
v -1.91048 5.45656 -39
v -1.97076 5.07691 -36
v -1.97076 5.07691 -39
v -2.12554 4.72506 -36
v -2.12554 4.72506 -39
v -2.36467 4.42409 -36
v -2.36467 4.42409 -39
v -2.67243 4.19378 -36
v -2.67243 4.19378 -39
v -3.02862 4.04925 -36
v -3.02862 4.04925 -39
v -3.40985 4 -36
v -3.40985 4 -39
v -8.39427 13.1574 -36
v -8.39427 13.1574 -39
v -9.5 4 -39
v -9.5 4 -36
v 3.40985 4 -36
v 3.40985 4 -39
v 3.02862 4.04925 -36
v 3.02862 4.04925 -39
v 2.67243 4.19378 -36
v 2.67243 4.19378 -39
v 2.36467 4.42409 -36
v 2.36467 4.42409 -39
v 2.12554 4.72506 -36
v 2.12554 4.72506 -39
v 1.97076 5.07691 -36
v 1.97076 5.07691 -39
v 1.91048 5.45656 -36
v 1.91048 5.45656 -39
v 1.94867 5.83905 -36
v 1.94867 5.83905 -39
v 2.08282 6.19928 -36
v 2.08282 6.19928 -39
v 2.30412 6.51359 -36
v 2.30412 6.51359 -39
v 9.5 4 -36
v 9.5 4 -39
v -9.88823 4.05111 -36
v -9.88823 4.05111 -39
v -10.25 4.20096 -36
v -10.25 4.20096 -39
v -10.5607 4.43934 -36
v -10.5607 4.43934 -39
v -10.799 4.75 -36
v -10.799 4.75 -39
v -10.9489 5.11177 -36
v -10.9489 5.11177 -39
v -11 5.5 -36
v -11 5.5 -39
v -11 12.1438 -39
v -11 12.1438 -36
v 11 5.5 -36
v 11 5.5 -39
v 10.9489 5.11177 -36
v 10.9489 5.11177 -39
v 10.799 4.75 -36
v 10.799 4.75 -39
v 10.5607 4.43934 -36
v 10.5607 4.43934 -39
v 10.25 4.20096 -36
v 10.25 4.20096 -39
v 9.88823 4.05111 -36
v 9.88823 4.05111 -39
v 8.39427 13.1574 -36
v 8.39427 13.1574 -39
v 8.66685 13.3911 -36
v 8.66685 13.3911 -39
v 8.98718 13.5534 -36
v 8.98718 13.5534 -39
v 9.33689 13.6349 -36
v 9.33689 13.6349 -39
v 9.69595 13.6309 -36
v 9.69595 13.6309 -39
v 10.0438 13.5418 -36
v 10.0438 13.5418 -39
v 10.3605 13.3725 -36
v 10.3605 13.3725 -39
v 10.6278 13.1328 -36
v 10.6278 13.1328 -39
v 10.8305 12.8364 -36
v 10.8305 12.8364 -39
v 10.957 12.5003 -36
v 10.957 12.5003 -39
v 11 12.1438 -36
v 11 12.1438 -39
v -10.957 12.5003 -36
v -10.957 12.5003 -39
v -10.8305 12.8364 -36
v -10.8305 12.8364 -39
v -10.6278 13.1328 -36
v -10.6278 13.1328 -39
v -10.3605 13.3725 -36
v -10.3605 13.3725 -39
v -10.0438 13.5418 -36
v -10.0438 13.5418 -39
v -9.69595 13.6309 -36
v -9.69595 13.6309 -39
v -9.33689 13.6349 -36
v -9.33689 13.6349 -39
v -8.98718 13.5534 -36
v -8.98718 13.5534 -39
v -8.66685 13.3911 -36
v -8.66685 13.3911 -39
v -1.68931 48.6991 -36
v -1.68931 48.6991 -39
v -1.73229 48.3426 -36
v -1.73229 48.3426 -39
v -1.85877 48.0065 -36
v -1.85877 48.0065 -39
v -2.0615 47.7101 -36
v -2.0615 47.7101 -39
v -2.32886 47.4704 -36
v -2.32886 47.4704 -39
v -2.64553 47.3011 -36
v -2.64553 47.3011 -39
v -2.99336 47.2119 -36
v -2.99336 47.2119 -39
v -3.35242 47.208 -36
v -3.35242 47.208 -39
v -3.70214 47.2895 -36
v -3.70214 47.2895 -39
v -4.02246 47.4517 -36
v -4.02246 47.4517 -39
v 4.29504 47.6855 -36
v 4.29504 47.6855 -39
v 4.02246 47.4517 -36
v 4.02246 47.4517 -39
v 3.70214 47.2895 -36
v 3.70214 47.2895 -39
v 3.35242 47.208 -36
v 3.35242 47.208 -39
v 2.99336 47.2119 -36
v 2.99336 47.2119 -39
v 2.64553 47.3011 -36
v 2.64553 47.3011 -39
v 2.32886 47.4704 -36
v 2.32886 47.4704 -39
v 2.0615 47.7101 -36
v 2.0615 47.7101 -39
v 1.85877 48.0065 -36
v 1.85877 48.0065 -39
v 1.73229 48.3426 -36
v 1.73229 48.3426 -39
v 1.68931 48.6991 -36
v 1.68931 48.6991 -39
v 1.68931 54.5 -39
v 1.68931 54.5 -36
v 11 29.8562 -36
v 11 29.8562 -39
v 10.957 29.4997 -36
v 10.957 29.4997 -39
v 10.8305 29.1636 -36
v 10.8305 29.1636 -39
v 10.6278 28.8672 -36
v 10.6278 28.8672 -39
v 10.3605 28.6275 -36
v 10.3605 28.6275 -39
v 10.0438 28.4582 -36
v 10.0438 28.4582 -39
v 9.69595 28.3691 -36
v 9.69595 28.3691 -39
v 9.33689 28.3651 -36
v 9.33689 28.3651 -39
v 8.98718 28.4466 -36
v 8.98718 28.4466 -39
v 8.66685 28.6089 -36
v 8.66685 28.6089 -39
v 8.39427 28.8426 -36
v 8.39427 28.8426 -39
v 2.08358 35.727 -39
v 2.08358 35.727 -36
v -8.39427 28.8426 -36
v -8.39427 28.8426 -39
v -8.66685 28.6089 -36
v -8.66685 28.6089 -39
v -8.98718 28.4466 -36
v -8.98718 28.4466 -39
v -9.33689 28.3651 -36
v -9.33689 28.3651 -39
v -9.69595 28.3691 -36
v -9.69595 28.3691 -39
v -10.0438 28.4582 -36
v -10.0438 28.4582 -39
v -10.3605 28.6275 -36
v -10.3605 28.6275 -39
v -10.6278 28.8672 -36
v -10.6278 28.8672 -39
v -10.8305 29.1636 -36
v -10.8305 29.1636 -39
v -10.957 29.4997 -36
v -10.957 29.4997 -39
v -11 29.8562 -36
v -11 29.8562 -39
v -11 46.1438 -39
v -11 46.1438 -36
v -1.68931 14.6991 -36
v -1.68931 14.6991 -39
v -1.73229 14.3426 -36
v -1.73229 14.3426 -39
v -1.85877 14.0065 -36
v -1.85877 14.0065 -39
v -2.0615 13.7101 -36
v -2.0615 13.7101 -39
v -2.32886 13.4704 -36
v -2.32886 13.4704 -39
v -2.64553 13.3011 -36
v -2.64553 13.3011 -39
v -2.99336 13.2119 -36
v -2.99336 13.2119 -39
v -3.35242 13.208 -36
v -3.35242 13.208 -39
v -3.70214 13.2895 -36
v -3.70214 13.2895 -39
v -4.02246 13.4517 -36
v -4.02246 13.4517 -39
v -4.29504 13.6855 -36
v -4.29504 13.6855 -39
v -10.0709 19.9864 -39
v -10.0709 19.9864 -36
v 4.29504 13.6855 -36
v 4.29504 13.6855 -39
v 4.02246 13.4517 -36
v 4.02246 13.4517 -39
v 3.70214 13.2895 -36
v 3.70214 13.2895 -39
v 3.35242 13.208 -36
v 3.35242 13.208 -39
v 2.99336 13.2119 -36
v 2.99336 13.2119 -39
v 2.64553 13.3011 -36
v 2.64553 13.3011 -39
v 2.32886 13.4704 -36
v 2.32886 13.4704 -39
v 2.0615 13.7101 -36
v 2.0615 13.7101 -39
v 1.85877 14.0065 -36
v 1.85877 14.0065 -39
v 1.73229 14.3426 -36
v 1.73229 14.3426 -39
v 1.68931 14.6991 -36
v 1.68931 14.6991 -39
v 1.68931 27.3009 -39
v 1.68931 27.3009 -36
v 1.74042 54.8882 -36
v 1.74042 54.8882 -39
v 1.89027 55.25 -36
v 1.89027 55.25 -39
v 2.12865 55.5607 -36
v 2.12865 55.5607 -39
v 2.43931 55.799 -36
v 2.43931 55.799 -39
v 2.80108 55.9489 -36
v 2.80108 55.9489 -39
v -3.18931 56 -36
v -3.18931 56 -39
v -2.80108 55.9489 -36
v -2.80108 55.9489 -39
v -2.43931 55.799 -36
v -2.43931 55.799 -39
v -2.12865 55.5607 -36
v -2.12865 55.5607 -39
v -1.89027 55.25 -36
v -1.89027 55.25 -39
v -1.74042 54.8882 -36
v -1.74042 54.8882 -39
v -1.68931 54.5 -36
v -1.68931 54.5 -39
v 8.39427 47.1574 -36
v 8.39427 47.1574 -39
v 8.66685 47.3911 -36
v 8.66685 47.3911 -39
v 8.98718 47.5534 -36
v 8.98718 47.5534 -39
v 9.33689 47.6349 -36
v 9.33689 47.6349 -39
v 9.69595 47.6309 -36
v 9.69595 47.6309 -39
v 10.0438 47.5418 -36
v 10.0438 47.5418 -39
v 10.3605 47.3725 -36
v 10.3605 47.3725 -39
v 10.6278 47.1328 -36
v 10.6278 47.1328 -39
v 10.8305 46.8364 -36
v 10.8305 46.8364 -39
v 10.957 46.5003 -36
v 10.957 46.5003 -39
v 11 46.1438 -36
v 11 46.1438 -39
v -10.957 46.5003 -36
v -10.957 46.5003 -39
v -10.8305 46.8364 -36
v -10.8305 46.8364 -39
v -10.6278 47.1328 -36
v -10.6278 47.1328 -39
v -10.3605 47.3725 -36
v -10.3605 47.3725 -39
v -10.0438 47.5418 -36
v -10.0438 47.5418 -39
v -9.69595 47.6309 -36
v -9.69595 47.6309 -39
v -9.33689 47.6349 -36
v -9.33689 47.6349 -39
v -8.98718 47.5534 -36
v -8.98718 47.5534 -39
v -8.66685 47.3911 -36
v -8.66685 47.3911 -39
v -8.39427 47.1574 -36
v -8.39427 47.1574 -39
v -2.08358 40.273 -39
v -2.08358 40.273 -36
v 1.73229 27.6574 -36
v 1.73229 27.6574 -39
v 1.85877 27.9935 -36
v 1.85877 27.9935 -39
v 2.0615 28.2899 -36
v 2.0615 28.2899 -39
v 2.32886 28.5296 -36
v 2.32886 28.5296 -39
v 2.64553 28.6989 -36
v 2.64553 28.6989 -39
v 2.99336 28.7881 -36
v 2.99336 28.7881 -39
v 3.35242 28.792 -36
v 3.35242 28.792 -39
v 3.70214 28.7105 -36
v 3.70214 28.7105 -39
v 4.02246 28.5483 -36
v 4.02246 28.5483 -39
v 4.29504 28.3145 -36
v 4.29504 28.3145 -39
v 10.0709 22.0136 -39
v 10.0709 22.0136 -36
v -4.29504 28.3145 -36
v -4.29504 28.3145 -39
v -4.02246 28.5483 -36
v -4.02246 28.5483 -39
v -3.70214 28.7105 -36
v -3.70214 28.7105 -39
v -3.35242 28.792 -36
v -3.35242 28.792 -39
v -2.99336 28.7881 -36
v -2.99336 28.7881 -39
v -2.64553 28.6989 -36
v -2.64553 28.6989 -39
v -2.32886 28.5296 -36
v -2.32886 28.5296 -39
v -2.0615 28.2899 -36
v -2.0615 28.2899 -39
v -1.85877 27.9935 -36
v -1.85877 27.9935 -39
v -1.73229 27.6574 -36
v -1.73229 27.6574 -39
v -1.68931 27.3009 -36
v -1.68931 27.3009 -39
v 10.2854 21.7121 -36
v 10.2854 21.7121 -39
v 10.4195 21.3672 -36
v 10.4195 21.3672 -39
v 10.4651 21 -36
v 10.4651 21 -39
v 10.4195 20.6328 -36
v 10.4195 20.6328 -39
v 10.2854 20.2879 -36
v 10.2854 20.2879 -39
v 10.0709 19.9864 -36
v 10.0709 19.9864 -39
v -10.2854 20.2879 -36
v -10.2854 20.2879 -39
v -10.4195 20.6328 -36
v -10.4195 20.6328 -39
v -10.4651 21 -36
v -10.4651 21 -39
v -10.4195 21.3672 -36
v -10.4195 21.3672 -39
v -10.2854 21.7121 -36
v -10.2854 21.7121 -39
v -10.0709 22.0136 -36
v -10.0709 22.0136 -39
v 1.68931 39.2594 -36
v 1.68931 39.2594 -39
v 1.73495 39.6266 -36
v 1.73495 39.6266 -39
v 1.8691 39.9715 -36
v 1.8691 39.9715 -39
v 2.08358 40.273 -36
v 2.08358 40.273 -39
v 1.8691 36.0285 -36
v 1.8691 36.0285 -39
v 1.73495 36.3734 -36
v 1.73495 36.3734 -39
v 1.68931 36.7406 -36
v 1.68931 36.7406 -39
v -1.68931 36.7406 -36
v -1.68931 36.7406 -39
v -1.73495 36.3734 -36
v -1.73495 36.3734 -39
v -1.8691 36.0285 -36
v -1.8691 36.0285 -39
v -2.08358 35.727 -36
v -2.08358 35.727 -39
v -1.8691 39.9715 -36
v -1.8691 39.9715 -39
v -1.73495 39.6266 -36
v -1.73495 39.6266 -39
v -1.68931 39.2594 -36
v -1.68931 39.2594 -39
v 12 0 -36
v 12 60 -36
v -4.15 60 -5.55112e-16
v -4.00859 60 -1.0741
v -3.59401 60 2.075
v -4.00859 60 1.0741
v -2.93449 60 2.93449
v -2.075 60 3.59401
v -1.0741 60 4.00859
v 2.54114e-16 60 4.15
v 1.0741 60 4.00859
v 2.075 60 3.59401
v 2.93449 60 2.93449
v 3.59401 60 2.075
v 4.00859 60 1.0741
v 4.15 60 0
v 4.00859 60 -1.0741
v 3.59401 60 -2.075
v 2.93449 60 -2.93449
v 2.075 60 -3.59401
v 1.0741 60 -4.00859
v 2.54114e-16 60 -4.15
v -1.0741 60 -4.00859
v -2.075 60 -3.59401
v -2.93449 60 -2.93449
v -3.59401 60 -2.075
v 12 1.80111 -27.6553
v 12 1.75 -28.0435
v 12 1.80111 -28.4317
v 12 1.95096 -28.7935
v 12 2.18934 -29.1041
v 12 2.5 -29.3425
v 12 2.86177 -29.4924
v 12 3.25 -29.5435
v 12 3.63823 -29.4924
v 12 4 -29.3425
v 12 4.31066 -29.1041
v 12 4.54904 -28.7935
v 12 4.69889 -28.4317
v 12 4.75 -28.0435
v 12 4.69889 -27.6553
v 12 4.54904 -27.2935
v 12 4.31066 -26.9828
v 12 4 -26.7444
v 12 3.63823 -26.5946
v 12 3.25 -26.5435
v 12 2.86177 -26.5946
v 12 2.5 -26.7444
v 12 2.18934 -26.9828
v 12 1.95096 -27.2935
v 16.5 6.5 -25
v 16.5 0 -25
v 16.5 1.80111 -27.6553
v 16.5 1.75 -28.0435
v 16.5 1.80111 -28.4317
v 16.5 1.95096 -28.7935
v 16.5 2.18934 -29.1041
v 16.5 2.5 -29.3425
v 16.5 2.86177 -29.4924
v 16.5 3.25 -29.5435
v 16.5 3.63823 -29.4924
v 16.5 4 -29.3425
v 16.5 4.31066 -29.1041
v 16.5 4.54904 -28.7935
v 16.5 4.69889 -28.4317
v 16.5 4.75 -28.0435
v 16.5 4.69889 -27.6553
v 16.5 4.54904 -27.2935
v 16.5 4.31066 -26.9828
v 16.5 4 -26.7444
v 16.5 3.63823 -26.5946
v 16.5 3.25 -26.5435
v 16.5 2.86177 -26.5946
v 16.5 2.5 -26.7444
v 16.5 2.18934 -26.9828
v 16.5 1.95096 -27.2935
v -16.1101 3.96585 -29.2824
v -19.1101 4.21964 -29.1659
v -19.1101 4.5303 -28.9275
v -19.1101 4.76867 -28.6168
v -19.1101 4.91853 -28.2551
v -19.1101 4.96964 -27.8668
v -19.1101 4.91853 -27.4786
v -19.1101 4.76867 -27.1168
v -19.1101 4.5303 -26.8062
v -19.1101 4.21964 -26.5678
v -19.1101 3.85787 -26.4179
v -19.1101 3.46964 -26.3668
v -19.1101 3.08141 -26.4179
v -19.1101 2.71964 -26.5678
v -19.1101 2.40898 -26.8062
v -16.1101 2.19338 -27.0787
v -19.1101 2.1706 -27.1168
v -16.1101 2.03981 -27.4134
v -19.1101 2.02075 -27.4786
v -16.1101 1.97242 -27.7754
v -19.1101 1.96964 -27.8668
v -16.1101 1.99527 -28.1429
v -19.1101 2.02075 -28.2551
v -16.1101 2.10697 -28.4938
v -19.1101 2.1706 -28.6168
v -16.1101 2.3008 -28.8069
v -19.1101 2.40898 -28.9275
v -16.1101 2.56507 -29.0634
v -19.1101 2.71964 -29.1659
v -16.1101 2.88386 -29.2477
v -19.1101 3.08141 -29.3157
v -16.1101 3.23795 -29.3488
v -19.1101 3.46964 -29.3668
v -16.1101 3.60601 -29.3606
v -19.1101 3.85787 -29.3157
v -16.1101 23.2463 -37.3233
v -16.1101 52.1474 -44.8233
v -16.1101 52.1474 -37.3233
v -16.1101 57.4823 -44.564
v -16.1101 62.767 -43.7884
v -16.1101 53.2463 -9.82334
v -16.1101 40.2196 -9.82334
v -16.1101 10.2196 -37.3233
v -16.1101 0.219636 -44.8233
v -16.1101 -33.7091 -39.5038
v -16.1101 -34.0543 -40.0247
v -16.1101 74.2842 -32.7737
v -16.1101 84.5014 -29.7086
v -16.1101 66.2733 -9.82334
v -16.1101 76.5656 -0.388741
v -16.1101 84.5014 -0.572457
v -16.1101 60.2196 7.49168
v -16.1101 94.4257 -0.802207
v -16.1101 150.451 5.4028
v -16.1101 155.353 3.98755
v -16.1101 152.994 5.01302
v -16.1101 67.9515 -42.5038
v -16.1101 65.7964 -35.3201
v -16.1101 61.3189 -36.4295
v -16.1101 56.7548 -37.0994
v -16.1101 10.2196 -9.82334
v -16.1101 -34.5042 -3.95721
v -16.1101 -34.8924 -4.00832
v -16.1101 85 -10.0296
v -16.1101 85 -2.41442
v -16.1101 -86.2686 -2.89655
v -16.1101 -86.3198 -2.50832
v -16.1101 -99.7804 -2.50832
v -16.1101 -86.2686 -2.12009
v -16.1101 -86.1188 -1.75832
v -16.1101 -85.8804 -1.44766
v -16.1101 -99.4396 0.0798724
v -16.1101 -85.5698 -1.20928
v -16.1101 -85.208 -1.05943
v -16.1101 -84.8198 -1.00832
v -16.1101 -98.4406 2.49168
v -16.1101 -96.8514 4.56275
v -16.1101 -84.4315 -1.05943
v -16.1101 -94.7804 6.15194
v -16.1101 -89.7804 7.49168
v -16.1101 -92.3686 7.15094
v -16.1101 -84.0698 -1.20928
v -16.1101 -35.6424 -1.20928
v -16.1101 -35.2806 -1.05943
v -16.1101 -34.8924 -1.00832
v -16.1101 -34.5042 -1.05943
v -16.1101 -34.1424 -1.20928
v -16.1101 -35.9531 -1.44766
v -16.1101 -83.7591 -1.44766
v -16.1101 -36.1914 -1.75832
v -16.1101 -83.5207 -1.75832
v -16.1101 -36.3413 -2.12009
v -16.1101 -83.3709 -2.12009
v -16.1101 -36.3924 -2.50832
v -16.1101 -83.3198 -2.50832
v -16.1101 -36.3413 -2.89655
v -16.1101 -83.3709 -2.89655
v -16.1101 -36.1914 -3.25832
v -16.1101 -83.5207 -3.25832
v -16.1101 -35.9531 -3.56898
v -16.1101 -83.7591 -3.56898
v -16.1101 -35.6424 -3.80736
v -16.1101 -84.0698 -3.80736
v -16.1101 -35.2806 -3.95721
v -16.1101 -84.4315 -3.95721
v -16.1101 -84.8198 -4.00832
v -16.1101 -99.7804 -17.8933
v -16.1101 -85.208 -3.95721
v -16.1101 -85.5698 -3.80736
v -16.1101 -85.8804 -3.56898
v -16.1101 -86.1188 -3.25832
v -16.1101 -33.8317 -1.44766
v -16.1101 -33.5934 -1.75832
v -16.1101 -33.4435 -2.12009
v -16.1101 -33.3924 -2.50832
v -16.1101 -33.4435 -2.89655
v -16.1101 -33.5934 -3.25832
v -16.1101 -33.8317 -3.56898
v -16.1101 -34.1424 -3.80736
v -16.1101 157.372 2.39424
v -16.1101 155 -0.802207
v -16.1101 158.918 0.338516
v -16.1101 159.889 -2.04361
v -16.1101 160.22 -4.59452
v -16.1101 155 -10.0296
v -16.1101 160.22 -7.38304
v -16.1101 159.894 -9.91389
v -16.1101 158.939 -12.28
v -16.1101 147.466 -10.8192
v -16.1101 157.415 -14.3272
v -16.1101 135.788 -14.3227
v -16.1101 155.424 -15.9222
v -16.1101 153.093 -16.9613
v -16.1101 105.205 -23.4975
v -16.1101 91.7953 -27.5204
v -16.1101 102.777 -10.0296
v -16.1101 113.661 -10.0296
v -16.1101 150.098 -10.0296
v -16.1101 146.448 -10.0296
v -16.1101 130.254 -10.0296
v -16.1101 87.0612 -10.0296
v -16.1101 -78.8612 -32.668
v -16.1101 -79.3843 -30.6718
v -16.1101 -93.2916 -27.2566
v -16.1101 -79.5106 -29.6479
v -16.1101 -79.4663 -28.6112
v -16.1101 -79.3482 -28.0915
v -16.1101 -79.1501 -27.5756
v -16.1101 -78.8645 -27.0695
v -16.1101 -78.4904 -26.5821
v -16.1101 -95.4365 -26.14
v -16.1101 -77.5078 -25.7136
v -16.1101 -97.2506 -24.5413
v -16.1101 -76.3087 -25.0835
v -16.1101 -75.6663 -24.8921
v -16.1101 -98.628 -22.5537
v -16.1101 -75.0097 -24.7968
v -16.1101 -99.488 -20.2937
v -16.1101 -74.3413 -24.8026
v -16.1101 -73.6558 -24.9095
v -16.1101 -72.1818 -25.4069
v -16.1101 -70.4508 -26.2185
v -16.1101 -68.3114 -27.2411
v -16.1101 -65.6568 -28.3622
v -16.1101 -62.4737 -29.4808
v -16.1101 -58.8493 -30.5176
v -16.1101 -50.9621 -32.1427
v -16.1101 -47.1249 -32.6893
v -16.1101 -43.6391 -33.0725
v -16.1101 -40.6697 -33.3354
v -16.1101 -38.3102 -33.5489
v -16.1101 -36.5556 -33.812
v -16.1101 -35.8763 -33.998
v -16.1101 -35.3063 -34.2385
v -16.1101 -34.8277 -34.5438
v -16.1101 -34.4248 -34.9206
v -16.1101 -34.0861 -35.3698
v -16.1101 -33.8061 -35.8861
v -16.1101 -33.4332 -37.0678
v -16.1101 -33.357 -37.6973
v -16.1101 -33.3698 -38.3255
v -16.1101 -33.4836 -38.9332
v -16.1101 -34.5247 -40.4869
v -16.1101 -35.1241 -40.8846
v -16.1101 -35.8545 -41.214
v -16.1101 -37.7118 -41.6624
v -16.1101 11.7196 0.176658
v -16.1101 11.6685 -0.211571
v -16.1101 11.5187 -0.573342
v -16.1101 11.2803 -0.884002
v -16.1101 10.9696 -1.12238
v -16.1101 10.6079 -1.27223
v -16.1101 10.2196 -1.32334
v -16.1101 9.83141 -1.27223
v -16.1101 9.46964 -1.12238
v -16.1101 9.15898 -0.884002
v -16.1101 8.9206 -0.573342
v -16.1101 8.77075 -0.211571
v -16.1101 8.71964 0.176658
v -16.1101 8.77075 0.564887
v -16.1101 8.9206 0.926658
v -16.1101 9.15898 1.23732
v -16.1101 9.46964 1.4757
v -16.1101 9.83141 1.62555
v -16.1101 10.2196 1.67666
v -16.1101 10.6079 1.62555
v -16.1101 10.9696 1.4757
v -16.1101 11.2803 1.23732
v -16.1101 11.5187 0.926658
v -16.1101 11.6685 0.564887
v -16.1101 48.7707 0.564887
v -16.1101 48.7196 0.176658
v -16.1101 48.7707 -0.211571
v -16.1101 48.9206 -0.573342
v -16.1101 49.159 -0.884002
v -16.1101 48.9206 0.926658
v -16.1101 49.159 1.23732
v -16.1101 49.4696 1.4757
v -16.1101 49.8314 1.62555
v -16.1101 50.2196 1.67666
v -16.1101 50.6079 1.62555
v -16.1101 50.9696 1.4757
v -16.1101 51.2803 1.23732
v -16.1101 51.5187 0.926658
v -16.1101 51.6685 0.564887
v -16.1101 51.7196 0.176658
v -16.1101 51.6685 -0.211571
v -16.1101 51.5187 -0.573342
v -16.1101 51.2803 -0.884002
v -16.1101 50.9696 -1.12238
v -16.1101 50.6079 -1.27223
v -16.1101 50.2196 -1.32334
v -16.1101 49.8314 -1.27223
v -16.1101 49.4696 -1.12238
v -4.03239 85 0.980978
v -4.15 83.5714 5.08228e-16
v -4.00859 83.5714 -1.0741
v -3.59401 83.5714 -2.075
v -2.93449 83.5714 -2.93449
v -2.075 83.5714 -3.59401
v -1.0741 83.5714 -4.00859
v 2.54114e-16 83.5714 -4.15
v 1.0741 83.5714 -4.00859
v 2.075 83.5714 -3.59401
v 2.93449 83.5714 -2.93449
v 3.59401 83.5714 -2.075
v 4.00859 83.5714 -1.0741
v 4.15 83.5714 0
v 4.03239 85 0.980978
v 4.00859 83.5714 1.0741
v 3.6794 85 1.91951
v 3.59401 83.5714 2.075
v 3.11161 85 2.74598
v -3.6794 85 1.91951
v -4.00859 83.5714 1.0741
v -3.11161 85 2.74598
v -3.59401 83.5714 2.075
v -2.36216 85 3.41214
v -2.93449 83.5714 2.93449
v -1.47481 85 3.8791
v -2.075 83.5714 3.59401
v -0.501359 85 4.1196
v -1.0741 83.5714 4.00859
v 0.501359 85 4.1196
v 2.54114e-16 83.5714 4.15
v 1.47481 85 3.8791
v 1.0741 83.5714 4.00859
v 2.36216 85 3.41214
v 2.075 83.5714 3.59401
v 2.93449 83.5714 2.93449
v -4.00859 225 -1.0741
v -4.00859 201.429 -1.0741
v -4.15 225 5.08228e-16
v -4.15 201.429 -5.08228e-16
v -4.00859 225 1.0741
v -4.00859 201.429 1.0741
v -3.59401 225 2.075
v -3.59401 201.429 2.075
v -2.93449 225 2.93449
v -2.93449 201.429 2.93449
v -2.075 225 3.59401
v -2.075 201.429 3.59401
v -1.0741 225 4.00859
v -1.0741 201.429 4.00859
v 2.54114e-16 225 4.15
v 2.54114e-16 201.429 4.15
v 1.0741 225 4.00859
v 1.0741 201.429 4.00859
v 2.075 225 3.59401
v 2.075 201.429 3.59401
v 2.93449 225 2.93449
v 2.93449 201.429 2.93449
v 3.59401 225 2.075
v 3.59401 201.429 2.075
v 4.00859 225 1.0741
v 4.00859 201.429 1.0741
v 4.15 225 0
v 4.15 201.429 0
v 4.00859 225 -1.0741
v 4.00859 201.429 -1.0741
v 3.59401 225 -2.075
v 3.59401 201.429 -2.075
v 2.93449 225 -2.93449
v 2.93449 201.429 -2.93449
v 2.075 225 -3.59401
v 2.075 201.429 -3.59401
v 1.0741 225 -4.00859
v 1.0741 201.429 -4.00859
v 2.54114e-16 225 -4.15
v 2.54114e-16 201.429 -4.15
v -1.0741 225 -4.00859
v -1.0741 201.429 -4.00859
v -2.075 225 -3.59401
v -2.075 201.429 -3.59401
v -2.93449 225 -2.93449
v -2.93449 201.429 -2.93449
v -3.59401 225 -2.075
v -3.59401 201.429 -2.075
v -4.03239 155 0.980978
v -4.15 177.857 -5.08228e-16
v -4.14997 155 -0.0148224
v -4.00859 177.857 -1.0741
v -4.00859 154.286 -1.0741
v -3.59401 154.286 -2.075
v -3.59401 130.714 -2.075
v -2.93449 130.714 -2.93449
v -2.93449 107.143 -2.93449
v -2.075 107.143 -3.59401
v -4.00859 177.857 1.0741
v -3.6794 155 1.91951
v -3.59401 177.857 2.075
v -3.11161 155 2.74598
v -2.93449 177.857 2.93449
v -2.36216 155 3.41214
v -2.075 177.857 3.59401
v -1.47481 155 3.8791
v -1.0741 177.857 4.00859
v -0.501359 155 4.1196
v 2.54114e-16 177.857 4.15
v 0.501359 155 4.1196
v 1.0741 177.857 4.00859
v 1.47481 155 3.8791
v 2.075 177.857 3.59401
v 2.36216 155 3.41214
v 2.93449 177.857 2.93449
v 3.11161 155 2.74598
v 3.59401 177.857 2.075
v 3.6794 155 1.91951
v 4.00859 177.857 1.0741
v 4.03239 155 0.980978
v 4.15 177.857 0
v 4.14997 155 -0.0148224
v 4.00859 177.857 -1.0741
v 4.00859 154.286 -1.0741
v 3.59401 177.857 -2.075
v 3.59401 154.286 -2.075
v 2.93449 177.857 -2.93449
v 2.93449 154.286 -2.93449
v 2.075 177.857 -3.59401
v 2.075 154.286 -3.59401
v 1.0741 177.857 -4.00859
v 1.0741 154.286 -4.00859
v 2.54114e-16 177.857 -4.15
v 2.54114e-16 154.286 -4.15
v -1.0741 177.857 -4.00859
v -1.0741 154.286 -4.00859
v -2.075 177.857 -3.59401
v -2.075 154.286 -3.59401
v -2.93449 177.857 -2.93449
v -2.93449 154.286 -2.93449
v -3.59401 177.857 -2.075
v 4.00859 130.714 -1.0741
v 4.14997 85 -0.0148224
v 4.00859 107.143 -1.0741
v 3.59401 107.143 -2.075
v 2.93449 107.143 -2.93449
v 2.075 107.143 -3.59401
v 1.0741 107.143 -4.00859
v 2.54114e-16 107.143 -4.15
v -1.0741 107.143 -4.00859
v -4.14997 85 -0.0148224
v -4.00859 130.714 -1.0741
v -4.00859 107.143 -1.0741
v 3.59401 130.714 -2.075
v 2.93449 130.714 -2.93449
v 2.075 130.714 -3.59401
v 1.0741 130.714 -4.00859
v 2.54114e-16 130.714 -4.15
v -1.0741 130.714 -4.00859
v -2.075 130.714 -3.59401
v -3.59401 107.143 -2.075
v -1.5 140 3.86943
v -1.47123 139.71 3.88058
v -1.47123 140.29 3.88058
v -1.3849 140.576 3.9121
v -1.3849 139.424 3.9121
v -1.24371 140.838 3.95918
v -1.24371 139.162 3.95918
v -1.06092 141.06 4.0121
v -1.06092 138.94 4.0121
v -0.838412 141.243 4.06432
v -0.838412 138.757 4.06432
v -0.576583 141.385 4.10975
v -0.576583 138.615 4.10975
v -0.2904 138.529 4.13959
v 2.77556e-15 138.5 4.15
v -6.04262e-15 141.5 4.15
v -0.2904 141.471 4.13959
v 0.2904 141.471 4.13959
v 0.2904 138.529 4.13959
v 0.576583 138.615 4.10975
v 0.838412 138.757 4.06432
v 0.838412 141.243 4.06432
v 0.576583 141.385 4.10975
v 1.06092 141.06 4.0121
v 1.06092 138.94 4.0121
v 1.24371 140.838 3.95918
v 1.24371 139.162 3.95918
v 1.3849 140.576 3.9121
v 1.3849 139.424 3.9121
v 1.47123 140.29 3.88058
v 1.47123 139.71 3.88058
v 1.5 140 3.86943
v -1.5 100 3.86943
v -1.47123 99.7097 3.88058
v -1.47123 100.29 3.88058
v -1.3849 100.576 3.9121
v -1.3849 99.4238 3.9121
v -1.24371 100.838 3.95918
v -1.24371 99.1621 3.95918
v -1.06092 101.06 4.0121
v -1.06092 98.9396 4.0121
v -0.838412 101.243 4.06432
v -0.838412 98.7567 4.06432
v -0.576583 101.385 4.10975
v -0.576583 98.6152 4.10975
v -0.2904 98.5288 4.13959
v -1.65955e-15 98.5 4.15
v -1.33574e-15 101.5 4.15
v -0.2904 101.471 4.13959
v 0.2904 101.471 4.13959
v 0.2904 98.5288 4.13959
v 0.576583 98.6152 4.10975
v 0.838412 98.7567 4.06432
v 0.838412 101.243 4.06432
v 0.576583 101.385 4.10975
v 1.06092 101.06 4.0121
v 1.06092 98.9396 4.0121
v 1.24371 100.838 3.95918
v 1.24371 99.1621 3.95918
v 1.3849 100.576 3.9121
v 1.3849 99.4238 3.9121
v 1.47123 100.29 3.88058
v 1.47123 99.7097 3.88058
v 1.5 100 3.86943
v 1.5 240 -3.86943
v 1.47123 239.71 -3.88058
v 1.47123 240.29 -3.88058
v 1.3849 240.576 -3.9121
v 1.3849 239.424 -3.9121
v 1.24371 240.838 -3.95918
v 1.24371 239.162 -3.95918
v 1.06092 241.06 -4.0121
v 1.06092 238.94 -4.0121
v 0.838412 241.243 -4.06432
v 0.838412 238.757 -4.06432
v 0.576583 241.385 -4.10975
v 0.576583 238.615 -4.10975
v 0.2904 238.529 -4.13959
v -4.91505e-16 238.5 -4.15
v 8.44232e-16 241.5 -4.15
v 0.2904 241.471 -4.13959
v -0.2904 241.471 -4.13959
v -0.2904 238.529 -4.13959
v -0.576583 238.615 -4.10975
v -0.838412 238.757 -4.06432
v -0.838412 241.243 -4.06432
v -0.576583 241.385 -4.10975
v -1.06092 241.06 -4.0121
v -1.06092 238.94 -4.0121
v -1.24371 240.838 -3.95918
v -1.24371 239.162 -3.95918
v -1.3849 240.576 -3.9121
v -1.3849 239.424 -3.9121
v -1.47123 240.29 -3.88058
v -1.47123 239.71 -3.88058
v -1.5 240 -3.86943
v 1.5 307 -3.86943
v 1.47123 306.71 -3.88058
v 1.47123 307.29 -3.88058
v 1.3849 307.576 -3.9121
v 1.3849 306.424 -3.9121
v 1.24371 307.838 -3.95918
v 1.24371 306.162 -3.95918
v 1.06092 308.06 -4.0121
v 1.06092 305.94 -4.0121
v 0.838412 308.243 -4.06432
v 0.838412 305.757 -4.06432
v 0.576583 308.385 -4.10975
v 0.576583 305.615 -4.10975
v 0.2904 305.529 -4.13959
v 5.20417e-17 305.5 -4.15
v -2.60209e-16 308.5 -4.15
v 0.2904 308.471 -4.13959
v -0.2904 308.471 -4.13959
v -0.2904 305.529 -4.13959
v -0.576583 305.615 -4.10975
v -0.838412 305.757 -4.06432
v -0.838412 308.243 -4.06432
v -0.576583 308.385 -4.10975
v -1.06092 308.06 -4.0121
v -1.06092 305.94 -4.0121
v -1.24371 307.838 -3.95918
v -1.24371 306.162 -3.95918
v -1.3849 307.576 -3.9121
v -1.3849 306.424 -3.9121
v -1.47123 307.29 -3.88058
v -1.47123 306.71 -3.88058
v -1.5 307 -3.86943
v 2.5 750 9
v -2.5 750 9
v 2.5 750 14
v -2.5 750 14
v 2.5 750 16.5
v -2.5 750 16.5
v -7.47758 85 -0.609083
v -13 85 -7.02964
v -2.69258 85 -7.02964
v 2.69258 85 -7.02964
v -0.501359 85 -4.14925
v 0.501359 85 -4.14925
v 4.18802 85 -6.25142
v 1.47481 85 -3.90875
v 5.47186 85 -5.15885
v 2.36216 85 -3.44179
v 6.47924 85 -3.80714
v 3.11161 85 -2.77562
v 7.15927 85 -2.26457
v 3.6794 85 -1.94915
v 4.03239 85 -1.01062
v 7.47758 85 -0.609083
v 16.1533 85 -0.827578
v 3.80163 85 6.43546
v -7.15927 85 -2.26457
v -4.03239 85 -1.01062
v -6.47924 85 -3.80714
v -3.11161 85 -2.77562
v -3.6794 85 -1.94915
v -2.36216 85 -3.44179
v -5.47186 85 -5.15885
v -1.47481 85 -3.90875
v -4.18802 85 -6.25142
v 13 85 -7.02964
v 16.1533 85 -10.0296
v -16.1533 85 -0.827578
v -16.1533 85 -2.41442
v -3.80163 85 6.43546
v -2.3517 85 7.09212
v -0.795847 85 7.42801
v 0.795847 85 7.42801
v 2.3517 85 7.09212
v 19.8899 -36.3413 -2.89655
v 16.8899 -36.3413 -2.89655
v 19.8899 -36.3924 -2.50832
v 16.8899 -36.3924 -2.50832
v 19.8899 -36.3413 -2.12009
v 16.8899 -36.3413 -2.12009
v 19.8899 -36.1914 -1.75832
v 16.8899 -36.1914 -1.75832
v 19.8899 -35.9531 -1.44766
v 16.8899 -35.9531 -1.44766
v 19.8899 -35.6424 -1.20928
v 16.8899 -35.6424 -1.20928
v 19.8899 -35.2806 -1.05943
v 16.8899 -35.2806 -1.05943
v 19.8899 -34.8924 -1.00832
v 16.8899 -34.8924 -1.00832
v 19.8899 -34.5042 -1.05943
v 16.8899 -34.5042 -1.05943
v 19.8899 -34.1424 -1.20928
v 16.8899 -34.1424 -1.20928
v 19.8899 -33.8317 -1.44766
v 16.8899 -33.8317 -1.44766
v 19.8899 -33.5934 -1.75832
v 16.8899 -33.5934 -1.75832
v 19.8899 -33.4435 -2.12009
v 16.8899 -33.4435 -2.12009
v 19.8899 -33.3924 -2.50832
v 16.8899 -33.3924 -2.50832
v 19.8899 -33.4435 -2.89655
v 16.8899 -33.4435 -2.89655
v 19.8899 -33.5934 -3.25832
v 16.8899 -33.5934 -3.25832
v 19.8899 -33.8317 -3.56898
v 16.8899 -33.8317 -3.56898
v 19.8899 -34.1424 -3.80736
v 16.8899 -34.1424 -3.80736
v 19.8899 -34.5042 -3.95721
v 16.8899 -34.5042 -3.95721
v 19.8899 -34.8924 -4.00832
v 16.8899 -34.8924 -4.00832
v 19.8899 -35.2806 -3.95721
v 16.8899 -35.2806 -3.95721
v 19.8899 -35.6424 -3.80736
v 16.8899 -35.6424 -3.80736
v 19.8899 -35.9531 -3.56898
v 16.8899 -35.9531 -3.56898
v 19.8899 -36.1914 -3.25832
v 16.8899 -36.1914 -3.25832
v 19.8899 -86.2686 -2.89655
v 16.8899 -86.2686 -2.89655
v 19.8899 -86.3198 -2.50832
v 16.8899 -86.3198 -2.50832
v 19.8899 -86.2686 -2.12009
v 16.8899 -86.2686 -2.12009
v 19.8899 -86.1188 -1.75832
v 16.8899 -86.1188 -1.75832
v 19.8899 -85.8804 -1.44766
v 16.8899 -85.8804 -1.44766
v 19.8899 -85.5698 -1.20928
v 16.8899 -85.5698 -1.20928
v 19.8899 -85.208 -1.05943
v 16.8899 -85.208 -1.05943
v 19.8899 -84.8198 -1.00832
v 16.8899 -84.8198 -1.00832
v 19.8899 -84.4315 -1.05943
v 16.8899 -84.4315 -1.05943
v 19.8899 -84.0698 -1.20928
v 16.8899 -84.0698 -1.20928
v 19.8899 -83.7591 -1.44766
v 16.8899 -83.7591 -1.44766
v 19.8899 -83.5207 -1.75832
v 16.8899 -83.5207 -1.75832
v 19.8899 -83.3709 -2.12009
v 16.8899 -83.3709 -2.12009
v 19.8899 -83.3198 -2.50832
v 16.8899 -83.3198 -2.50832
v 19.8899 -83.3709 -2.89655
v 16.8899 -83.3709 -2.89655
v 19.8899 -83.5207 -3.25832
v 16.8899 -83.5207 -3.25832
v 19.8899 -83.7591 -3.56898
v 16.8899 -83.7591 -3.56898
v 19.8899 -84.0698 -3.80736
v 16.8899 -84.0698 -3.80736
v 19.8899 -84.4315 -3.95721
v 16.8899 -84.4315 -3.95721
v 19.8899 -84.8198 -4.00832
v 16.8899 -84.8198 -4.00832
v 19.8899 -85.208 -3.95721
v 16.8899 -85.208 -3.95721
v 19.8899 -85.5698 -3.80736
v 16.8899 -85.5698 -3.80736
v 19.8899 -85.8804 -3.56898
v 16.8899 -85.8804 -3.56898
v 19.8899 -86.1188 -3.25832
v 16.8899 -86.1188 -3.25832
v 19.8899 2.02075 -27.4786
v 19.8899 1.96964 -27.8668
v 16.8899 1.96964 -27.8668
v 19.8899 2.02075 -28.2551
v 16.8899 2.02075 -28.2551
v 16.8899 2.1706 -28.6168
v 19.8899 2.1706 -28.6168
v 16.8899 2.40898 -28.9275
v 19.8899 2.40898 -28.9275
v 16.8899 2.71964 -29.1659
v 19.8899 2.71964 -29.1659
v 16.8899 3.08141 -29.3157
v 19.8899 3.08141 -29.3157
v 16.8899 3.46964 -29.3668
v 19.8899 3.46964 -29.3668
v 16.8899 3.85787 -29.3157
v 19.8899 3.85787 -29.3157
v 16.8899 4.21964 -29.1659
v 19.8899 4.21964 -29.1659
v 16.8899 4.5303 -28.9275
v 19.8899 4.5303 -28.9275
v 16.8899 4.76867 -28.6168
v 19.8899 4.76867 -28.6168
v 16.8899 4.91853 -28.2551
v 19.8899 4.91853 -28.2551
v 16.8899 4.96964 -27.8668
v 19.8899 4.96964 -27.8668
v 16.8899 4.91853 -27.4786
v 19.8899 4.91853 -27.4786
v 16.8899 4.76867 -27.1168
v 19.8899 4.76867 -27.1168
v 16.8899 4.5303 -26.8062
v 19.8899 4.5303 -26.8062
v 16.8899 4.21964 -26.5678
v 19.8899 4.21964 -26.5678
v 16.8899 3.85787 -26.4179
v 19.8899 3.85787 -26.4179
v 16.8899 3.46964 -26.3668
v 19.8899 3.46964 -26.3668
v 16.8899 3.08141 -26.4179
v 19.8899 3.08141 -26.4179
v 16.8899 2.71964 -26.5678
v 19.8899 2.71964 -26.5678
v 16.8899 2.40898 -26.8062
v 19.8899 2.40898 -26.8062
v 16.8899 2.1706 -27.1168
v 19.8899 2.1706 -27.1168
v 16.8899 2.02075 -27.4786
v 19.8899 65.7964 -35.3201
v 16.8899 65.7964 -35.3201
v 19.8899 61.3189 -36.4295
v 16.8899 61.3189 -36.4295
v 16.8899 56.7548 -37.0994
v 16.8899 52.1474 -37.3233
v 19.8899 52.1474 -37.3233
v 19.8899 56.7548 -37.0994
v 16.8899 74.2842 -32.7737
v 19.8899 74.2842 -32.7737
v 16.8899 53.2463 -9.82334
v 19.8899 53.2463 -9.82334
v 16.8899 23.2463 -37.3233
v 19.8899 23.2463 -37.3233
v 16.8899 84.5014 -0.572457
v 16.8899 108.367 -1.12495
v 19.8899 84.5014 -0.572457
v 19.8899 108.367 -1.12495
v 16.8899 91.7953 -27.5204
v 19.8899 91.7953 -27.5204
v 19.8899 48.7707 -0.211571
v 16.8899 48.7707 -0.211571
v 19.8899 48.7196 0.176658
v 16.8899 48.7196 0.176658
v 19.8899 48.7707 0.564887
v 16.8899 48.7707 0.564887
v 19.8899 48.9206 0.926658
v 16.8899 48.9206 0.926658
v 19.8899 49.159 1.23732
v 16.8899 49.159 1.23732
v 19.8899 49.4696 1.4757
v 16.8899 49.4696 1.4757
v 19.8899 49.8314 1.62555
v 16.8899 49.8314 1.62555
v 19.8899 50.2196 1.67666
v 16.8899 50.2196 1.67666
v 19.8899 50.6079 1.62555
v 16.8899 50.6079 1.62555
v 19.8899 50.9696 1.4757
v 16.8899 50.9696 1.4757
v 19.8899 51.2803 1.23732
v 16.8899 51.2803 1.23732
v 19.8899 51.5187 0.926658
v 16.8899 51.5187 0.926658
v 19.8899 51.6685 0.564887
v 16.8899 51.6685 0.564887
v 19.8899 51.7196 0.176658
v 16.8899 51.7196 0.176658
v 19.8899 51.6685 -0.211571
v 16.8899 51.6685 -0.211571
v 19.8899 51.5187 -0.573342
v 16.8899 51.5187 -0.573342
v 19.8899 51.2803 -0.884002
v 16.8899 51.2803 -0.884002
v 19.8899 50.9696 -1.12238
v 16.8899 50.9696 -1.12238
v 19.8899 50.6079 -1.27223
v 16.8899 50.6079 -1.27223
v 19.8899 50.2196 -1.32334
v 16.8899 50.2196 -1.32334
v 19.8899 49.8314 -1.27223
v 16.8899 49.8314 -1.27223
v 19.8899 49.4696 -1.12238
v 16.8899 49.4696 -1.12238
v 19.8899 49.159 -0.884002
v 16.8899 49.159 -0.884002
v 19.8899 48.9206 -0.573342
v 16.8899 48.9206 -0.573342
v 16.8899 150.938 -9.7776
v 16.8899 147.466 -10.8192
v 19.8899 150.938 -9.7776
v 19.8899 147.466 -10.8192
v 19.8899 152.72 -7.38304
v 16.8899 152.72 -7.38304
v 19.8899 152.638 -8.01575
v 16.8899 152.638 -8.01575
v 19.8899 152.399 -8.60726
v 16.8899 152.399 -8.60726
v 19.8899 152.019 -9.11907
v 16.8899 152.019 -9.11907
v 19.8899 151.521 -9.51783
v 16.8899 151.521 -9.51783
v 16.8899 152.72 -4.59452
v 19.8899 152.72 -4.59452
v 19.8899 150.277 -2.09519
v 16.8899 150.277 -2.09519
v 19.8899 150.913 -2.19263
v 16.8899 150.913 -2.19263
v 19.8899 151.503 -2.449
v 16.8899 151.503 -2.449
v 19.8899 152.008 -2.84733
v 16.8899 152.008 -2.84733
v 19.8899 152.394 -3.36126
v 16.8899 152.394 -3.36126
v 19.8899 152.637 -3.95679
v 16.8899 152.637 -3.95679
v 16.8899 135.788 -1.75975
v 19.8899 135.788 -1.75975
v 16.8899 40.2196 -9.82334
v 16.8899 10.2196 -37.3233
v 19.8899 40.2196 -9.82334
v 19.8899 10.2196 -37.3233
v 16.8899 10.2196 -9.82334
v 19.8899 10.2196 -9.82334
v 19.8899 8.77075 -0.211571
v 16.8899 8.77075 -0.211571
v 19.8899 8.71964 0.176658
v 16.8899 8.71964 0.176658
v 19.8899 8.77075 0.564887
v 16.8899 8.77075 0.564887
v 19.8899 8.9206 0.926658
v 16.8899 8.9206 0.926658
v 19.8899 9.15898 1.23732
v 16.8899 9.15898 1.23732
v 19.8899 9.46964 1.4757
v 16.8899 9.46964 1.4757
v 19.8899 9.83141 1.62555
v 16.8899 9.83141 1.62555
v 19.8899 10.2196 1.67666
v 16.8899 10.2196 1.67666
v 19.8899 10.6079 1.62555
v 16.8899 10.6079 1.62555
v 19.8899 10.9696 1.4757
v 16.8899 10.9696 1.4757
v 19.8899 11.2803 1.23732
v 16.8899 11.2803 1.23732
v 19.8899 11.5187 0.926658
v 16.8899 11.5187 0.926658
v 19.8899 11.6685 0.564887
v 16.8899 11.6685 0.564887
v 19.8899 11.7196 0.176658
v 16.8899 11.7196 0.176658
v 19.8899 11.6685 -0.211571
v 16.8899 11.6685 -0.211571
v 19.8899 11.5187 -0.573342
v 16.8899 11.5187 -0.573342
v 19.8899 11.2803 -0.884002
v 16.8899 11.2803 -0.884002
v 19.8899 10.9696 -1.12238
v 16.8899 10.9696 -1.12238
v 19.8899 10.6079 -1.27223
v 16.8899 10.6079 -1.27223
v 19.8899 10.2196 -1.32334
v 16.8899 10.2196 -1.32334
v 19.8899 9.83141 -1.27223
v 16.8899 9.83141 -1.27223
v 19.8899 9.46964 -1.12238
v 16.8899 9.46964 -1.12238
v 19.8899 9.15898 -0.884002
v 16.8899 9.15898 -0.884002
v 19.8899 8.9206 -0.573342
v 16.8899 8.9206 -0.573342
v 16.8899 119.095 -1.37332
v 16.8899 135.788 -14.3227
v 19.8899 119.095 -1.37332
v 19.8899 135.788 -14.3227
v 16.8899 105.205 -23.4975
v 19.8899 105.205 -23.4975
v 16.8899 76.5656 -0.388741
v 16.8899 84.5014 -29.7086
v 19.8899 76.5656 -0.388741
v 19.8899 84.5014 -29.7086
v 16.8899 66.2733 -9.82334
v 19.8899 66.2733 -9.82334
v 16.8899 160.22 -7.38304
v 16.8899 160.22 -4.59452
v 19.8899 160.22 -7.38304
v 19.8899 160.22 -4.59452
v 19.8899 153.093 -16.9613
v 16.8899 153.093 -16.9613
v 19.8899 155.424 -15.9222
v 16.8899 155.424 -15.9222
v 19.8899 157.415 -14.3272
v 16.8899 157.415 -14.3272
v 19.8899 158.939 -12.28
v 16.8899 158.939 -12.28
v 19.8899 159.894 -9.91389
v 16.8899 159.894 -9.91389
v 16.8899 67.9515 -42.5038
v 19.8899 67.9515 -42.5038
v 19.8899 52.1474 -44.8233
v 16.8899 52.1474 -44.8233
v 19.8899 57.4823 -44.564
v 16.8899 57.4823 -44.564
v 16.8899 62.767 -43.7884
v 19.8899 62.767 -43.7884
v 16.8899 0.219636 -44.8233
v 19.8899 0.219636 -44.8233
v 19.8899 -99.7804 -17.8933
v 16.8899 -99.7804 -17.8933
v 19.8899 -99.488 -20.2937
v 16.8899 -99.488 -20.2937
v 19.8899 -98.628 -22.5537
v 16.8899 -98.628 -22.5537
v 19.8899 -97.2506 -24.5413
v 16.8899 -97.2506 -24.5413
v 19.8899 -95.4365 -26.14
v 16.8899 -95.4365 -26.14
v 19.8899 -93.2916 -27.2566
v 16.8899 -93.2916 -27.2566
v 16.8899 -99.7804 -2.50832
v 19.8899 -99.7804 -2.50832
v 19.8899 -89.7804 7.49168
v 16.8899 -89.7804 7.49168
v 19.8899 -92.3686 7.15094
v 16.8899 -92.3686 7.15094
v 19.8899 -94.7804 6.15194
v 16.8899 -94.7804 6.15194
v 19.8899 -96.8514 4.56275
v 16.8899 -96.8514 4.56275
v 19.8899 -98.4406 2.49168
v 16.8899 -98.4406 2.49168
v 19.8899 -99.4396 0.0798724
v 16.8899 -99.4396 0.0798724
v 16.8899 60.2196 7.49168
v 19.8899 60.2196 7.49168
v 16.8899 150.451 5.4028
v 19.8899 150.451 5.4028
v 19.8899 159.889 -2.04361
v 16.8899 159.889 -2.04361
v 19.8899 158.918 0.338516
v 16.8899 158.918 0.338516
v 19.8899 157.372 2.39424
v 16.8899 157.372 2.39424
v 19.8899 155.353 3.98755
v 16.8899 155.353 3.98755
v 19.8899 152.994 5.01302
v 16.8899 152.994 5.01302
v 19.8899 -76.2293 -30.2116
v 19.8899 -76.2804 -29.8233
v 19.8899 -76.2293 -29.4351
v 19.8899 -76.0794 -29.0733
v 19.8899 -75.841 -28.7627
v 19.8899 -75.5304 -28.5243
v 19.8899 -75.1686 -28.3745
v 19.8899 -74.7804 -28.3233
v 19.8899 -74.3921 -28.3745
v 19.8899 -74.0304 -28.5243
v 19.8899 -73.7197 -28.7627
v 19.8899 -73.4813 -29.0733
v 19.8899 -73.3315 -29.4351
v 19.8899 -38.7804 -36.3233
v 19.8899 -73.2804 -29.8233
v 19.8899 -73.3315 -30.2116
v 19.8899 -73.4813 -30.5733
v 19.8899 -73.7197 -30.884
v 19.8899 -74.0304 -31.1224
v 19.8899 -74.3921 -31.2722
v 19.8899 -72.7667 -34.9535
v 19.8899 -39.1686 -36.3745
v 19.8899 -74.7804 -31.3233
v 19.8899 -75.1686 -31.2722
v 19.8899 -75.5304 -31.1224
v 19.8899 -75.841 -30.884
v 19.8899 -76.0794 -30.5733
v 19.8899 -40.2293 -38.2116
v 19.8899 -40.2804 -37.8233
v 19.8899 -55.0669 -39.7929
v 19.8899 -40.2293 -37.4351
v 19.8899 -64.028 -37.78
v 19.8899 -40.0794 -37.0733
v 19.8899 -39.841 -36.7627
v 19.8899 -39.5304 -36.5243
v 19.8899 -38.3921 -36.3745
v 19.8899 -38.0304 -36.5243
v 19.8899 -37.7197 -36.7627
v 19.8899 -37.4813 -37.0733
v 19.8899 -37.3315 -37.4351
v 19.8899 -37.2804 -37.8233
v 19.8899 -37.3315 -38.2116
v 19.8899 -37.4813 -38.5733
v 19.8899 -37.7197 -38.884
v 19.8899 -38.0304 -39.1224
v 19.8899 -38.3921 -39.2722
v 19.8899 -45.9589 -40.9751
v 19.8899 -38.7804 -39.3233
v 19.8899 -39.1686 -39.2722
v 19.8899 -39.5304 -39.1224
v 19.8899 -39.841 -38.884
v 19.8899 -40.0794 -38.5733
v 16.8899 -37.7118 -41.6624
v 16.8899 -35.8545 -41.214
v 16.8899 -35.1241 -40.8846
v 16.8899 -34.5247 -40.4869
v 16.8899 -34.0543 -40.0247
v 16.8899 -33.7091 -39.5038
v 16.8899 -33.4836 -38.9332
v 16.8899 -33.3698 -38.3255
v 16.8899 -33.357 -37.6973
v 16.8899 -33.4332 -37.0678
v 16.8899 -33.8061 -35.8861
v 16.8899 -34.0861 -35.3698
v 16.8899 -34.4248 -34.9206
v 16.8899 -34.8277 -34.5438
v 16.8899 -35.3063 -34.2385
v 16.8899 -35.8763 -33.998
v 16.8899 -36.5556 -33.812
v 16.8899 -38.3102 -33.5489
v 16.8899 -40.6697 -33.3354
v 16.8899 -43.6391 -33.0725
v 16.8899 -47.1249 -32.6893
v 16.8899 -50.9621 -32.1427
v 16.8899 -58.8493 -30.5176
v 16.8899 -62.4737 -29.4808
v 16.8899 -65.6568 -28.3622
v 16.8899 -68.3114 -27.2411
v 16.8899 -70.4508 -26.2185
v 16.8899 -72.1818 -25.4069
v 16.8899 -73.6558 -24.9095
v 16.8899 -74.3413 -24.8026
v 16.8899 -75.0097 -24.7968
v 16.8899 -75.6663 -24.8921
v 16.8899 -76.3087 -25.0835
v 16.8899 -77.5078 -25.7136
v 16.8899 -78.4904 -26.5821
v 16.8899 -78.8645 -27.0695
v 16.8899 -79.1501 -27.5756
v 16.8899 -79.3482 -28.0915
v 16.8899 -79.4663 -28.6112
v 16.8899 -79.5106 -29.6479
v 16.8899 -79.3843 -30.6718
v 16.8899 -78.8612 -32.668
v -19.1101 84.5014 -0.572457
v -16.1533 87.0612 -10.0296
v -19.1101 91.7953 -27.5204
v -16.1533 150.098 -10.0296
v -19.1101 147.466 -10.8192
v -19.1101 150.938 -9.7776
v -16.1533 150.938 -9.7776
v -19.1101 151.521 -9.51783
v -16.1533 151.521 -9.51783
v -19.1101 152.019 -9.11907
v -16.1533 152.019 -9.11907
v -19.1101 152.399 -8.60726
v -16.1533 152.399 -8.60726
v -19.1101 152.638 -8.01575
v -16.1533 152.638 -8.01575
v -19.1101 152.72 -7.38304
v -16.1533 152.72 -7.38304
v -16.1533 152.72 -4.59452
v -19.1101 152.72 -4.59452
v -19.1101 152.637 -3.95679
v -16.1533 152.637 -3.95679
v -19.1101 152.394 -3.36126
v -16.1533 152.394 -3.36126
v -19.1101 152.008 -2.84733
v -16.1533 152.008 -2.84733
v -19.1101 151.503 -2.449
v -16.1533 151.503 -2.449
v -19.1101 150.913 -2.19263
v -16.1533 150.913 -2.19263
v -19.1101 150.277 -2.09519
v -16.1533 150.277 -2.09519
v -16.1533 135.788 -1.75975
v -19.1101 135.788 -1.75975
v -16.1533 146.448 -10.0296
v -16.1533 130.254 -10.0296
v -19.1101 135.788 -14.3227
v -19.1101 119.095 -1.37332
v -16.1533 119.095 -1.37332
v 12.0899 -76.2293 -30.2116
v 12.0899 -76.2804 -29.8233
v 12.0899 -76.2293 -29.4351
v 12.0899 -76.0794 -29.0733
v 12.0899 -75.841 -28.7627
v 12.0899 -75.5304 -28.5243
v 12.0899 -75.1686 -28.3745
v 12.0899 -74.7804 -28.3233
v 12.0899 -74.3921 -28.3745
v 12.0899 -74.0304 -28.5243
v 12.0899 -73.7197 -28.7627
v 12.0899 -73.4813 -29.0733
v 12.0899 -73.3315 -29.4351
v 12.0899 -73.2804 -29.8233
v 12.0899 -73.3315 -30.2116
v 12.0899 -73.4813 -30.5733
v 12.0899 -73.7197 -30.884
v 12.0899 -74.0304 -31.1224
v 12.0899 -74.3921 -31.2722
v 12.0899 -74.7804 -31.3233
v 12.0899 -75.1686 -31.2722
v 12.0899 -75.5304 -31.1224
v 12.0899 -75.841 -30.884
v 12.0899 -76.0794 -30.5733
v -19.1101 -76.2293 -29.4351
v -11.3101 -76.2293 -29.4351
v -19.1101 -76.2804 -29.8233
v -11.3101 -76.2804 -29.8233
v -19.1101 -76.2293 -30.2116
v -11.3101 -76.2293 -30.2116
v -19.1101 -76.0794 -30.5733
v -11.3101 -76.0794 -30.5733
v -19.1101 -75.841 -30.884
v -11.3101 -75.841 -30.884
v -19.1101 -75.5304 -31.1224
v -11.3101 -75.5304 -31.1224
v -19.1101 -75.1686 -31.2722
v -11.3101 -75.1686 -31.2722
v -19.1101 -74.7804 -31.3233
v -11.3101 -74.7804 -31.3233
v -19.1101 -74.3921 -31.2722
v -11.3101 -74.3921 -31.2722
v -19.1101 -74.0304 -31.1224
v -11.3101 -74.0304 -31.1224
v -19.1101 -73.7197 -30.884
v -11.3101 -73.7197 -30.884
v -19.1101 -73.4813 -30.5733
v -11.3101 -73.4813 -30.5733
v -19.1101 -73.3315 -30.2116
v -11.3101 -73.3315 -30.2116
v -19.1101 -73.2804 -29.8233
v -11.3101 -73.2804 -29.8233
v -19.1101 -73.3315 -29.4351
v -11.3101 -73.3315 -29.4351
v -19.1101 -73.4813 -29.0733
v -11.3101 -73.4813 -29.0733
v -19.1101 -73.7197 -28.7627
v -11.3101 -73.7197 -28.7627
v -19.1101 -74.0304 -28.5243
v -11.3101 -74.0304 -28.5243
v -19.1101 -74.3921 -28.3745
v -11.3101 -74.3921 -28.3745
v -19.1101 -74.7804 -28.3233
v -11.3101 -74.7804 -28.3233
v -19.1101 -75.1686 -28.3745
v -11.3101 -75.1686 -28.3745
v -19.1101 -75.5304 -28.5243
v -11.3101 -75.5304 -28.5243
v -19.1101 -75.841 -28.7627
v -11.3101 -75.841 -28.7627
v -19.1101 -76.0794 -29.0733
v -11.3101 -76.0794 -29.0733
v 4.28987 -76.2804 -29.8233
v 4.28987 -76.2293 -29.4351
v 4.28987 -76.0794 -29.0733
v 4.28987 -75.841 -28.7627
v 4.28987 -75.5304 -28.5243
v 4.28987 -75.1686 -28.3745
v 4.28987 -74.7804 -28.3233
v 4.28987 -74.3921 -28.3745
v 4.28987 -74.0304 -28.5243
v 4.28987 -73.7197 -28.7627
v 4.28987 -73.4813 -29.0733
v 4.28987 -73.3315 -29.4351
v 4.28987 -73.2804 -29.8233
v 4.28987 -73.3315 -30.2116
v 4.28987 -73.4813 -30.5733
v 4.28987 -73.7197 -30.884
v 4.28987 -74.0304 -31.1224
v 4.28987 -74.3921 -31.2722
v 4.28987 -74.7804 -31.3233
v 4.28987 -75.1686 -31.2722
v 4.28987 -75.5304 -31.1224
v 4.28987 -75.841 -30.884
v 4.28987 -76.0794 -30.5733
v 4.28987 -76.2293 -30.2116
v -3.51013 -76.2804 -29.8233
v -3.51013 -76.2293 -29.4351
v -3.51013 -76.0794 -29.0733
v -3.51013 -75.841 -28.7627
v -3.51013 -75.5304 -28.5243
v -3.51013 -75.1686 -28.3745
v -3.51013 -74.7804 -28.3233
v -3.51013 -74.3921 -28.3745
v -3.51013 -74.0304 -28.5243
v -3.51013 -73.7197 -28.7627
v -3.51013 -73.4813 -29.0733
v -3.51013 -73.3315 -29.4351
v -3.51013 -73.2804 -29.8233
v -3.51013 -73.3315 -30.2116
v -3.51013 -73.4813 -30.5733
v -3.51013 -73.7197 -30.884
v -3.51013 -74.0304 -31.1224
v -3.51013 -74.3921 -31.2722
v -3.51013 -74.7804 -31.3233
v -3.51013 -75.1686 -31.2722
v -3.51013 -75.5304 -31.1224
v -3.51013 -75.841 -30.884
v -3.51013 -76.0794 -30.5733
v -3.51013 -76.2293 -30.2116
v 12.0899 -40.2293 -38.2116
v 12.0899 -40.2804 -37.8233
v 12.0899 -40.2293 -37.4351
v 12.0899 -40.0794 -37.0733
v 12.0899 -39.841 -36.7627
v 12.0899 -39.5304 -36.5243
v 12.0899 -39.1686 -36.3745
v 12.0899 -38.7804 -36.3233
v 12.0899 -38.3921 -36.3745
v 12.0899 -38.0304 -36.5243
v 12.0899 -37.7197 -36.7627
v 12.0899 -37.4813 -37.0733
v 12.0899 -37.3315 -37.4351
v 12.0899 -37.2804 -37.8233
v 12.0899 -37.3315 -38.2116
v 12.0899 -37.4813 -38.5733
v 12.0899 -37.7197 -38.884
v 12.0899 -38.0304 -39.1224
v 12.0899 -38.3921 -39.2722
v 12.0899 -38.7804 -39.3233
v 12.0899 -39.1686 -39.2722
v 12.0899 -39.5304 -39.1224
v 12.0899 -39.841 -38.884
v 12.0899 -40.0794 -38.5733
v -19.1101 -40.2293 -37.4351
v -11.3101 -40.2293 -37.4351
v -19.1101 -40.2804 -37.8233
v -11.3101 -40.2804 -37.8233
v -19.1101 -40.2293 -38.2116
v -11.3101 -40.2293 -38.2116
v -19.1101 -40.0794 -38.5733
v -11.3101 -40.0794 -38.5733
v -19.1101 -39.841 -38.884
v -11.3101 -39.841 -38.884
v -19.1101 -39.5304 -39.1224
v -11.3101 -39.5304 -39.1224
v -19.1101 -39.1686 -39.2722
v -11.3101 -39.1686 -39.2722
v -19.1101 -38.7804 -39.3233
v -11.3101 -38.7804 -39.3233
v -19.1101 -38.3921 -39.2722
v -11.3101 -38.3921 -39.2722
v -19.1101 -38.0304 -39.1224
v -11.3101 -38.0304 -39.1224
v -19.1101 -37.7197 -38.884
v -11.3101 -37.7197 -38.884
v -19.1101 -37.4813 -38.5733
v -11.3101 -37.4813 -38.5733
v -19.1101 -37.3315 -38.2116
v -11.3101 -37.3315 -38.2116
v -19.1101 -37.2804 -37.8233
v -11.3101 -37.2804 -37.8233
v -19.1101 -37.3315 -37.4351
v -11.3101 -37.3315 -37.4351
v -19.1101 -37.4813 -37.0733
v -11.3101 -37.4813 -37.0733
v -19.1101 -37.7197 -36.7627
v -11.3101 -37.7197 -36.7627
v -19.1101 -38.0304 -36.5243
v -11.3101 -38.0304 -36.5243
v -19.1101 -38.3921 -36.3745
v -11.3101 -38.3921 -36.3745
v -19.1101 -38.7804 -36.3233
v -11.3101 -38.7804 -36.3233
v -19.1101 -39.1686 -36.3745
v -11.3101 -39.1686 -36.3745
v -19.1101 -39.5304 -36.5243
v -11.3101 -39.5304 -36.5243
v -19.1101 -39.841 -36.7627
v -11.3101 -39.841 -36.7627
v -19.1101 -40.0794 -37.0733
v -11.3101 -40.0794 -37.0733
v 4.28987 -40.2804 -37.8233
v 4.28987 -40.2293 -37.4351
v 4.28987 -40.0794 -37.0733
v 4.28987 -39.841 -36.7627
v 4.28987 -39.5304 -36.5243
v 4.28987 -39.1686 -36.3745
v 4.28987 -38.7804 -36.3233
v 4.28987 -38.3921 -36.3745
v 4.28987 -38.0304 -36.5243
v 4.28987 -37.7197 -36.7627
v 4.28987 -37.4813 -37.0733
v 4.28987 -37.3315 -37.4351
v 4.28987 -37.2804 -37.8233
v 4.28987 -37.3315 -38.2116
v 4.28987 -37.4813 -38.5733
v 4.28987 -37.7197 -38.884
v 4.28987 -38.0304 -39.1224
v 4.28987 -38.3921 -39.2722
v 4.28987 -38.7804 -39.3233
v 4.28987 -39.1686 -39.2722
v 4.28987 -39.5304 -39.1224
v 4.28987 -39.841 -38.884
v 4.28987 -40.0794 -38.5733
v 4.28987 -40.2293 -38.2116
v -3.51013 -40.2804 -37.8233
v -3.51013 -40.2293 -37.4351
v -3.51013 -40.0794 -37.0733
v -3.51013 -39.841 -36.7627
v -3.51013 -39.5304 -36.5243
v -3.51013 -39.1686 -36.3745
v -3.51013 -38.7804 -36.3233
v -3.51013 -38.3921 -36.3745
v -3.51013 -38.0304 -36.5243
v -3.51013 -37.7197 -36.7627
v -3.51013 -37.4813 -37.0733
v -3.51013 -37.3315 -37.4351
v -3.51013 -37.2804 -37.8233
v -3.51013 -37.3315 -38.2116
v -3.51013 -37.4813 -38.5733
v -3.51013 -37.7197 -38.884
v -3.51013 -38.0304 -39.1224
v -3.51013 -38.3921 -39.2722
v -3.51013 -38.7804 -39.3233
v -3.51013 -39.1686 -39.2722
v -3.51013 -39.5304 -39.1224
v -3.51013 -39.841 -38.884
v -3.51013 -40.0794 -38.5733
v -3.51013 -40.2293 -38.2116
v -19.1101 -36.3413 -2.12009
v -19.1101 -36.3924 -2.50832
v -19.1101 -36.3413 -2.89655
v -19.1101 -36.1914 -3.25832
v -19.1101 -35.9531 -3.56898
v -19.1101 -35.6424 -3.80736
v -19.1101 -35.2806 -3.95721
v -19.1101 -34.8924 -4.00832
v -19.1101 -34.5042 -3.95721
v -19.1101 -34.1424 -3.80736
v -19.1101 -33.8317 -3.56898
v -19.1101 -33.5934 -3.25832
v -19.1101 -33.4435 -2.89655
v -19.1101 -33.3924 -2.50832
v -19.1101 -33.4435 -2.12009
v -19.1101 -33.5934 -1.75832
v -19.1101 -33.8317 -1.44766
v -19.1101 -34.1424 -1.20928
v -19.1101 -34.5042 -1.05943
v -19.1101 -34.8924 -1.00832
v -19.1101 -35.2806 -1.05943
v -19.1101 -35.6424 -1.20928
v -19.1101 -35.9531 -1.44766
v -19.1101 -36.1914 -1.75832
v -19.1101 -86.2686 -2.12009
v -19.1101 -86.3198 -2.50832
v -19.1101 -86.2686 -2.89655
v -19.1101 -86.1188 -3.25832
v -19.1101 -85.8804 -3.56898
v -19.1101 -85.5698 -3.80736
v -19.1101 -85.208 -3.95721
v -19.1101 -84.8198 -4.00832
v -19.1101 -84.4315 -3.95721
v -19.1101 -84.0698 -3.80736
v -19.1101 -83.7591 -3.56898
v -19.1101 -83.5207 -3.25832
v -19.1101 -83.3709 -2.89655
v -19.1101 -83.3198 -2.50832
v -19.1101 -83.3709 -2.12009
v -19.1101 -83.5207 -1.75832
v -19.1101 -83.7591 -1.44766
v -19.1101 -84.0698 -1.20928
v -19.1101 -84.4315 -1.05943
v -19.1101 -84.8198 -1.00832
v -19.1101 -85.208 -1.05943
v -19.1101 -85.5698 -1.20928
v -19.1101 -85.8804 -1.44766
v -19.1101 -86.1188 -1.75832
v -19.1101 52.1474 -37.3233
v -19.1101 56.7548 -37.0994
v -19.1101 65.7964 -35.3201
v -19.1101 61.3189 -36.4295
v -19.1101 74.2842 -32.7737
v -19.1101 53.2463 -9.82334
v -19.1101 23.2463 -37.3233
v -16.1533 95.5217 -0.827578
v -19.1101 108.367 -1.12495
v -16.1533 108.367 -1.12495
v -16.1533 102.777 -10.0296
v -19.1101 48.7707 0.564887
v -19.1101 48.7196 0.176658
v -19.1101 48.7707 -0.211571
v -19.1101 48.9206 -0.573342
v -19.1101 49.159 -0.884002
v -19.1101 49.4696 -1.12238
v -19.1101 49.8314 -1.27223
v -19.1101 50.2196 -1.32334
v -19.1101 50.6079 -1.27223
v -19.1101 50.9696 -1.12238
v -19.1101 51.2803 -0.884002
v -19.1101 51.5187 -0.573342
v -19.1101 51.6685 -0.211571
v -19.1101 51.7196 0.176658
v -19.1101 51.6685 0.564887
v -19.1101 51.5187 0.926658
v -19.1101 51.2803 1.23732
v -19.1101 50.9696 1.4757
v -19.1101 50.6079 1.62555
v -19.1101 50.2196 1.67666
v -19.1101 49.8314 1.62555
v -19.1101 49.4696 1.4757
v -19.1101 49.159 1.23732
v -19.1101 48.9206 0.926658
v -19.1101 10.2196 -37.3233
v -19.1101 40.2196 -9.82334
v -19.1101 10.2196 -9.82334
v -19.1101 8.77075 0.564887
v -19.1101 8.71964 0.176658
v -19.1101 8.77075 -0.211571
v -19.1101 8.9206 -0.573342
v -19.1101 9.15898 -0.884002
v -19.1101 9.46964 -1.12238
v -19.1101 9.83141 -1.27223
v -19.1101 10.2196 -1.32334
v -19.1101 10.6079 -1.27223
v -19.1101 10.9696 -1.12238
v -19.1101 11.2803 -0.884002
v -19.1101 11.5187 -0.573342
v -19.1101 11.6685 -0.211571
v -19.1101 11.7196 0.176658
v -19.1101 11.6685 0.564887
v -19.1101 11.5187 0.926658
v -19.1101 11.2803 1.23732
v -19.1101 10.9696 1.4757
v -19.1101 10.6079 1.62555
v -19.1101 10.2196 1.67666
v -19.1101 9.83141 1.62555
v -19.1101 9.46964 1.4757
v -19.1101 9.15898 1.23732
v -19.1101 8.9206 0.926658
v -16.1533 113.661 -10.0296
v -19.1101 105.205 -23.4975
v -19.1101 84.5014 -29.7086
v -19.1101 76.5656 -0.388741
v -19.1101 66.2733 -9.82334
v -19.1101 160.22 -4.59452
v -19.1101 160.22 -7.38304
v -19.1101 159.894 -9.91389
v -19.1101 158.939 -12.28
v -19.1101 157.415 -14.3272
v -19.1101 155.424 -15.9222
v -19.1101 153.093 -16.9613
v -19.1101 67.9515 -42.5038
v -19.1101 62.767 -43.7884
v -19.1101 52.1474 -44.8233
v -19.1101 57.4823 -44.564
v -19.1101 0.219636 -44.8233
v -19.1101 -45.9589 -40.9751
v -19.1101 -72.7667 -34.9535
v -19.1101 -64.028 -37.78
v -19.1101 -55.0669 -39.7929
v -19.1101 -93.2916 -27.2566
v -19.1101 -95.4365 -26.14
v -19.1101 -97.2506 -24.5413
v -19.1101 -98.628 -22.5537
v -19.1101 -99.488 -20.2937
v -19.1101 -99.7804 -17.8933
v -19.1101 -99.7804 -2.50832
v -19.1101 -99.4396 0.0798724
v -19.1101 -98.4406 2.49168
v -19.1101 -96.8514 4.56275
v -19.1101 -94.7804 6.15194
v -19.1101 -92.3686 7.15094
v -19.1101 -89.7804 7.49168
v -19.1101 60.2196 7.49168
v -19.1101 150.451 5.4028
v -19.1101 152.994 5.01302
v -19.1101 155.353 3.98755
v -19.1101 157.372 2.39424
v -19.1101 158.918 0.338516
v -19.1101 159.889 -2.04361
v 4.03239 155 -1.01062
v 7.47758 155 -0.609083
v 3.80163 155 6.43546
v 16.1533 155 -0.827578
v 13 155 -7.02964
v 16.1533 155 -10.0296
v 2.69258 155 -7.02964
v -2.69258 155 -7.02964
v -13 155 -7.02964
v -7.47758 155 -0.609083
v 0.795847 155 7.42801
v 2.3517 155 7.09212
v -3.80163 155 6.43546
v -2.3517 155 7.09212
v -0.795847 155 7.42801
v -4.03239 155 -1.01062
v -7.15927 155 -2.26457
v -3.6794 155 -1.94915
v -3.11161 155 -2.77562
v -6.47924 155 -3.80714
v -2.36216 155 -3.44179
v -5.47186 155 -5.15885
v -1.47481 155 -3.90875
v -4.18802 155 -6.25142
v -0.501359 155 -4.14925
v 0.501359 155 -4.14925
v 4.18802 155 -6.25142
v 1.47481 155 -3.90875
v 5.47186 155 -5.15885
v 2.36216 155 -3.44179
v 6.47924 155 -3.80714
v 3.11161 155 -2.77562
v 7.15927 155 -2.26457
v 3.6794 155 -1.94915
v -10.5102 130 2.49068
v -5.60046 141.366 5.37771
v -5.22833 142.686 5.59653
v -4.62196 143.917 5.95309
v -10.5102 110 2.49068
v -5.60046 98.634 5.37771
v -5.22833 97.3137 5.59653
v -4.62196 96.0833 5.95309
v -3.80163 94.9839 6.43546
v -8.79369 110 3.50002
v -5.72591 100 5.30394
v -5.60046 101.366 5.37771
v -5.22833 102.686 5.59653
v -5.22833 137.314 5.59653
v -8.79369 130 3.50002
v -5.60046 138.634 5.37771
v -5.72591 140 5.30394
v -4.62196 136.083 5.95309
v -4.62196 103.917 5.95309
v -3.80163 134.984 6.43546
v -3.80163 105.016 6.43546
v -3.80163 145.016 6.43546
v -3.85698 130 -10.0296
v 3.85454 130 -10.0296
v -3.85698 110 -10.0296
v 3.85454 110 -10.0296
v 6.03984 110 -10.0296
v 6.03984 130 -10.0296
v -6.04228 130 -10.0296
v -6.04228 110 -10.0296
v 5.14448 110 -7.02964
v 5.14448 130 -7.02964
v 10.5081 130 2.49192
v 9.17572 130 -2.48573
v 10.5081 110 2.49192
v 9.17572 110 -2.48573
v 9.15554 130 -2.55994
v 9.15554 110 -2.55994
v 9.16233 130 -2.53522
v 9.16233 110 -2.53522
v 9.16906 130 -2.51049
v 9.16906 110 -2.51049
v 8.7916 110 3.50125
v 7.58751 110 -0.73689
v 8.7916 130 3.50125
v 7.58751 130 -0.73689
v 7.32978 130 -7.02964
v 7.32978 110 -7.02964
v -7.58934 130 -0.739021
v -7.58934 110 -0.739021
v -7.33221 110 -7.02964
v -7.33221 130 -7.02964
v -5.14692 130 -7.02964
v -5.14692 110 -7.02964
v -9.17816 110 -2.48573
v -9.17131 110 -2.5112
v -9.16438 110 -2.53665
v -9.15738 110 -2.56208
v -9.17816 130 -2.48573
v -9.15738 130 -2.56208
v -9.16438 130 -2.53665
v -9.17131 130 -2.5112
v 0.897608 96.0826 10.4704
v 1.32656 96.1844 10.1429
v 1.74865 96.4025 10.4704
v 1.9266 96.4535 9.82809
v 2.41136 96.8085 9.99821
v 2.43485 96.7865 9.46964
v 2.97372 97.3247 9.45252
v 2.84533 97.0359 8.68814
v 2.37087 96.6235 9.05732
v 2.346 96.4207 8.65865
v 1.81831 96.0847 8.94509
v 1.82083 95.8257 8.53778
v 1.21858 95.5545 8.75112
v 1.24663 95.2096 8.33835
v 0.638842 95.0356 8.45412
v 0.6668 94.6748 8.13597
v 0.202269 94.6113 8.1712
v 0.215355 94.2019 7.90473
v -0.276962 94.207 7.90227
v -0.299381 93.7654 7.69523
v -0.831184 93.8626 7.65235
v -0.904088 93.4117 7.50329
v -1.47088 93.6266 7.41062
v -1.62272 92.8883 7.29221
v -2.12472 93.1781 7.16308
v -2.01952 93.9399 7.27666
v -2.54154 94.3461 7.1056
v -1.8793 94.3286 7.4465
v -2.38255 94.6943 7.28619
v -1.76328 94.7004 7.66539
v -2.24984 95.0289 7.5088
v -1.67322 95.0493 7.92955
v -2.14523 95.3451 7.76999
v -1.61056 95.3697 8.23456
v -2.07022 95.6383 8.06587
v -1.57368 95.6996 8.635
v -2.02182 95.9448 8.44867
v -1.57516 95.9653 9.05459
v -2.01531 96.1973 8.84556
v -1.61258 96.1771 9.50217
v -2.04783 96.4058 9.26598
v -1.68521 96.3308 9.96878
v -2.11879 96.5667 9.70237
v -1.74865 96.4025 10.4704
v -2.41098 96.8082 9.99811
v 0.00218083 95.9641 10.4704
v 0.212207 95.9632 10.42
v 0.695159 96.0185 10.3488
v 0.653794 95.8861 9.83159
v 1.25992 96.0388 9.65421
v 0.630161 95.6776 9.33896
v 1.22366 95.8273 9.18696
v 0.62481 95.3977 8.88235
v -0.273332 95.9669 10.4158
v -0.895277 96.082 10.4704
v -0.755653 96.0298 10.3346
v -1.22849 96.1513 10.183
v -1.16488 96.0079 9.689
v -2.97372 97.3247 9.45252
v -2.84533 97.0359 8.68814
v -2.86944 96.6324 7.96646
v -3.0447 96.1369 7.32777
v -3.36132 95.577 6.80776
v -3.03429 93.9629 6.82884
v -1.09652 92.6752 7.3892
v -0.553128 92.5441 7.44984
v -0.326853 93.2995 7.55197
v -0.000103599 92.5003 7.4701
v 0.253789 93.2931 7.55468
v 0.552805 92.545 7.44917
v 0.831635 93.3919 7.51198
v 1.0968 92.6752 7.38924
v 1.62323 92.8879 7.29259
v 1.58855 93.6846 7.38576
v 2.1245 93.178 7.163
v 2.31004 94.152 7.1869
v 3.0348 93.9636 6.82893
v 2.92268 94.7206 6.95337
v 3.80163 94.9839 6.43546
v 3.36132 95.577 6.80776
v 3.0447 96.1369 7.32777
v 2.61373 95.3385 7.36596
v 2.75489 95.0351 7.1414
v 2.86944 96.6324 7.96646
v 2.41799 95.8963 7.91191
v 2.50094 95.6269 7.62396
v 2.03239 94.8707 7.58393
v 2.15842 94.5189 7.36282
v 1.4701 94.1019 7.54665
v 2.36066 96.1815 8.28013
v 1.86402 95.508 8.14683
v 1.93376 95.2021 7.84665
v 1.29771 94.871 8.02733
v 1.37263 94.4996 7.76184
v 0.708799 94.2755 7.86959
v 0.764064 93.8452 7.66016
v 0.232631 93.7597 7.69777
v 1.85379 96.2953 9.37792
v 0.198956 95.8365 9.8921
v -0.256011 95.8401 9.88835
v -0.711329 95.8964 9.81937
v 0.191294 95.6299 9.38999
v -0.245954 95.6334 9.38668
v -0.686101 95.6877 9.32849
v -1.12994 95.7968 9.21701
v 0.189401 95.348 8.92568
v -0.243405 95.3518 8.92273
v -0.680553 95.4082 8.87331
v -1.12445 95.5224 8.77727
v 0.19362 94.98 8.49182
v -0.248809 94.9841 8.48916
v -0.695874 95.0473 8.44615
v -1.15024 95.1741 8.36157
v -0.259997 94.6159 8.16868
v -0.771527 94.2906 7.86217
v -1.35957 94.0506 7.56924
v -0.726145 94.688 8.12849
v -1.19789 94.8312 8.04916
v -1.26807 94.4545 7.78344
v -3.41123 102.089 8.97014
v -2.97372 102.675 9.45252
v -3.36631 102.327 8.23347
v -2.84533 102.964 8.68814
v -3.47015 102.642 7.53294
v -2.86944 103.368 7.96646
v -3.58421 102.837 7.18758
v -3.0447 103.863 7.32777
v -3.8656 103.199 6.66124
v -3.36132 104.423 6.80776
v -4.24757 103.589 6.22673
v -4.82161 102.465 5.8849
v -4.39542 102.202 6.32881
v -4.06458 101.956 6.85632
v -3.91923 101.823 7.19916
v -3.75337 101.603 7.89019
v -3.73463 101.433 8.61358
v -3.9331 100.729 8.39476
v -3.9923 100.817 7.67906
v -4.07344 100 7.60753
v -4.29087 100 6.92398
v -4.19631 99.0702 6.99386
v -4.46186 100 6.58315
v -4.36081 99.0025 6.65253
v -4.72163 98.8781 6.12434
v -4.06498 98.0441 6.85607
v -4.39583 97.7982 6.32856
v -3.58418 97.1633 7.1876
v -3.86556 96.8015 6.66126
v -4.24754 96.4111 6.22675
v -4.82202 97.5346 5.88465
v -5.17439 98.7453 5.67487
v -5.29439 100 5.60344
v -4.83276 100 6.05474
v -4.36114 100.998 6.65232
v -4.19663 100.93 6.99365
v -5.17473 101.255 5.67466
v -4.72197 101.122 6.12413
v -3.47012 97.3575 7.53296
v -3.91961 98.1772 7.19891
v -3.36628 97.6734 8.23349
v -3.75369 98.3968 7.88995
v -3.99203 99.1826 7.67926
v -4 100 8.321
v -3.98324 100.366 8.33948
v -3.41123 97.9111 8.97014
v -3.73463 98.5673 8.61358
v -3.9331 99.2715 8.39476
v -3.98324 99.6342 8.33948
v -0.897608 103.917 10.4704
v -1.32655 103.816 10.1429
v -1.74865 103.598 10.4704
v -1.9266 103.546 9.8281
v -2.41136 103.191 9.99821
v -2.43485 103.214 9.46964
v -2.37086 103.377 9.05732
v -2.34599 103.579 8.65866
v -1.8183 103.915 8.94509
v -1.82082 104.174 8.53779
v -1.21857 104.446 8.75112
v -1.24662 104.79 8.33835
v -0.638828 104.964 8.45412
v -0.666785 105.325 8.13597
v -0.202256 105.389 8.1712
v -0.215341 105.798 7.90473
v 0.276974 105.793 7.90227
v 0.299394 106.235 7.69523
v 0.831195 106.137 7.65235
v 0.904099 106.588 7.50329
v 1.47089 106.373 7.41062
v 1.62272 107.112 7.29221
v 2.12472 106.822 7.16308
v 2.01953 106.06 7.27666
v 2.54155 105.654 7.1056
v 1.8793 105.671 7.4465
v 2.38255 105.306 7.28619
v 1.76328 105.3 7.66539
v 2.24985 104.971 7.5088
v 1.67322 104.951 7.92954
v 2.14524 104.655 7.76999
v 1.61056 104.63 8.23456
v 2.07022 104.362 8.06587
v 1.57369 104.3 8.635
v 2.02183 104.055 8.44867
v 1.57516 104.035 9.05459
v 2.01531 103.803 8.84556
v 1.61259 103.823 9.50216
v 2.04784 103.594 9.26598
v 1.68521 103.669 9.96878
v 2.1188 103.433 9.70237
v 1.74865 103.598 10.4704
v 2.41098 103.192 9.99811
v -0.00218083 104.036 10.4704
v -0.212193 104.037 10.42
v -0.695144 103.981 10.3488
v -0.65378 104.114 9.8316
v -1.25991 103.961 9.65421
v -0.630147 104.322 9.33897
v -1.22365 104.173 9.18697
v -0.624796 104.602 8.88235
v 0.273344 104.033 10.4158
v 0.895277 103.918 10.4704
v 0.755662 103.97 10.3346
v 1.2285 103.849 10.183
v 1.16489 103.992 9.68899
v 2.97372 102.675 9.45252
v 2.84533 102.964 8.68814
v 2.86944 103.368 7.96646
v 3.0447 103.863 7.32777
v 3.36132 104.423 6.80776
v 3.80163 105.016 6.43546
v 3.03429 106.037 6.82884
v 1.09652 107.325 7.3892
v 0.553128 107.456 7.44984
v 0.326867 106.701 7.55197
v 0.000103614 107.5 7.4701
v -0.253773 106.707 7.55468
v -0.552805 107.455 7.44917
v -0.831616 106.608 7.51198
v -1.0968 107.325 7.38924
v -1.62323 107.112 7.29259
v -1.58854 106.315 7.38577
v -2.1245 106.822 7.163
v -2.31003 105.848 7.1869
v -3.0348 106.036 6.82893
v -2.92268 105.279 6.95338
v -2.61372 104.661 7.36596
v -2.75489 104.965 7.1414
v -2.41799 104.104 7.91192
v -2.50093 104.373 7.62396
v -2.03238 105.129 7.58394
v -2.15841 105.481 7.36282
v -1.47008 105.898 7.54665
v -2.36065 103.818 8.28014
v -1.86401 104.492 8.14683
v -1.93375 104.798 7.84665
v -1.2977 105.129 8.02733
v -1.37261 105.5 7.76185
v -0.708783 105.725 7.86959
v -0.764047 106.155 7.66016
v -0.232616 106.24 7.69777
v -1.85378 103.705 9.37792
v -0.198943 104.163 9.8921
v 0.256021 104.16 9.88835
v 0.711339 104.104 9.81937
v -0.191281 104.37 9.38999
v 0.245964 104.367 9.38668
v 0.68611 104.312 9.32849
v 1.12995 104.203 9.21701
v -0.189388 104.652 8.92568
v 0.243415 104.648 8.92273
v 0.680562 104.592 8.87331
v 1.12445 104.478 8.77727
v -0.193607 105.02 8.49182
v 0.24882 105.016 8.48916
v 0.695883 104.953 8.44615
v 1.15024 104.826 8.36157
v 0.260008 105.384 8.16868
v 0.771537 105.709 7.86217
v 1.35957 105.949 7.56923
v 0.726155 105.312 8.12849
v 1.1979 105.169 8.04916
v 1.26808 105.545 7.78344
v 3.41123 97.9111 8.97014
v 3.37804 97.6907 8.2227
v 3.73463 98.5673 8.61358
v 3.76931 98.4358 7.87578
v 3.95589 99.0177 7.7109
v 3.93792 98.2214 7.18482
v 4.15453 98.8826 7.02434
v 4.08432 98.0918 6.84274
v 4.31587 98.8014 6.68343
v 4.41722 97.852 6.3151
v 4.67221 98.6518 6.15527
v 4.84528 97.5949 5.87077
v 5.12105 98.4918 5.70659
v 5.22833 97.3137 5.59653
v 5.60046 98.634 5.37771
v 3.48392 97.3769 7.52217
v 3.59875 97.1846 7.17754
v 3.8817 96.8255 6.6511
v 4.26511 96.4383 6.21625
v 4.62196 96.0833 5.95309
v 5.26912 99.4181 5.61845
v 5.72591 100 5.30394
v 5.28473 100.356 5.60915
v 5.60046 101.366 5.37771
v 5.16835 101.287 5.67843
v 5.22833 102.686 5.59653
v 4.92362 102.192 5.82413
v 4.55425 103.055 6.04406
v 4.14845 102.726 6.48368
v 3.69906 103.436 6.76578
v 3.43337 103.046 7.2918
v 4.62196 103.917 5.95309
v 4.06695 103.858 6.33426
v 3.32935 102.837 7.63731
v 3.24476 102.499 8.34121
v 3.41123 102.089 8.97014
v 3.57286 101.984 8.0498
v 3.73463 101.433 8.61358
v 3.8223 101.426 7.82894
v 3.9331 100.729 8.39476
v 3.98791 100.838 7.68262
v 3.98324 100.366 8.33948
v 4.06684 100.232 7.61304
v 4 100 8.321
v 4.05628 99.6207 7.62238
v 3.98324 99.6342 8.33948
v 3.9331 99.2715 8.39476
v 4.80929 99.4795 6.0694
v 4.82373 100.318 6.06036
v 4.71597 101.15 6.12785
v 4.48964 101.959 6.2697
v 4.44047 99.5371 6.59784
v 4.45357 100.283 6.58882
v 4.35561 101.023 6.6561
v 4.15007 101.74 6.79749
v 3.84052 102.42 7.01073
v 4.27114 99.5684 6.93813
v 4.28339 100.264 6.92905
v 4.19172 100.954 6.99681
v 3.99943 101.622 7.13924
v 3.70994 102.255 7.35408
v 2.57982 103.057 10.4704
v 3.25247 102.328 10.4704
v 3.72527 101.457 10.4704
v 3.96916 100.496 10.4704
v 3.96916 99.5042 10.4704
v 3.72527 98.5432 10.4704
v 3.25247 97.6716 10.4704
v 2.57982 96.9431 10.4704
v -2.57982 103.057 10.4704
v -3.25247 102.328 10.4704
v -3.72527 101.457 10.4704
v -3.96916 100.496 10.4704
v -3.96916 99.5042 10.4704
v -3.72527 98.5432 10.4704
v -3.25247 97.6716 10.4704
v -2.57982 96.9431 10.4704
v 5.22833 137.314 5.59653
v 5.60046 141.366 5.37771
v 5.72591 140 5.30394
v 5.60046 138.634 5.37771
v 3.80163 134.984 6.43546
v 4.62196 136.083 5.95309
v 5.22833 142.686 5.59653
v 4.62196 143.917 5.95309
v 3.80163 145.016 6.43546
v 0.897608 136.083 10.4704
v 1.32656 136.184 10.1429
v 1.74865 136.402 10.4704
v 1.9266 136.454 9.82809
v 2.41136 136.809 9.99821
v 2.43485 136.786 9.46964
v 2.97372 137.325 9.45252
v 2.84533 137.036 8.68814
v 2.37087 136.623 9.05732
v 2.346 136.421 8.65865
v 1.81831 136.085 8.94509
v 1.82083 135.826 8.53778
v 1.21858 135.554 8.75112
v 1.24663 135.21 8.33835
v 0.638842 135.036 8.45412
v 0.6668 134.675 8.13597
v 0.202269 134.611 8.1712
v 0.215355 134.202 7.90473
v -0.276962 134.207 7.90227
v -0.299381 133.765 7.69523
v -0.831184 133.863 7.65235
v -0.904088 133.412 7.50329
v -1.47088 133.627 7.41062
v -1.62272 132.888 7.29221
v -2.12472 133.178 7.16308
v -2.01952 133.94 7.27666
v -2.54154 134.346 7.1056
v -1.8793 134.329 7.4465
v -2.38255 134.694 7.28619
v -1.76328 134.7 7.66539
v -2.24984 135.029 7.5088
v -1.67322 135.049 7.92955
v -2.14523 135.345 7.76999
v -1.61056 135.37 8.23456
v -2.07022 135.638 8.06587
v -1.57368 135.7 8.635
v -2.02182 135.945 8.44867
v -1.57516 135.965 9.05459
v -2.01531 136.197 8.84556
v -1.61258 136.177 9.50217
v -2.04783 136.406 9.26598
v -1.68521 136.331 9.96878
v -2.11879 136.567 9.70237
v -1.74865 136.402 10.4704
v -2.41098 136.808 9.99811
v 0.00218083 135.964 10.4704
v 0.212207 135.963 10.42
v 0.695159 136.019 10.3488
v 0.653794 135.886 9.83159
v 1.25992 136.039 9.65421
v 0.630161 135.678 9.33896
v 1.22366 135.827 9.18696
v 0.62481 135.398 8.88235
v -0.273332 135.967 10.4158
v -0.895277 136.082 10.4704
v -0.755653 136.03 10.3346
v -1.22849 136.151 10.183
v -1.16488 136.008 9.689
v -2.97372 137.325 9.45252
v -2.84533 137.036 8.68814
v -2.86944 136.632 7.96646
v -3.0447 136.137 7.32777
v -3.36132 135.577 6.80776
v -3.03429 133.963 6.82884
v -1.09652 132.675 7.3892
v -0.553128 132.544 7.44984
v -0.326853 133.299 7.55197
v -0.000103599 132.5 7.4701
v 0.253789 133.293 7.55468
v 0.552805 132.545 7.44917
v 0.831635 133.392 7.51198
v 1.0968 132.675 7.38924
v 1.62323 132.888 7.29259
v 1.58855 133.685 7.38576
v 2.1245 133.178 7.163
v 2.31004 134.152 7.1869
v 3.0348 133.964 6.82893
v 2.92268 134.721 6.95337
v 3.36132 135.577 6.80776
v 3.0447 136.137 7.32777
v 2.61373 135.339 7.36596
v 2.75489 135.035 7.1414
v 2.86944 136.632 7.96646
v 2.41799 135.896 7.91191
v 2.50094 135.627 7.62396
v 2.03239 134.871 7.58393
v 2.15842 134.519 7.36282
v 1.4701 134.102 7.54665
v 2.36066 136.182 8.28013
v 1.86402 135.508 8.14683
v 1.93376 135.202 7.84665
v 1.29771 134.871 8.02733
v 1.37263 134.5 7.76184
v 0.708799 134.275 7.86959
v 0.764064 133.845 7.66016
v 0.232631 133.76 7.69777
v 1.85379 136.295 9.37792
v 0.198956 135.837 9.8921
v -0.256011 135.84 9.88835
v -0.711329 135.896 9.81937
v 0.191294 135.63 9.38999
v -0.245954 135.633 9.38668
v -0.686101 135.688 9.32849
v -1.12994 135.797 9.21701
v 0.189401 135.348 8.92568
v -0.243405 135.352 8.92273
v -0.680553 135.408 8.87331
v -1.12445 135.522 8.77727
v 0.19362 134.98 8.49182
v -0.248809 134.984 8.48916
v -0.695874 135.047 8.44615
v -1.15024 135.174 8.36157
v -0.259997 134.616 8.16868
v -0.771527 134.291 7.86217
v -1.35957 134.051 7.56924
v -0.726145 134.688 8.12849
v -1.19789 134.831 8.04916
v -1.26807 134.454 7.78344
v -3.41123 142.089 8.97014
v -2.97372 142.675 9.45252
v -3.36631 142.327 8.23347
v -2.84533 142.964 8.68814
v -3.47015 142.642 7.53294
v -2.86944 143.368 7.96646
v -3.58421 142.837 7.18758
v -3.0447 143.863 7.32777
v -3.8656 143.199 6.66124
v -3.36132 144.423 6.80776
v -4.24757 143.589 6.22673
v -4.82161 142.465 5.8849
v -4.39542 142.202 6.32881
v -4.06458 141.956 6.85632
v -3.91923 141.823 7.19916
v -3.75337 141.603 7.89019
v -3.73463 141.433 8.61358
v -3.9331 140.729 8.39476
v -3.9923 140.817 7.67906
v -4.07344 140 7.60753
v -4.29087 140 6.92398
v -4.19631 139.07 6.99386
v -4.46186 140 6.58315
v -4.36081 139.003 6.65253
v -4.72163 138.878 6.12434
v -4.06498 138.044 6.85607
v -4.39583 137.798 6.32856
v -3.58418 137.163 7.1876
v -3.86556 136.801 6.66126
v -4.24754 136.411 6.22675
v -4.82202 137.535 5.88465
v -5.17439 138.745 5.67487
v -5.29439 140 5.60344
v -4.83276 140 6.05474
v -4.36114 140.998 6.65232
v -4.19663 140.93 6.99365
v -5.17473 141.255 5.67466
v -4.72197 141.122 6.12413
v -3.47012 137.358 7.53296
v -3.91961 138.177 7.19891
v -3.36628 137.673 8.23349
v -3.75369 138.397 7.88995
v -3.99203 139.183 7.67926
v -4 140 8.321
v -3.98324 140.366 8.33948
v -3.41123 137.911 8.97014
v -3.73463 138.567 8.61358
v -3.9331 139.271 8.39476
v -3.98324 139.634 8.33948
v -0.897608 143.917 10.4704
v -1.32656 143.816 10.1429
v -1.74865 143.598 10.4704
v -1.9266 143.546 9.82809
v -2.41136 143.191 9.99821
v -2.43485 143.214 9.46964
v -2.37087 143.377 9.05732
v -2.346 143.579 8.65865
v -1.81831 143.915 8.94509
v -1.82083 144.174 8.53778
v -1.21858 144.446 8.75112
v -1.24663 144.79 8.33835
v -0.638842 144.964 8.45412
v -0.6668 145.325 8.13597
v -0.202269 145.389 8.1712
v -0.215355 145.798 7.90473
v 0.276962 145.793 7.90227
v 0.299381 146.235 7.69523
v 0.831184 146.137 7.65235
v 0.904088 146.588 7.50329
v 1.47088 146.373 7.41062
v 1.62272 147.112 7.29221
v 2.12472 146.822 7.16308
v 2.01952 146.06 7.27666
v 2.54154 145.654 7.1056
v 1.8793 145.671 7.4465
v 2.38255 145.306 7.28619
v 1.76328 145.3 7.66539
v 2.24984 144.971 7.5088
v 1.67322 144.951 7.92955
v 2.14523 144.655 7.76999
v 1.61056 144.63 8.23456
v 2.07022 144.362 8.06587
v 1.57368 144.3 8.635
v 2.02182 144.055 8.44867
v 1.57516 144.035 9.05459
v 2.01531 143.803 8.84556
v 1.61258 143.823 9.50217
v 2.04783 143.594 9.26598
v 1.68521 143.669 9.96878
v 2.11879 143.433 9.70237
v 1.74865 143.598 10.4704
v 2.41098 143.192 9.99811
v -0.00218083 144.036 10.4704
v -0.212207 144.037 10.42
v -0.695159 143.981 10.3488
v -0.653794 144.114 9.83159
v -1.25992 143.961 9.65421
v -0.630161 144.322 9.33896
v -1.22366 144.173 9.18696
v -0.62481 144.602 8.88235
v 0.273332 144.033 10.4158
v 0.895277 143.918 10.4704
v 0.755653 143.97 10.3346
v 1.22849 143.849 10.183
v 1.16488 143.992 9.689
v 2.97372 142.675 9.45252
v 2.84533 142.964 8.68814
v 2.86944 143.368 7.96646
v 3.0447 143.863 7.32777
v 3.36132 144.423 6.80776
v 3.03429 146.037 6.82884
v 1.09652 147.325 7.3892
v 0.553128 147.456 7.44984
v 0.326853 146.701 7.55197
v 0.0001036 147.5 7.4701
v -0.253789 146.707 7.55468
v -0.552805 147.455 7.44917
v -0.831635 146.608 7.51198
v -1.0968 147.325 7.38924
v -1.62323 147.112 7.29259
v -1.58855 146.315 7.38576
v -2.1245 146.822 7.163
v -2.31004 145.848 7.1869
v -3.0348 146.036 6.82893
v -2.92268 145.279 6.95337
v -2.61373 144.661 7.36596
v -2.75489 144.965 7.1414
v -2.41799 144.104 7.91191
v -2.50094 144.373 7.62396
v -2.03239 145.129 7.58393
v -2.15842 145.481 7.36282
v -1.4701 145.898 7.54665
v -2.36066 143.818 8.28013
v -1.86402 144.492 8.14683
v -1.93376 144.798 7.84665
v -1.29771 145.129 8.02733
v -1.37263 145.5 7.76184
v -0.708799 145.725 7.86959
v -0.764064 146.155 7.66016
v -0.232631 146.24 7.69777
v -1.85379 143.705 9.37792
v -0.198956 144.163 9.8921
v 0.256011 144.16 9.88835
v 0.711329 144.104 9.81937
v -0.191294 144.37 9.38999
v 0.245954 144.367 9.38668
v 0.686101 144.312 9.32849
v 1.12994 144.203 9.21701
v -0.189401 144.652 8.92568
v 0.243405 144.648 8.92273
v 0.680553 144.592 8.87331
v 1.12445 144.478 8.77727
v -0.19362 145.02 8.49182
v 0.248809 145.016 8.48916
v 0.695874 144.953 8.44615
v 1.15024 144.826 8.36157
v 0.259997 145.384 8.16868
v 0.771527 145.709 7.86217
v 1.35957 145.949 7.56924
v 0.726145 145.312 8.12849
v 1.19789 145.169 8.04916
v 1.26807 145.546 7.78344
v 3.41123 137.911 8.97014
v 3.37804 137.691 8.2227
v 3.73463 138.567 8.61358
v 3.76931 138.436 7.87578
v 3.95589 139.018 7.7109
v 3.93792 138.221 7.18482
v 4.15453 138.883 7.02434
v 4.08432 138.092 6.84274
v 4.31587 138.801 6.68343
v 4.41722 137.852 6.3151
v 4.67221 138.652 6.15527
v 4.84528 137.595 5.87077
v 5.12105 138.492 5.70659
v 3.48392 137.377 7.52217
v 3.59875 137.185 7.17754
v 3.8817 136.826 6.6511
v 4.26511 136.438 6.21625
v 5.26912 139.418 5.61845
v 5.28473 140.356 5.60915
v 5.16835 141.287 5.67843
v 4.92362 142.192 5.82413
v 4.55425 143.055 6.04406
v 4.14845 142.726 6.48368
v 3.69906 143.436 6.76578
v 3.43337 143.046 7.2918
v 4.06695 143.858 6.33426
v 3.32935 142.837 7.63731
v 3.24476 142.499 8.34121
v 3.41123 142.089 8.97014
v 3.57286 141.984 8.0498
v 3.73463 141.433 8.61358
v 3.8223 141.426 7.82894
v 3.9331 140.729 8.39476
v 3.98791 140.838 7.68262
v 3.98324 140.366 8.33948
v 4.06684 140.232 7.61304
v 4 140 8.321
v 4.05628 139.621 7.62238
v 3.98324 139.634 8.33948
v 3.9331 139.271 8.39476
v 4.80929 139.48 6.0694
v 4.82373 140.318 6.06036
v 4.71597 141.15 6.12785
v 4.48964 141.959 6.2697
v 4.44047 139.537 6.59784
v 4.45357 140.283 6.58882
v 4.35561 141.023 6.6561
v 4.15007 141.74 6.79749
v 3.84052 142.42 7.01073
v 4.27114 139.568 6.93813
v 4.28339 140.264 6.92905
v 4.19172 140.954 6.99681
v 3.99943 141.622 7.13924
v 3.70994 142.255 7.35408
v 2.57982 143.057 10.4704
v 3.25247 142.328 10.4704
v 3.72527 141.457 10.4704
v 3.96916 140.496 10.4704
v 3.96916 139.504 10.4704
v 3.72527 138.543 10.4704
v 3.25247 137.672 10.4704
v 2.57982 136.943 10.4704
v -2.57982 143.057 10.4704
v -3.25247 142.328 10.4704
v -3.72527 141.457 10.4704
v -3.96916 140.496 10.4704
v -3.96916 139.504 10.4704
v -3.72527 138.543 10.4704
v -3.25247 137.672 10.4704
v -2.57982 136.943 10.4704
v -2.22163 100.595 10.4704
v -2.3 100 10.4704
v -2.22163 99.4047 10.4704
v -1.99186 98.85 10.4704
v -1.62635 98.3737 10.4704
v -1.15 98.0081 10.4704
v -0.595284 97.7784 10.4704
v 1.40834e-16 97.7 10.4704
v -1.99186 101.15 10.4704
v -1.62635 101.626 10.4704
v -1.15 101.992 10.4704
v -0.595284 102.222 10.4704
v 1.40834e-16 102.3 10.4704
v 0.595284 102.222 10.4704
v 1.15 101.992 10.4704
v 1.62635 101.626 10.4704
v 1.99186 101.15 10.4704
v 2.22163 100.595 10.4704
v 2.3 100 10.4704
v 2.22163 99.4047 10.4704
v 1.99186 98.85 10.4704
v 1.62635 98.3737 10.4704
v 1.15 98.0081 10.4704
v 0.595284 97.7784 10.4704
v -2.22163 140.595 10.4704
v -2.3 140 10.4704
v -2.22163 139.405 10.4704
v -1.99186 138.85 10.4704
v -1.62635 138.374 10.4704
v -1.15 138.008 10.4704
v -0.595284 137.778 10.4704
v 1.40834e-16 137.7 10.4704
v -1.99186 141.15 10.4704
v -1.62635 141.626 10.4704
v -1.15 141.992 10.4704
v -0.595284 142.222 10.4704
v 1.40834e-16 142.3 10.4704
v 0.595284 142.222 10.4704
v 1.15 141.992 10.4704
v 1.62635 141.626 10.4704
v 1.99186 141.15 10.4704
v 2.22163 140.595 10.4704
v 2.3 140 10.4704
v 2.22163 139.405 10.4704
v 1.99186 138.85 10.4704
v 1.62635 138.374 10.4704
v 1.15 138.008 10.4704
v 0.595284 137.778 10.4704
v -2.22163 139.405 4.47036
v -2.3 140 4.47036
v -2.22163 140.595 4.47036
v -1.99186 141.15 4.47036
v -1.62635 141.626 4.47036
v -1.15 141.992 4.47036
v -0.595284 142.222 4.47036
v 1.40834e-16 142.3 4.47036
v 0.595284 142.222 4.47036
v 1.15 141.992 4.47036
v 1.62635 141.626 4.47036
v 1.99186 141.15 4.47036
v 2.22163 140.595 4.47036
v 2.3 140 4.47036
v 2.22163 139.405 4.47036
v 1.99186 138.85 4.47036
v 1.62635 138.374 4.47036
v 1.15 138.008 4.47036
v 0.595284 137.778 4.47036
v 1.40834e-16 137.7 4.47036
v -0.595284 137.778 4.47036
v -1.15 138.008 4.47036
v -1.62635 138.374 4.47036
v -1.99186 138.85 4.47036
v -1.44889 140.388 4.47036
v -1.5 140 4.47036
v -1.44889 139.612 4.47036
v -1.29904 139.25 4.47036
v -1.06066 138.939 4.47036
v -0.75 138.701 4.47036
v -0.388229 138.551 4.47036
v -1.01837e-15 138.5 4.47036
v -1.29904 140.75 4.47036
v -1.06066 141.061 4.47036
v -0.75 141.299 4.47036
v -0.388229 141.449 4.47036
v -1.01837e-15 141.5 4.47036
v 0.388229 141.449 4.47036
v 0.75 141.299 4.47036
v 1.06066 141.061 4.47036
v 1.29904 140.75 4.47036
v 1.44889 140.388 4.47036
v 1.5 140 4.47036
v 1.44889 139.612 4.47036
v 1.29904 139.25 4.47036
v 1.06066 138.939 4.47036
v 0.75 138.701 4.47036
v 0.388229 138.551 4.47036
v -2.22163 99.4047 4.47036
v -2.3 100 4.47036
v -2.22163 100.595 4.47036
v -1.99186 101.15 4.47036
v -1.62635 101.626 4.47036
v -1.15 101.992 4.47036
v -0.595284 102.222 4.47036
v 1.40834e-16 102.3 4.47036
v 0.595284 102.222 4.47036
v 1.15 101.992 4.47036
v 1.62635 101.626 4.47036
v 1.99186 101.15 4.47036
v 2.22163 100.595 4.47036
v 2.3 100 4.47036
v 2.22163 99.4047 4.47036
v 1.99186 98.85 4.47036
v 1.62635 98.3737 4.47036
v 1.15 98.0081 4.47036
v 0.595284 97.7784 4.47036
v 1.40834e-16 97.7 4.47036
v -0.595284 97.7784 4.47036
v -1.15 98.0081 4.47036
v -1.62635 98.3737 4.47036
v -1.99186 98.85 4.47036
v -1.44889 100.388 4.47036
v -1.5 100 4.47036
v -1.44889 99.6118 4.47036
v -1.29904 99.25 4.47036
v -1.06066 98.9393 4.47036
v -0.75 98.701 4.47036
v -0.388229 98.5511 4.47036
v -1.01837e-15 98.5 4.47036
v -1.29904 100.75 4.47036
v -1.06066 101.061 4.47036
v -0.75 101.299 4.47036
v -0.388229 101.449 4.47036
v -1.01837e-15 101.5 4.47036
v 0.388229 101.449 4.47036
v 0.75 101.299 4.47036
v 1.06066 101.061 4.47036
v 1.29904 100.75 4.47036
v 1.44889 100.388 4.47036
v 1.5 100 4.47036
v 1.44889 99.6118 4.47036
v 1.29904 99.25 4.47036
v 1.06066 98.9393 4.47036
v 0.75 98.701 4.47036
v 0.388229 98.5511 4.47036
v 1.47123 99.7097 -3.91022
v 1.5 100 -3.89908
v 1.5 100 -6.02964
v 1.47123 100.29 -3.91022
v 1.44889 100.388 -6.02964
v 1.3849 100.576 -3.94175
v 1.29904 100.75 -6.02964
v 1.24371 100.838 -3.98882
v 1.06066 101.061 -6.02964
v 1.06092 101.06 -4.04175
v 0.838412 101.243 -4.09396
v 0.75 101.299 -6.02964
v 0.576583 101.385 -4.1394
v 0.388229 101.449 -6.02964
v 0.2904 101.471 -4.16923
v -1.01837e-15 101.5 -6.02964
v -1.00614e-15 101.5 -4.17964
v -0.2904 101.471 -4.16923
v -0.388229 101.449 -6.02964
v -0.576583 101.385 -4.1394
v -0.75 101.299 -6.02964
v -0.838412 101.243 -4.09396
v -1.06066 101.061 -6.02964
v -1.06092 101.06 -4.04175
v -1.24371 100.838 -3.98882
v -1.29904 100.75 -6.02964
v -1.3849 100.576 -3.94175
v -1.44889 100.388 -6.02964
v -1.47123 100.29 -3.91022
v -1.5 100 -6.02964
v -1.5 100 -3.89908
v -1.47123 99.7097 -3.91022
v -1.44889 99.6118 -6.02964
v -1.3849 99.4238 -3.94175
v -1.29904 99.25 -6.02964
v -1.24371 99.1621 -3.98882
v -1.06066 98.9393 -6.02964
v -1.06092 98.9396 -4.04175
v -0.838412 98.7567 -4.09396
v -0.75 98.701 -6.02964
v -0.576583 98.6152 -4.1394
v -0.388229 98.5511 -6.02964
v -0.2904 98.5288 -4.16923
v -1.01837e-15 98.5 -6.02964
v -1.1507e-15 98.5 -4.17964
v 0.2904 98.5288 -4.16923
v 0.388229 98.5511 -6.02964
v 0.576583 98.6152 -4.1394
v 0.75 98.701 -6.02964
v 0.838412 98.7567 -4.09396
v 1.06066 98.9393 -6.02964
v 1.06092 98.9396 -4.04175
v 1.24371 99.1621 -3.98882
v 1.29904 99.25 -6.02964
v 1.3849 99.4238 -3.94175
v 1.44889 99.6118 -6.02964
v 1.47123 139.71 -3.91022
v 1.5 140 -3.89908
v 1.5 140 -6.02964
v 1.47123 140.29 -3.91022
v 1.44889 140.388 -6.02964
v 1.3849 140.576 -3.94175
v 1.29904 140.75 -6.02964
v 1.24371 140.838 -3.98882
v 1.06066 141.061 -6.02964
v 1.06092 141.06 -4.04175
v 0.838412 141.243 -4.09396
v 0.75 141.299 -6.02964
v 0.576583 141.385 -4.1394
v 0.388229 141.449 -6.02964
v 0.2904 141.471 -4.16923
v -1.01837e-15 141.5 -6.02964
v -1.00614e-15 141.5 -4.17964
v -0.2904 141.471 -4.16923
v -0.388229 141.449 -6.02964
v -0.576583 141.385 -4.1394
v -0.75 141.299 -6.02964
v -0.838412 141.243 -4.09396
v -1.06066 141.061 -6.02964
v -1.06092 141.06 -4.04175
v -1.24371 140.838 -3.98882
v -1.29904 140.75 -6.02964
v -1.3849 140.576 -3.94175
v -1.44889 140.388 -6.02964
v -1.47123 140.29 -3.91022
v -1.5 140 -6.02964
v -1.5 140 -3.89908
v -1.47123 139.71 -3.91022
v -1.44889 139.612 -6.02964
v -1.3849 139.424 -3.94175
v -1.29904 139.25 -6.02964
v -1.24371 139.162 -3.98882
v -1.06066 138.939 -6.02964
v -1.06092 138.94 -4.04175
v -0.838412 138.757 -4.09396
v -0.75 138.701 -6.02964
v -0.576583 138.615 -4.1394
v -0.388229 138.551 -6.02964
v -0.2904 138.529 -4.16923
v -1.01837e-15 138.5 -6.02964
v -1.1507e-15 138.5 -4.17964
v 0.2904 138.529 -4.16923
v 0.388229 138.551 -6.02964
v 0.576583 138.615 -4.1394
v 0.75 138.701 -6.02964
v 0.838412 138.757 -4.09396
v 1.06066 138.939 -6.02964
v 1.06092 138.94 -4.04175
v 1.24371 139.162 -3.98882
v 1.29904 139.25 -6.02964
v 1.3849 139.424 -3.94175
v 1.44889 139.612 -6.02964
v -7.15927 120 -2.26457
v -6.47924 120 -3.80714
v -5.47186 120 -5.15885
v -4.18802 120 -6.25142
v 4.18802 120 -6.25142
v 5.47186 120 -5.15885
v 6.47924 120 -3.80714
v 7.15927 120 -2.26457
v -4.15 131.667 -0.0296447
v -4.15 108.333 -0.0296447
v -4.00859 108.333 -1.10374
v -3.59401 108.333 -2.10464
v -2.93449 108.333 -2.96414
v -2.075 108.333 -3.62365
v -1.5 108.333 -3.89908
v 2.075 108.333 -3.62365
v 1.0741 108.333 -4.03824
v 2.075 131.667 -3.62365
v 1.0741 131.667 -4.03824
v 2.93449 108.333 -2.96414
v 2.93449 131.667 -2.96414
v 3.59401 131.667 -2.10464
v 4.00859 131.667 -1.10374
v 4.15 131.667 -0.0296447
v 4.15 108.333 -0.0296447
v 4.00859 108.333 -1.10374
v 3.59401 108.333 -2.10464
v -2.93449 131.667 -2.96414
v -2.075 131.667 -3.62365
v -1.5 131.667 -3.89908
v -1.0741 131.667 -4.03824
v -8.56109e-16 131.667 -4.17964
v -3.59401 131.667 -2.10464
v -4.00859 131.667 -1.10374
v -1.0741 108.333 -4.03824
v -8.56109e-16 108.333 -4.17964
v -50 235 7.23815
v -15 265 7.36033
v -15 235 7.23815
v 15 280 7.42141
v 50 280 7.42141
v 50 250 7.29924
v -50 280 7.42141
v -15 280 7.42141
v -50 250 7.29924
v 50 235 7.23815
v 15 235 7.23815
v 15 265 7.36033
v -0.586918 310.957 7.54749
v -762 361.227 7.75221
v 4.89859e-16 311 7.54766
v 762 361.227 7.75221
v 0.780377 310.923 7.54735
v 60 299.297 7.5
v 1.53076 310.695 7.54642
v 2.22232 310.326 7.54492
v 2.82847 309.828 7.54289
v 3.32592 309.222 7.54042
v 3.69555 308.531 7.53761
v 3.92316 307.78 7.53455
v 4 307 7.53137
v 3.95669 306.413 7.52898
v 3.82773 305.839 7.52664
v 3.61591 305.29 7.52441
v 3.32582 304.778 7.52232
v 2.96373 304.314 7.52043
v 36.9848 299.297 7.5
v 2.53749 303.908 7.51878
v 2.05633 303.569 7.5174
v 1.53065 303.304 7.51632
v 0.971832 303.12 7.51557
v 15 299.297 7.5
v 0.391981 303.019 7.51516
v -0.196354 303.005 7.5151
v -15 299.297 7.5
v -0.78044 303.077 7.5154
v -36.9848 299.297 7.5
v -1.34763 303.234 7.51603
v -1.88565 303.472 7.51701
v -2.38285 303.787 7.51829
v -2.82847 304.172 7.51985
v -60 299.297 7.5
v -3.21287 304.617 7.52167
v -3.52771 305.114 7.52369
v -3.76619 305.652 7.52588
v -3.92315 306.22 7.52819
v -3.99518 306.804 7.53057
v -3.98074 307.392 7.53297
v -3.88012 307.972 7.53533
v -3.69551 308.531 7.53761
v -3.4309 309.056 7.53975
v -3.09203 309.538 7.54171
v -2.68622 309.964 7.54344
v -2.22227 310.326 7.54492
v -1.71021 310.616 7.5461
v -1.16113 310.828 7.54696
v 50 290 7.46214
v 15 290 7.46214
v -15 290 7.46214
v -50 290 7.46214
v -762 203.016 7.10789
v -60 225 7.19743
v 60 225 7.19743
v 762 203.016 7.10789
v -762 254.395 11.0964
v -762 208.291 11.0964
v -762 200 11.0964
v -762 227.255 25.4325
v -762 225.145 30.1058
v -762 254.395 30.9527
v -762 253.892 35.9527
v -762 289.323 30.9527
v -762 290 35.9527
v -762 380 11.0964
v -762 259.395 16.0964
v -762 284.323 16.0964
v -762 289.323 11.0964
v -762 284.323 25.9527
v -762 259.395 25.9527
v -762 361.219 11.0964
v -762 378.669 6.27681
v 762 284.323 16.0964
v 762 284.323 25.9527
v 762 259.395 25.9527
v 762 259.395 16.0964
v 762 254.395 11.0964
v 762 254.395 30.9527
v 762 227.255 25.4325
v 762 208.291 11.0964
v 762 289.323 11.0964
v 762 361.219 11.0964
v 762 200 11.0964
v 762 225.145 30.1058
v 762 253.892 35.9527
v 762 290 35.9527
v 762 380 11.0964
v 762 378.669 6.27681
v 762 289.323 30.9527
v -50 290 3.25493
v -15 290 3.25493
v -15 315 3.25493
v -15 315 7.5
v 15 290 3.25493
v 15 315 3.25493
v 15 315 7.5
v 50 290 3.25493
v 15 265 3.25493
v 15 235 3.25493
v -15 280 3.25493
v -50 250 3.25493
v 50 280 3.25493
v 50 250 3.25493
v -15 265 3.25493
v -15 235 3.25493
v 56.7905 325 -0.258818
v 56.7905 300 -0.258818
v 55.625 325 -0.551198
v 56.7905 275 -0.258818
v 55.625 225 -0.551198
v 56.7905 250 -0.258818
v 56.7905 225 -0.258818
v 57.8526 225 0.303201
v 57.8526 250 0.303201
v 58.75 225 1.1024
v 58.75 250 1.1024
v 59.4308 225 2.09261
v 59.4308 250 2.09261
v 59.8556 225 3.21665
v 59.8556 250 3.21665
v 60 225 4.40959
v 59.8556 275 3.21665
v 60 325 4.40959
v 59.8556 300 3.21665
v 59.8556 325 3.21665
v 59.4308 325 2.09261
v 59.4308 300 2.09261
v 58.75 325 1.1024
v 58.75 300 1.1024
v 57.8526 325 0.303201
v 57.8526 300 0.303201
v 57.8526 275 0.303201
v 58.75 275 1.1024
v 59.4308 275 2.09261
v 50 280 -1.25988
v 50 290 -1.25988
v 15 315 -5.66947
v 0.9375 225 -7.44118
v 15 235 -5.66947
v 50 235 -1.25988
v 50 250 -1.25988
v 15 265 -5.66947
v 15 280 -5.66947
v 0.9375 241.171 -7.44118
v 0.9375 305.829 -7.44118
v 0.9375 238.829 -7.44118
v 1.20336 239.104 -7.40768
v 1.39084 239.438 -7.38406
v 1.48774 239.809 -7.37185
v 1.48774 240.191 -7.37185
v 1.39084 240.562 -7.38406
v 1.20336 240.896 -7.40768
v 15 290 -5.66947
v 1.20336 306.104 -7.40768
v 1.39084 306.438 -7.38406
v 1.48774 306.809 -7.37185
v 1.48774 307.191 -7.37185
v 1.39084 307.562 -7.38406
v 0.9375 325 -7.44118
v 1.20336 307.896 -7.40768
v 0.9375 308.171 -7.44118
v 8.85006 225 3.25493
v -60 225 4.40959
v -51.8746 225 3.25493
v -8.85006 225 3.25493
v -8.85006 225 -2.16565
v -55.625 225 -0.551198
v -0.9375 225 -7.44118
v -59.8556 225 3.21665
v -59.4308 225 2.09261
v -58.75 225 1.1024
v -57.8526 225 0.303201
v -56.7905 225 -0.258818
v -0.313228 225 -7.49346
v 0.313228 225 -7.49346
v 8.85006 225 -2.16565
v 51.8746 225 3.25493
v -59.8556 325 3.21665
v -59.8556 300 3.21665
v -60 325 4.40959
v -59.8556 275 3.21665
v -59.8556 250 3.21665
v -59.4308 250 2.09261
v -58.75 250 1.1024
v -57.8526 250 0.303201
v -56.7905 250 -0.258818
v -56.7905 275 -0.258818
v -55.625 325 -0.551198
v -56.7905 300 -0.258818
v -56.7905 325 -0.258818
v -57.8526 325 0.303201
v -57.8526 300 0.303201
v -58.75 325 1.1024
v -58.75 300 1.1024
v -59.4308 325 2.09261
v -59.4308 300 2.09261
v -59.4308 275 2.09261
v -58.75 275 1.1024
v -57.8526 275 0.303201
v -50 280 -1.25988
v -50 250 -1.25988
v -50 235 -1.25988
v -15 265 -5.66947
v -15 280 -5.66947
v -0.9375 241.171 -7.44118
v -0.9375 305.829 -7.44118
v -15 290 -5.66947
v -1.20336 306.104 -7.40768
v -1.39084 306.438 -7.38406
v -1.48774 306.809 -7.37185
v -15 315 -5.66947
v -1.48774 307.191 -7.37185
v -1.39084 307.562 -7.38406
v -0.9375 325 -7.44118
v -1.20336 307.896 -7.40768
v -0.9375 308.171 -7.44118
v -50 290 -1.25988
v -1.20336 240.896 -7.40768
v -1.39084 240.562 -7.38406
v -15 235 -5.66947
v -1.48774 240.191 -7.37185
v -1.48774 239.809 -7.37185
v -1.39084 239.438 -7.38406
v -1.20336 239.104 -7.40768
v -0.9375 238.829 -7.44118
v 6.43249e-16 311 7.5
v 0.780361 310.923 7.5
v 1.53073 310.696 7.5
v 2.22228 310.326 7.5
v 2.82843 309.828 7.5
v 3.32588 309.222 7.5
v 3.69552 308.531 7.5
v 3.92314 307.78 7.5
v 4 307 7.5
v 3.95671 306.413 7.5
v 3.61596 305.29 7.5
v 3.82776 305.839 7.5
v 3.32588 304.778 7.5
v 2.9638 304.314 7.5
v 2.53757 303.908 7.5
v 2.05641 303.569 7.5
v 1.53073 303.304 7.5
v 0.392069 303.019 7.5
v 0.971921 303.12 7.5
v -0.196271 303.005 7.5
v -0.780361 303.077 7.5
v -1.34756 303.234 7.5
v -1.88559 303.472 7.5
v -2.3828 303.787 7.5
v -2.82843 304.172 7.5
v -3.21283 304.617 7.5
v -3.52769 305.114 7.5
v -3.76618 305.652 7.5
v -3.92314 306.22 7.5
v -3.99518 306.804 7.5
v -3.98074 307.392 7.5
v -3.88013 307.972 7.5
v -3.69552 308.531 7.5
v -3.43091 309.056 7.5
v -3.09204 309.538 7.5
v -2.68624 309.964 7.5
v -2.22228 310.326 7.5
v -1.71022 310.616 7.5
v -1.16114 310.828 7.5
v -0.586922 310.957 7.5
v -60 325 7.5
v 60 325 7.5
v -15 290 -1.39084
v -15 315 -1.39084
v -50 290 3.01875
v 50 235 3.25493
v 15 235 -1.39084
v 50 235 3.01875
v 15 265 -1.39084
v -50 280 3.25493
v -50 280 3.01875
v -15 280 -1.39084
v -50 250 3.01875
v 15 290 -1.39084
v 15 315 -1.39084
v 50 290 3.01875
v 15 280 3.25493
v 15 280 -1.39084
v 50 280 3.01875
v 50 250 3.01875
v -50 235 3.25493
v -50 235 3.01875
v -15 265 -1.39084
v -15 235 -1.39084
v -0.727682 305.688 -7.4646
v -0.493906 305.584 -7.48369
v -0.246965 305.521 -7.4958
v 7.9219e-16 305.5 -7.5
v 0.246965 305.521 -7.4958
v 0.493906 305.584 -7.48369
v 0.727682 305.688 -7.4646
v -0.727682 308.312 -7.4646
v -0.493906 308.416 -7.48369
v -0.246965 308.479 -7.4958
v -2.71022e-14 308.5 -7.5
v 0.246965 308.479 -7.4958
v 0.493906 308.416 -7.48369
v 0.727682 308.312 -7.4646
v -0.727682 238.688 -7.4646
v -0.493906 238.584 -7.48369
v -0.246965 238.521 -7.4958
v 8.61579e-16 238.5 -7.5
v 0.246965 238.521 -7.4958
v 0.493906 238.584 -7.48369
v 0.727682 238.688 -7.4646
v -0.727682 241.312 -7.4646
v -0.493906 241.416 -7.48369
v -0.246965 241.479 -7.4958
v 1.34094e-14 241.5 -7.5
v 0.246965 241.479 -7.4958
v 0.493906 241.416 -7.48369
v 0.727682 241.312 -7.4646
v 0.313228 325 -7.49346
v -0.313228 325 -7.49346
v 8.85006 325 3.25493
v 8.85006 325 -2.16565
v 51.8746 325 3.25493
v -8.85006 325 -2.16565
v -8.85006 325 3.25493
v -51.8746 325 3.25493
v 2.5 690.142 108.231
v 2.5 724.67 137.5
v 2.5 770 137.5
v 2.5 770 30
v 2.5 718.549 136.961
v 2.5 712.616 135.359
v 2.5 707.055 132.745
v 2.5 702.038 129.198
v 2.5 697.717 124.829
v 2.5 694.228 119.771
v 2.5 691.676 114.181
v -2.5 770 30
v -2.5 770 137.5
v -2.5 724.67 137.5
v -2.5 690.142 108.231
v -2.5 691.676 114.181
v -2.5 694.228 119.771
v -2.5 697.717 124.829
v -2.5 702.038 129.198
v -2.5 707.055 132.745
v -2.5 712.616 135.359
v -2.5 718.549 136.961
v -25 675 14
v -125.474 709.373 14
v -25 770 14
v -139 728.296 14
v -139 770 14
v -138.387 723.382 14
v -136.585 718.769 14
v -133.706 714.741 14
v -129.925 711.543 14
v -25 770 9
v -139 770 9
v -139 728.296 9
v -125.474 709.373 9
v -138.387 723.382 9
v -136.585 718.769 9
v -133.706 714.741 9
v -129.925 711.543 9
v 25 770 9
v 25 770 14
v 139 770 9
v 139 770 14
v 139 728.296 9
v 139 728.296 14
v 125.474 709.373 14
v 125.474 709.373 9
v 129.925 711.543 14
v 129.925 711.543 9
v 133.706 714.741 14
v 133.706 714.741 9
v 136.585 718.769 14
v 136.585 718.769 9
v 138.387 723.382 14
v 138.387 723.382 9
v 25 675 14
# </points>

# <faces count="17410">
g patch0
f 1 2 3
f 3 2 4
f 5 6 7
f 7 6 8
f 9 10 11
f 11 10 12
f 11 12 13
f 13 12 14
f 13 14 15
f 15 14 16
f 15 16 17
f 17 16 18
f 17 18 19
f 20 21 19
f 19 21 22
f 19 22 17
f 17 22 23
f 17 23 24
f 24 23 25
f 24 25 26
f 26 25 27
f 26 27 28
f 28 27 29
f 28 29 30
f 30 29 31
f 30 31 32
f 32 31 33
f 32 33 34
f 34 33 35
f 34 35 36
f 36 35 37
f 36 37 38
f 38 37 39
f 38 39 40
f 21 20 41
f 41 20 42
f 41 42 43
f 43 42 44
f 43 44 45
f 45 44 46
f 45 46 47
f 47 46 48
f 47 48 49
f 45 47 50
f 50 47 51
f 50 51 52
f 52 51 53
f 52 53 54
f 54 53 55
f 54 55 56
f 56 55 57
f 56 57 58
f 58 57 59
f 58 59 60
f 60 59 61
f 60 61 27
f 27 61 29
f 53 62 55
f 55 62 63
f 55 63 57
f 57 63 64
f 57 64 59
f 59 64 65
f 59 65 61
f 61 65 66
f 61 66 29
f 29 66 31
f 63 62 67
f 67 62 68
f 67 68 69
f 69 68 70
f 69 70 71
f 71 72 69
f 69 72 73
f 69 73 74
f 74 73 75
f 74 75 65
f 65 75 66
f 73 72 76
f 76 72 77
f 76 77 78
f 78 77 79
f 78 79 80
f 80 79 37
f 80 37 35
f 79 81 37
f 37 81 39
f 40 82 38
f 38 82 83
f 38 83 84
f 84 83 85
f 84 85 86
f 86 85 87
f 86 87 88
f 88 87 89
f 88 89 90
f 90 89 91
f 90 91 92
f 92 91 93
f 92 93 94
f 94 93 95
f 94 95 96
f 96 95 97
f 96 97 98
f 98 97 99
f 98 99 100
f 100 99 101
f 101 99 102
f 101 102 103
f 103 102 104
f 104 102 105
f 104 105 106
f 106 105 107
f 106 107 108
f 108 107 109
f 108 109 110
f 110 109 111
f 110 111 112
f 112 111 113
f 112 113 114
f 114 113 115
f 114 115 116
f 116 115 117
f 116 117 118
f 118 117 119
f 118 119 120
f 120 119 121
f 120 121 122
f 122 121 123
f 122 123 124
f 124 123 125
f 124 125 126
f 126 125 127
f 126 127 128
f 128 127 129
f 128 129 130
f 130 129 131
f 130 131 132
f 132 131 133
f 132 133 134
f 134 133 135
f 134 135 136
f 136 135 137
f 136 137 138
f 138 137 139
f 138 139 140
f 140 139 141
f 140 141 142
f 82 143 83
f 83 143 144
f 83 144 145
f 83 145 146
f 146 145 147
f 146 147 148
f 146 148 149
f 149 148 150
f 149 150 151
f 149 151 152
f 152 151 153
f 152 153 154
f 154 153 155
f 154 155 156
f 156 155 157
f 156 157 158
f 158 157 159
f 158 159 160
f 160 159 161
f 160 161 162
f 162 161 163
f 162 163 164
f 164 163 165
f 164 165 166
f 166 165 167
f 166 167 168
f 168 167 169
f 168 169 170
f 170 169 171
f 170 171 111
f 111 171 113
f 155 172 157
f 157 172 173
f 157 173 159
f 159 173 174
f 159 174 175
f 175 174 176
f 175 176 177
f 177 176 178
f 177 178 179
f 179 178 180
f 179 180 181
f 181 180 182
f 181 182 183
f 183 182 184
f 183 184 185
f 185 184 186
f 185 186 187
f 187 186 188
f 187 188 189
f 189 188 190
f 189 190 117
f 117 190 119
f 172 174 173
f 176 191 178
f 178 191 192
f 178 192 180
f 180 192 193
f 180 193 182
f 182 193 194
f 182 194 184
f 184 194 195
f 184 195 186
f 186 195 196
f 186 196 188
f 188 196 197
f 188 197 190
f 190 197 198
f 190 198 119
f 119 198 121
f 191 199 192
f 192 199 200
f 192 200 193
f 193 200 201
f 193 201 194
f 194 201 202
f 194 202 195
f 195 202 203
f 195 203 196
f 196 203 204
f 196 204 197
f 197 204 205
f 197 205 198
f 198 205 206
f 198 206 121
f 121 206 123
f 200 199 207
f 207 199 208
f 207 208 209
f 209 208 210
f 209 210 211
f 211 210 212
f 211 212 213
f 213 212 214
f 213 214 215
f 215 214 216
f 215 216 217
f 217 216 218
f 217 218 219
f 219 218 129
f 219 129 127
f 208 220 210
f 210 220 221
f 210 221 212
f 212 221 222
f 212 222 214
f 214 222 223
f 214 223 216
f 216 223 224
f 216 224 218
f 218 224 131
f 218 131 129
f 220 225 221
f 221 225 226
f 221 226 222
f 222 226 227
f 222 227 223
f 223 227 228
f 223 228 224
f 224 228 133
f 224 133 131
f 225 229 226
f 226 229 230
f 226 230 227
f 227 230 231
f 227 231 228
f 228 231 135
f 228 135 133
f 229 232 230
f 230 232 233
f 230 233 231
f 231 233 137
f 231 137 135
f 232 234 233
f 233 234 139
f 233 139 137
f 234 235 139
f 139 235 236
f 139 236 141
f 142 237 140
f 140 237 238
f 140 238 239
f 239 238 240
f 239 240 241
f 241 240 242
f 241 242 243
f 243 242 244
f 243 244 245
f 245 244 246
f 245 246 247
f 247 246 248
f 247 248 249
f 249 248 250
f 249 250 251
f 251 250 252
f 251 252 253
f 253 252 47
f 253 47 49
f 237 254 238
f 238 254 255
f 238 255 240
f 240 255 256
f 240 256 242
f 242 256 257
f 242 257 244
f 244 257 258
f 244 258 246
f 246 258 259
f 246 259 248
f 248 259 260
f 248 260 250
f 250 260 261
f 250 261 252
f 252 261 51
f 252 51 47
f 254 262 255
f 255 262 263
f 255 263 256
f 256 263 264
f 256 264 257
f 257 264 265
f 257 265 258
f 258 265 266
f 258 266 259
f 259 266 267
f 259 267 260
f 260 267 268
f 260 268 261
f 261 268 53
f 261 53 51
f 262 269 263
f 263 269 270
f 263 270 264
f 264 270 271
f 264 271 265
f 265 271 272
f 265 272 266
f 266 272 273
f 266 273 267
f 267 273 274
f 267 274 268
f 268 274 53
f 270 269 275
f 275 269 276
f 275 276 277
f 277 276 278
f 277 278 279
f 279 278 280
f 279 280 281
f 281 280 70
f 281 70 68
f 281 68 282
f 282 68 62
f 282 62 283
f 283 62 274
f 283 274 273
f 62 53 274
f 49 284 253
f 253 284 285
f 253 285 286
f 286 285 287
f 286 287 288
f 288 287 289
f 288 289 290
f 290 289 291
f 290 291 292
f 292 291 293
f 292 293 294
f 294 293 295
f 294 295 296
f 296 295 297
f 296 297 298
f 298 297 128
f 298 128 130
f 293 299 295
f 295 299 300
f 295 300 297
f 297 300 126
f 297 126 128
f 299 301 300
f 300 301 124
f 300 124 126
f 301 122 124
f 100 302 98
f 98 302 303
f 98 303 304
f 304 303 305
f 304 305 306
f 306 305 307
f 306 307 308
f 308 307 309
f 308 309 310
f 310 309 311
f 310 311 312
f 312 311 313
f 312 313 314
f 314 313 315
f 314 315 316
f 316 315 30
f 316 30 32
f 307 9 309
f 309 9 11
f 309 11 311
f 311 11 317
f 311 317 313
f 313 317 318
f 313 318 315
f 315 318 28
f 315 28 30
f 149 319 146
f 146 319 85
f 146 85 83
f 85 319 87
f 87 319 320
f 87 320 89
f 89 320 321
f 89 321 91
f 91 321 322
f 91 322 93
f 93 322 323
f 93 323 95
f 95 323 324
f 95 324 97
f 97 324 325
f 97 325 99
f 99 325 102
f 319 149 326
f 326 149 152
f 326 152 327
f 327 152 154
f 327 154 328
f 328 154 156
f 328 156 158
f 88 329 330
f 330 329 331
f 330 331 332
f 332 331 316
f 332 316 32
f 329 333 331
f 331 333 314
f 331 314 316
f 88 90 329
f 329 90 334
f 329 334 333
f 333 334 335
f 333 335 312
f 312 335 310
f 333 312 314
f 11 13 317
f 317 13 336
f 317 336 318
f 318 336 26
f 318 26 28
f 88 330 86
f 86 330 337
f 86 337 84
f 84 337 36
f 84 36 38
f 337 330 332
f 13 15 336
f 336 15 24
f 336 24 26
f 17 24 15
f 32 34 332
f 332 34 337
f 34 36 337
f 23 22 338
f 338 22 21
f 338 21 339
f 339 21 41
f 339 41 340
f 340 41 43
f 340 43 50
f 50 43 45
f 25 23 341
f 341 23 338
f 341 338 342
f 342 338 339
f 342 339 343
f 343 339 340
f 343 340 52
f 52 340 50
f 27 25 60
f 60 25 341
f 60 341 58
f 58 341 342
f 58 342 56
f 56 342 343
f 56 343 54
f 54 343 52
f 33 31 344
f 344 31 66
f 344 66 75
f 35 33 345
f 345 33 344
f 345 344 346
f 346 344 75
f 346 75 73
f 78 80 345
f 345 80 35
f 78 345 346
f 74 65 64
f 76 78 346
f 76 346 73
f 63 67 64
f 64 67 74
f 67 69 74
f 319 326 320
f 320 326 347
f 320 347 321
f 321 347 348
f 321 348 322
f 322 348 349
f 322 349 323
f 323 349 350
f 323 350 324
f 324 350 351
f 324 351 325
f 325 351 352
f 325 352 102
f 102 352 105
f 347 326 327
f 90 92 334
f 334 92 353
f 334 353 335
f 335 353 354
f 335 354 310
f 310 354 308
f 347 327 355
f 355 327 328
f 355 328 356
f 356 328 158
f 356 158 160
f 92 94 353
f 353 94 357
f 353 357 354
f 354 357 306
f 354 306 308
f 306 357 304
f 304 357 96
f 304 96 98
f 357 94 96
f 348 355 358
f 358 355 356
f 358 356 359
f 359 356 160
f 359 160 162
f 355 348 347
f 348 358 349
f 349 358 360
f 349 360 350
f 350 360 361
f 350 361 351
f 351 361 362
f 351 362 352
f 352 362 363
f 352 363 105
f 105 363 107
f 360 358 359
f 360 359 364
f 364 359 162
f 364 162 164
f 159 175 161
f 161 175 365
f 161 365 163
f 163 365 366
f 163 366 165
f 165 366 367
f 165 367 167
f 167 367 368
f 167 368 169
f 169 368 369
f 169 369 171
f 171 369 370
f 171 370 113
f 113 370 115
f 360 364 361
f 361 364 371
f 361 371 362
f 362 371 372
f 362 372 363
f 363 372 373
f 363 373 107
f 107 373 109
f 371 364 164
f 177 179 365
f 365 179 366
f 367 366 181
f 181 366 179
f 371 164 166
f 371 166 372
f 372 166 168
f 372 168 373
f 373 168 170
f 373 170 109
f 109 170 111
f 175 177 365
f 368 367 183
f 183 367 181
f 200 207 374
f 374 207 209
f 374 209 211
f 369 368 185
f 185 368 183
f 370 369 187
f 187 369 185
f 201 374 375
f 375 374 211
f 375 211 213
f 374 201 200
f 201 375 202
f 202 375 376
f 202 376 203
f 203 376 377
f 203 377 204
f 204 377 378
f 204 378 205
f 205 378 379
f 205 379 206
f 206 379 125
f 206 125 123
f 376 375 213
f 115 370 189
f 189 370 187
f 377 376 215
f 215 376 213
f 117 115 189
f 378 377 217
f 217 377 215
f 379 378 219
f 219 378 217
f 125 379 127
f 127 379 219
f 140 239 138
f 138 239 380
f 138 380 136
f 136 380 381
f 136 381 134
f 134 381 382
f 134 382 132
f 132 382 383
f 132 383 130
f 130 383 298
f 239 241 380
f 380 241 384
f 380 384 381
f 381 384 385
f 381 385 382
f 382 385 386
f 382 386 383
f 383 386 387
f 383 387 298
f 298 387 296
f 241 243 384
f 384 243 388
f 384 388 385
f 385 388 389
f 385 389 386
f 386 389 390
f 386 390 387
f 387 390 391
f 387 391 296
f 296 391 294
f 243 245 388
f 388 245 392
f 388 392 389
f 389 392 393
f 389 393 390
f 390 393 394
f 390 394 391
f 391 394 292
f 391 292 294
f 270 275 271
f 271 275 395
f 271 395 272
f 272 395 396
f 272 396 273
f 273 396 283
f 392 245 247
f 393 392 397
f 397 392 247
f 397 247 249
f 394 393 398
f 398 393 397
f 398 397 399
f 399 397 249
f 399 249 251
f 292 394 290
f 290 394 398
f 290 398 288
f 288 398 399
f 288 399 286
f 286 399 251
f 286 251 253
f 275 277 395
f 395 277 279
f 395 279 396
f 396 279 282
f 396 282 283
f 281 282 279
f 276 269 400
f 400 269 262
f 400 262 401
f 401 262 254
f 401 254 402
f 402 254 237
f 402 237 142
f 402 142 403
f 403 142 141
f 403 141 236
f 236 235 403
f 403 235 234
f 403 234 404
f 404 234 232
f 404 232 229
f 404 229 405
f 405 229 225
f 405 225 406
f 406 225 220
f 406 220 208
f 155 153 407
f 407 153 151
f 407 151 408
f 408 151 150
f 408 150 409
f 409 150 148
f 409 148 147
f 409 147 410
f 410 147 145
f 410 145 144
f 144 143 410
f 410 143 82
f 410 82 411
f 411 82 40
f 411 40 39
f 411 39 412
f 412 39 81
f 412 81 413
f 413 81 79
f 413 79 77
f 120 414 118
f 118 414 415
f 118 415 416
f 416 415 417
f 416 417 418
f 418 417 419
f 419 417 420
f 419 420 421
f 421 420 422
f 421 422 423
f 122 424 120
f 120 424 425
f 120 425 414
f 424 122 426
f 426 122 301
f 426 301 427
f 427 301 299
f 428 429 427
f 427 429 430
f 427 430 431
f 428 432 429
f 431 433 427
f 427 433 434
f 427 434 435
f 435 436 427
f 427 436 437
f 427 437 438
f 438 426 427
f 424 439 425
f 425 439 440
f 440 439 441
f 440 441 442
f 442 441 443
f 442 443 444
f 444 443 445
f 444 445 446
f 444 446 447
f 447 446 448
f 447 448 449
f 449 448 450
f 449 450 451
f 451 450 452
f 452 450 453
f 452 453 454
f 454 453 455
f 454 455 456
f 450 457 453
f 453 457 458
f 458 457 459
f 459 457 460
f 459 460 461
f 461 460 462
f 462 460 463
f 463 460 464
f 463 464 465
f 465 466 463
f 463 466 467
f 467 466 468
f 456 469 454
f 454 469 470
f 454 470 471
f 471 472 454
f 454 472 473
f 454 473 474
f 475 476 474
f 474 476 454
f 417 415 477
f 477 415 478
f 477 478 479
f 479 478 480
f 479 480 481
f 481 480 482
f 481 482 483
f 483 482 484
f 483 484 485
f 483 485 486
f 486 485 487
f 486 487 488
f 488 487 489
f 488 489 490
f 490 489 491
f 491 489 492
f 491 492 493
f 493 492 494
f 493 494 495
f 489 496 492
f 492 496 497
f 497 496 498
f 498 496 499
f 498 499 500
f 500 499 501
f 501 499 502
f 502 499 503
f 502 503 504
f 504 505 502
f 502 505 506
f 506 505 507
f 495 508 493
f 493 508 509
f 493 509 510
f 510 511 493
f 493 511 512
f 493 512 513
f 514 515 513
f 513 515 493
f 420 516 422
f 422 516 517
f 422 517 518
f 422 518 519
f 519 518 520
f 519 520 521
f 519 521 522
f 522 521 523
f 522 523 524
f 524 525 522
f 522 525 526
f 526 525 527
f 527 525 528
f 527 528 529
f 529 528 530
f 530 528 531
f 531 528 532
f 531 532 533
f 533 534 531
f 531 534 535
f 535 534 536
f 519 537 422
f 422 537 538
f 422 538 539
f 539 540 422
f 422 540 541
f 422 541 542
f 422 542 543
f 543 542 544
f 543 544 545
f 284 49 546
f 546 49 48
f 546 48 46
f 546 46 547
f 547 46 44
f 547 44 42
f 547 42 548
f 548 42 20
f 548 20 19
f 18 549 19
f 19 549 548
f 284 546 285
f 285 546 550
f 285 550 287
f 287 550 289
f 289 550 551
f 289 551 291
f 291 551 293
f 293 551 427
f 293 427 299
f 10 9 552
f 552 9 553
f 553 9 307
f 553 307 554
f 554 307 305
f 554 305 555
f 555 305 303
f 555 303 556
f 556 303 302
f 556 302 557
f 557 302 100
f 557 100 101
f 557 101 558
f 558 101 103
f 558 103 559
f 559 103 560
f 560 103 104
f 560 104 561
f 561 104 106
f 561 106 562
f 562 106 108
f 562 108 563
f 563 108 110
f 563 110 564
f 564 110 112
f 564 112 565
f 565 112 114
f 565 114 566
f 566 114 116
f 566 116 416
f 416 116 118
f 567 568 569
f 569 568 570
f 569 570 571
f 571 570 572
f 571 572 573
f 573 572 574
f 573 574 575
f 575 574 576
f 575 576 577
f 577 576 578
f 577 578 579
f 579 578 580
f 579 580 581
f 581 580 582
f 581 582 583
f 583 582 584
f 583 584 585
f 585 584 586
f 585 586 587
f 587 586 588
f 587 588 589
f 589 588 590
f 589 590 591
f 591 590 592
f 591 592 593
f 593 592 594
f 594 592 595
f 594 595 596
f 596 595 597
f 596 597 598
f 598 597 599
f 598 599 600
f 600 599 601
f 600 601 602
f 602 601 603
f 602 603 604
f 604 603 605
f 604 605 606
f 606 605 607
f 606 607 608
f 608 607 609
f 608 609 610
f 610 609 611
f 610 611 612
f 612 611 613
f 612 613 614
f 614 613 615
f 614 615 616
f 616 615 556
f 616 556 557
f 574 552 576
f 576 552 553
f 576 553 617
f 617 553 554
f 617 554 618
f 618 554 615
f 618 615 613
f 554 555 615
f 615 555 556
f 616 557 619
f 619 557 558
f 619 558 620
f 620 558 559
f 619 620 621
f 621 620 622
f 621 622 623
f 623 622 624
f 623 624 625
f 625 624 626
f 625 626 610
f 610 626 608
f 624 627 626
f 626 627 628
f 626 628 608
f 608 628 606
f 627 629 628
f 628 629 630
f 628 630 606
f 606 630 604
f 630 629 631
f 631 629 632
f 631 632 633
f 631 633 602
f 602 633 600
f 593 634 591
f 591 634 635
f 591 635 636
f 636 635 637
f 636 637 638
f 638 639 636
f 636 639 640
f 636 640 641
f 641 640 642
f 641 642 643
f 643 642 644
f 643 644 645
f 645 644 646
f 645 646 647
f 647 646 648
f 647 648 649
f 649 648 650
f 649 650 651
f 651 650 652
f 651 652 653
f 653 652 654
f 653 654 655
f 655 654 656
f 655 656 657
f 657 656 658
f 658 656 659
f 658 659 660
f 660 659 661
f 661 659 662
f 661 662 663
f 663 662 664
f 663 664 665
f 665 664 666
f 665 666 667
f 667 666 668
f 667 668 669
f 669 668 670
f 669 670 423
f 423 670 671
f 423 671 421
f 421 671 672
f 421 672 419
f 419 672 673
f 419 673 674
f 674 673 675
f 674 675 676
f 676 675 677
f 676 677 678
f 678 677 679
f 678 679 680
f 680 679 681
f 680 681 682
f 682 681 683
f 682 683 684
f 684 683 685
f 684 685 686
f 686 685 687
f 686 687 688
f 688 687 689
f 688 689 690
f 690 689 691
f 690 691 692
f 639 693 640
f 640 693 694
f 640 694 695
f 695 694 696
f 695 696 697
f 695 697 698
f 698 697 699
f 698 699 700
f 700 699 701
f 700 701 702
f 702 701 703
f 702 703 704
f 704 703 705
f 704 705 706
f 706 705 707
f 706 707 708
f 708 707 709
f 708 709 710
f 710 709 711
f 710 711 712
f 712 711 713
f 712 713 714
f 714 713 715
f 714 715 716
f 716 715 717
f 716 717 718
f 718 717 719
f 718 719 720
f 720 719 721
f 720 721 722
f 722 721 723
f 722 723 724
f 724 723 725
f 724 725 726
f 726 725 727
f 726 727 687
f 687 727 689
f 701 705 703
f 713 728 715
f 715 728 717
f 717 728 719
f 719 728 729
f 719 729 721
f 721 729 730
f 721 730 723
f 723 730 731
f 723 731 725
f 725 731 732
f 725 732 727
f 727 732 733
f 727 733 689
f 689 733 734
f 689 734 735
f 735 691 689
f 692 736 690
f 690 736 737
f 690 737 738
f 738 737 739
f 738 739 740
f 740 739 741
f 740 741 742
f 742 741 743
f 742 743 744
f 744 743 745
f 744 745 746
f 746 745 747
f 746 747 748
f 748 747 749
f 748 749 750
f 750 749 751
f 750 751 752
f 752 751 620
f 752 620 559
f 736 753 737
f 737 753 754
f 737 754 739
f 739 754 755
f 739 755 741
f 741 755 756
f 741 756 743
f 743 756 757
f 743 757 745
f 745 757 758
f 745 758 747
f 747 758 759
f 747 759 749
f 749 759 760
f 749 760 751
f 751 760 622
f 751 622 620
f 753 761 754
f 754 761 762
f 754 762 755
f 755 762 763
f 755 763 756
f 756 763 764
f 756 764 757
f 757 764 765
f 757 765 758
f 758 765 766
f 758 766 759
f 759 766 767
f 759 767 760
f 760 767 624
f 760 624 622
f 761 768 762
f 762 768 769
f 762 769 763
f 763 769 770
f 763 770 764
f 764 770 771
f 764 771 765
f 765 771 772
f 765 772 766
f 766 772 773
f 766 773 767
f 767 773 624
f 769 768 774
f 774 768 775
f 774 775 776
f 776 775 777
f 776 777 778
f 778 777 779
f 778 779 780
f 780 779 781
f 780 781 782
f 782 781 627
f 782 627 773
f 773 627 624
f 777 783 779
f 779 783 784
f 779 784 781
f 781 784 629
f 781 629 627
f 783 632 784
f 784 632 629
f 559 560 752
f 752 560 561
f 752 561 785
f 785 561 562
f 785 562 563
f 785 563 786
f 786 563 564
f 786 564 787
f 787 564 565
f 787 565 788
f 788 565 566
f 788 566 789
f 789 566 790
f 789 790 791
f 791 790 792
f 791 792 793
f 793 792 678
f 793 678 680
f 566 416 790
f 790 416 794
f 790 794 792
f 792 794 676
f 792 676 678
f 416 418 794
f 794 418 674
f 794 674 676
f 418 419 674
f 657 795 655
f 655 795 796
f 655 796 797
f 797 796 798
f 797 798 799
f 797 799 800
f 800 799 801
f 800 801 802
f 802 801 803
f 802 803 804
f 804 803 567
f 804 567 805
f 805 567 569
f 805 569 806
f 806 569 807
f 806 807 808
f 808 807 809
f 808 809 810
f 810 809 579
f 810 579 581
f 640 695 642
f 642 695 811
f 642 811 644
f 644 811 812
f 644 812 646
f 646 812 813
f 646 813 648
f 648 813 814
f 648 814 650
f 650 814 815
f 650 815 652
f 652 815 816
f 652 816 654
f 654 816 817
f 654 817 656
f 656 817 659
f 643 818 819
f 819 818 820
f 819 820 821
f 821 820 822
f 821 822 587
f 587 822 585
f 818 823 820
f 820 823 824
f 820 824 822
f 822 824 825
f 822 825 585
f 585 825 583
f 643 645 818
f 818 645 826
f 818 826 823
f 823 826 827
f 823 827 828
f 828 827 829
f 828 829 830
f 830 829 831
f 830 831 806
f 806 831 805
f 823 828 824
f 824 828 832
f 824 832 825
f 825 832 810
f 825 810 581
f 828 830 832
f 832 830 808
f 832 808 810
f 830 806 808
f 569 571 807
f 807 571 833
f 807 833 809
f 809 833 577
f 809 577 579
f 643 819 641
f 641 819 834
f 641 834 636
f 636 834 591
f 834 819 821
f 571 573 833
f 833 573 575
f 833 575 577
f 583 825 581
f 587 589 821
f 821 589 834
f 589 591 834
f 578 576 835
f 835 576 617
f 835 617 836
f 836 617 618
f 836 618 613
f 580 578 837
f 837 578 835
f 837 835 838
f 838 835 836
f 838 836 611
f 611 836 613
f 582 580 839
f 839 580 837
f 839 837 840
f 840 837 838
f 840 838 609
f 609 838 611
f 584 582 841
f 841 582 839
f 841 839 842
f 842 839 840
f 842 840 607
f 607 840 609
f 586 584 843
f 843 584 841
f 843 841 844
f 844 841 842
f 844 842 605
f 605 842 607
f 588 586 845
f 845 586 843
f 845 843 846
f 846 843 844
f 846 844 603
f 603 844 605
f 595 592 590
f 590 588 847
f 847 588 845
f 847 845 848
f 848 845 846
f 848 846 601
f 601 846 603
f 597 595 847
f 847 595 590
f 597 847 848
f 601 599 848
f 848 599 597
f 619 621 616
f 616 621 614
f 625 610 612
f 621 623 614
f 614 623 612
f 623 625 612
f 631 602 604
f 631 604 630
f 695 698 811
f 811 698 849
f 811 849 812
f 812 849 850
f 812 850 813
f 813 850 851
f 813 851 814
f 814 851 852
f 814 852 815
f 815 852 853
f 815 853 816
f 816 853 854
f 816 854 817
f 817 854 855
f 817 855 659
f 659 855 662
f 645 647 826
f 826 647 856
f 826 856 827
f 827 856 857
f 827 857 829
f 829 857 858
f 829 858 831
f 831 858 804
f 831 804 805
f 698 700 849
f 849 700 859
f 849 859 850
f 850 859 860
f 850 860 851
f 851 860 861
f 851 861 852
f 852 861 862
f 852 862 853
f 853 862 863
f 853 863 854
f 854 863 864
f 854 864 855
f 855 864 865
f 855 865 662
f 662 865 664
f 647 649 856
f 856 649 866
f 856 866 857
f 857 866 867
f 857 867 858
f 858 867 802
f 858 802 804
f 802 867 800
f 800 867 868
f 800 868 797
f 797 868 653
f 797 653 655
f 867 866 868
f 868 866 651
f 868 651 653
f 866 649 651
f 860 859 704
f 704 859 702
f 702 859 700
f 860 704 869
f 869 704 706
f 869 706 870
f 870 706 708
f 870 708 871
f 871 708 710
f 871 710 872
f 872 710 712
f 872 712 873
f 873 712 714
f 873 714 874
f 874 714 716
f 874 716 875
f 875 716 718
f 875 718 876
f 876 718 720
f 876 720 877
f 877 720 722
f 877 722 878
f 878 722 724
f 878 724 879
f 879 724 726
f 879 726 685
f 685 726 687
f 860 869 861
f 861 869 880
f 861 880 862
f 862 880 881
f 862 881 863
f 863 881 882
f 863 882 864
f 864 882 883
f 864 883 865
f 865 883 884
f 865 884 664
f 664 884 666
f 880 869 870
f 880 870 885
f 885 870 871
f 885 871 886
f 886 871 872
f 886 872 887
f 887 872 873
f 887 873 888
f 888 873 874
f 888 874 889
f 889 874 875
f 889 875 890
f 890 875 876
f 890 876 891
f 891 876 877
f 891 877 892
f 892 877 878
f 892 878 893
f 893 878 879
f 893 879 683
f 683 879 685
f 886 894 885
f 885 894 881
f 885 881 880
f 881 894 882
f 882 894 895
f 882 895 883
f 883 895 896
f 883 896 884
f 884 896 897
f 884 897 666
f 666 897 668
f 894 886 898
f 898 886 887
f 898 887 899
f 899 887 888
f 899 888 900
f 900 888 889
f 900 889 901
f 901 889 890
f 901 890 902
f 902 890 891
f 902 891 903
f 903 891 892
f 903 892 904
f 904 892 893
f 904 893 681
f 681 893 683
f 894 898 895
f 895 898 905
f 895 905 896
f 896 905 906
f 896 906 897
f 897 906 907
f 897 907 668
f 668 907 670
f 905 898 899
f 905 899 908
f 908 899 900
f 908 900 909
f 909 900 901
f 909 901 910
f 910 901 902
f 910 902 911
f 911 902 903
f 911 903 912
f 912 903 904
f 912 904 679
f 679 904 681
f 905 908 906
f 906 908 913
f 906 913 907
f 907 913 914
f 907 914 670
f 670 914 671
f 913 908 909
f 913 909 915
f 915 909 910
f 915 910 916
f 916 910 911
f 916 911 917
f 917 911 912
f 917 912 677
f 677 912 679
f 913 915 914
f 914 915 918
f 914 918 671
f 671 918 672
f 918 915 916
f 918 916 919
f 919 916 917
f 919 917 675
f 675 917 677
f 673 672 919
f 919 672 918
f 673 919 675
f 690 738 688
f 688 738 920
f 688 920 686
f 686 920 921
f 686 921 684
f 684 921 922
f 684 922 682
f 682 922 923
f 682 923 680
f 680 923 793
f 738 740 920
f 920 740 924
f 920 924 921
f 921 924 925
f 921 925 922
f 922 925 926
f 922 926 923
f 923 926 927
f 923 927 793
f 793 927 791
f 740 742 924
f 924 742 928
f 924 928 925
f 925 928 929
f 925 929 926
f 926 929 930
f 926 930 927
f 927 930 931
f 927 931 791
f 791 931 789
f 742 744 928
f 928 744 932
f 928 932 929
f 929 932 933
f 929 933 930
f 930 933 934
f 930 934 931
f 931 934 788
f 931 788 789
f 769 774 770
f 770 774 778
f 770 778 771
f 771 778 780
f 771 780 772
f 772 780 782
f 772 782 773
f 776 778 774
f 932 744 746
f 933 932 935
f 935 932 746
f 935 746 748
f 934 933 936
f 936 933 935
f 936 935 937
f 937 935 748
f 937 748 750
f 788 934 787
f 787 934 936
f 787 936 786
f 786 936 937
f 786 937 785
f 785 937 750
f 785 750 752
f 775 768 938
f 938 768 761
f 938 761 939
f 939 761 753
f 939 753 940
f 940 753 736
f 940 736 692
f 940 692 941
f 941 692 691
f 941 691 735
f 735 734 941
f 941 734 733
f 941 733 942
f 942 733 732
f 942 732 731
f 942 731 943
f 943 731 730
f 943 730 944
f 944 730 729
f 944 729 728
f 701 699 945
f 945 699 697
f 945 697 946
f 946 697 696
f 946 696 947
f 947 696 694
f 947 694 693
f 947 693 948
f 948 693 639
f 948 639 638
f 638 637 948
f 948 637 635
f 948 635 949
f 949 635 634
f 949 634 593
f 949 593 950
f 950 593 594
f 950 594 951
f 951 594 596
f 951 596 598
f 665 667 952
f 952 667 669
f 952 669 422
f 422 669 423
f 952 953 665
f 665 953 663
f 663 953 661
f 661 953 660
f 660 953 954
f 660 954 658
f 658 954 657
f 657 954 795
f 795 954 796
f 796 954 955
f 796 955 798
f 798 955 799
f 799 955 801
f 801 955 956
f 801 956 803
f 803 956 957
f 803 957 567
f 567 957 568
f 18 16 549
f 549 16 958
f 549 958 959
f 959 958 960
f 16 14 958
f 958 14 961
f 961 14 12
f 961 12 962
f 962 12 10
f 962 10 963
f 963 10 552
f 963 552 964
f 964 552 574
f 964 574 572
f 964 572 965
f 965 572 570
f 965 570 957
f 957 570 568
f 966 967 957
f 957 967 968
f 957 968 969
f 970 971 966
f 966 971 967
f 969 972 957
f 957 972 973
f 957 973 974
f 974 975 957
f 957 975 976
f 957 976 977
f 978 979 975
f 975 979 980
f 975 980 976
f 981 982 978
f 978 982 983
f 978 983 984
f 981 985 982
f 982 985 986
f 986 985 987
f 986 987 988
f 988 989 986
f 986 989 990
f 990 989 991
f 991 989 992
f 992 989 993
f 992 993 994
f 984 979 978
f 977 995 957
f 957 995 965
f 996 997 964
f 964 997 998
f 964 998 999
f 996 1000 997
f 999 1001 964
f 964 1001 1002
f 964 1002 1003
f 1003 1004 964
f 964 1004 1005
f 964 1005 1006
f 1007 1008 1006
f 1006 1008 1009
f 1006 1009 964
f 964 1009 1010
f 964 1010 1011
f 1007 1012 1008
f 1008 1012 1013
f 1013 1012 1014
f 1013 1014 1015
f 1015 1016 1013
f 1013 1016 1017
f 1017 1016 1018
f 1018 1016 1019
f 1019 1016 1020
f 1019 1020 1021
f 1011 1022 964
f 964 1022 1023
f 964 1023 1024
f 1024 1025 964
f 964 1025 963
f 1026 1027 962
f 962 1027 1028
f 962 1028 1029
f 1026 1030 1027
f 1029 1031 962
f 962 1031 1032
f 962 1032 1033
f 1033 1034 962
f 962 1034 1035
f 962 1035 1036
f 1037 1038 1036
f 1036 1038 1039
f 1036 1039 962
f 962 1039 1040
f 962 1040 1041
f 1037 1042 1038
f 1038 1042 1043
f 1043 1042 1044
f 1043 1044 1045
f 1045 1046 1043
f 1043 1046 1047
f 1047 1046 1048
f 1048 1046 1049
f 1049 1046 1050
f 1049 1050 1051
f 1041 1052 962
f 962 1052 1053
f 962 1053 1054
f 1054 1055 962
f 962 1055 961
f 1056 409 1057
f 1057 409 410
f 1057 410 411
f 409 1056 408
f 408 1056 1058
f 408 1058 407
f 407 1058 1059
f 407 1059 155
f 155 1059 1060
f 155 1060 172
f 172 1060 1061
f 172 1061 174
f 174 1061 1062
f 174 1062 176
f 176 1062 191
f 191 1062 1063
f 191 1063 199
f 199 1063 1064
f 199 1064 208
f 208 1064 1065
f 208 1065 406
f 406 1065 1066
f 406 1066 405
f 405 1066 1067
f 405 1067 404
f 404 1067 1068
f 404 1068 403
f 403 1068 402
f 402 1068 1069
f 402 1069 401
f 401 1069 1070
f 401 1070 400
f 400 1070 1071
f 400 1071 276
f 276 1071 1072
f 276 1072 278
f 278 1072 1073
f 278 1073 280
f 280 1073 1074
f 280 1074 70
f 70 1074 71
f 71 1074 1075
f 71 1075 72
f 72 1075 1076
f 72 1076 77
f 77 1076 1077
f 77 1077 413
f 413 1077 1078
f 413 1078 412
f 412 1078 1079
f 412 1079 411
f 411 1079 1057
f 1080 947 1081
f 1081 947 948
f 1081 948 949
f 947 1080 946
f 946 1080 1082
f 946 1082 945
f 945 1082 1083
f 945 1083 701
f 701 1083 1084
f 701 1084 705
f 705 1084 1085
f 705 1085 707
f 707 1085 1086
f 707 1086 709
f 709 1086 711
f 711 1086 1087
f 711 1087 713
f 713 1087 1088
f 713 1088 728
f 728 1088 1089
f 728 1089 944
f 944 1089 1090
f 944 1090 943
f 943 1090 1091
f 943 1091 942
f 942 1091 1092
f 942 1092 941
f 941 1092 940
f 940 1092 1093
f 940 1093 939
f 939 1093 1094
f 939 1094 938
f 938 1094 1095
f 938 1095 775
f 775 1095 1096
f 775 1096 777
f 777 1096 1097
f 777 1097 783
f 783 1097 1098
f 783 1098 632
f 632 1098 633
f 633 1098 1099
f 633 1099 600
f 600 1099 1100
f 600 1100 598
f 598 1100 1101
f 598 1101 951
f 951 1101 1102
f 951 1102 950
f 950 1102 1103
f 950 1103 949
f 949 1103 1081
f 1103 1104 1081
f 1081 1104 1105
f 1081 1105 1080
f 1080 1105 1106
f 1080 1106 1082
f 1082 1106 1107
f 1082 1107 1083
f 1083 1107 1108
f 1083 1108 1084
f 1084 1108 1109
f 1084 1109 1085
f 1085 1109 1110
f 1085 1110 1086
f 1086 1110 1111
f 1086 1111 1087
f 1087 1111 1112
f 1087 1112 1088
f 1088 1112 1113
f 1088 1113 1089
f 1089 1113 1114
f 1089 1114 1090
f 1090 1114 1115
f 1090 1115 1091
f 1091 1115 1116
f 1091 1116 1092
f 1092 1116 1117
f 1092 1117 1093
f 1093 1117 1118
f 1093 1118 1094
f 1094 1118 1119
f 1094 1119 1095
f 1095 1119 1120
f 1095 1120 1096
f 1096 1120 1121
f 1096 1121 1097
f 1097 1121 1122
f 1097 1122 1098
f 1098 1122 1123
f 1098 1123 1099
f 1099 1123 1124
f 1099 1124 1100
f 1100 1124 1125
f 1100 1125 1101
f 1101 1125 1126
f 1101 1126 1102
f 1102 1126 1127
f 1102 1127 1103
f 1103 1127 1104
f 1128 1106 1129
f 1129 1106 1105
f 1129 1105 1130
f 1130 1105 1104
f 1130 1104 1131
f 1131 1104 1127
f 1131 1127 1132
f 1132 1127 1126
f 1132 1126 1133
f 1133 1126 1125
f 1133 1125 1134
f 1134 1125 1124
f 1134 1124 1135
f 1135 1124 1123
f 1135 1123 1122
f 1128 1136 1106
f 1106 1136 1107
f 1107 1136 1137
f 1107 1137 1108
f 1108 1137 1138
f 1108 1138 1109
f 1109 1138 1139
f 1109 1139 1110
f 1110 1139 1140
f 1110 1140 1111
f 1111 1140 1112
f 1112 1140 1141
f 1112 1141 1113
f 1113 1141 1142
f 1113 1142 1114
f 1114 1142 1143
f 1114 1143 1115
f 1115 1143 1144
f 1115 1144 1116
f 1116 1144 1145
f 1116 1145 1117
f 1117 1145 1146
f 1117 1146 1147
f 1117 1147 1118
f 1118 1147 1148
f 1118 1148 1119
f 1119 1148 1149
f 1119 1149 1120
f 1120 1149 1150
f 1120 1150 1121
f 1121 1150 1151
f 1121 1151 1122
f 1122 1151 1135
f 1079 1152 1057
f 1057 1152 1153
f 1057 1153 1056
f 1056 1153 1154
f 1056 1154 1058
f 1058 1154 1155
f 1058 1155 1059
f 1059 1155 1156
f 1059 1156 1060
f 1060 1156 1157
f 1060 1157 1061
f 1061 1157 1158
f 1061 1158 1062
f 1062 1158 1159
f 1062 1159 1063
f 1063 1159 1160
f 1063 1160 1064
f 1064 1160 1161
f 1064 1161 1065
f 1065 1161 1162
f 1065 1162 1066
f 1066 1162 1163
f 1066 1163 1067
f 1067 1163 1164
f 1067 1164 1068
f 1068 1164 1165
f 1068 1165 1069
f 1069 1165 1166
f 1069 1166 1070
f 1070 1166 1167
f 1070 1167 1071
f 1071 1167 1168
f 1071 1168 1072
f 1072 1168 1169
f 1072 1169 1073
f 1073 1169 1170
f 1073 1170 1074
f 1074 1170 1171
f 1074 1171 1075
f 1075 1171 1172
f 1075 1172 1076
f 1076 1172 1173
f 1076 1173 1077
f 1077 1173 1174
f 1077 1174 1078
f 1078 1174 1175
f 1078 1175 1079
f 1079 1175 1152
f 1176 1154 1177
f 1177 1154 1153
f 1177 1153 1178
f 1178 1153 1152
f 1178 1152 1179
f 1179 1152 1175
f 1179 1175 1180
f 1180 1175 1174
f 1180 1174 1181
f 1181 1174 1173
f 1181 1173 1182
f 1182 1173 1172
f 1182 1172 1183
f 1183 1172 1171
f 1183 1171 1170
f 1176 1184 1154
f 1154 1184 1155
f 1155 1184 1185
f 1155 1185 1156
f 1156 1185 1186
f 1156 1186 1157
f 1157 1186 1187
f 1157 1187 1158
f 1158 1187 1188
f 1158 1188 1159
f 1159 1188 1160
f 1160 1188 1189
f 1160 1189 1161
f 1161 1189 1190
f 1161 1190 1162
f 1162 1190 1191
f 1162 1191 1163
f 1163 1191 1192
f 1163 1192 1164
f 1164 1192 1193
f 1164 1193 1165
f 1165 1193 1194
f 1165 1194 1195
f 1165 1195 1166
f 1166 1195 1196
f 1166 1196 1167
f 1167 1196 1197
f 1167 1197 1168
f 1168 1197 1198
f 1168 1198 1169
f 1169 1198 1199
f 1169 1199 1170
f 1170 1199 1183
f 1200 1201 1027
f 1027 1201 1028
f 1028 1201 1202
f 1028 1202 1029
f 1029 1202 1203
f 1029 1203 1031
f 1031 1203 1204
f 1031 1204 1032
f 1032 1204 1205
f 1032 1205 1033
f 1033 1205 1206
f 1033 1206 1034
f 1034 1206 1207
f 1034 1207 1035
f 1035 1207 1208
f 1035 1208 1036
f 1036 1208 1037
f 1037 1208 1209
f 1037 1209 1042
f 1042 1209 1210
f 1042 1210 1044
f 1044 1210 1211
f 1044 1211 1045
f 1045 1211 1212
f 1045 1212 1046
f 1046 1212 1213
f 1046 1213 1050
f 1050 1213 1214
f 1050 1214 1215
f 1216 1217 1215
f 1215 1217 1218
f 1215 1218 1219
f 1219 1050 1215
f 1220 1221 997
f 997 1221 998
f 998 1221 1222
f 998 1222 999
f 999 1222 1223
f 999 1223 1001
f 1001 1223 1224
f 1001 1224 1002
f 1002 1224 1225
f 1002 1225 1003
f 1003 1225 1226
f 1003 1226 1004
f 1004 1226 1227
f 1004 1227 1005
f 1005 1227 1228
f 1005 1228 1006
f 1006 1228 1007
f 1007 1228 1229
f 1007 1229 1012
f 1012 1229 1230
f 1012 1230 1014
f 1014 1230 1231
f 1014 1231 1015
f 1015 1231 1232
f 1015 1232 1016
f 1016 1232 1233
f 1016 1233 1020
f 1020 1233 1234
f 1020 1234 1235
f 1236 1237 1235
f 1235 1237 1238
f 1235 1238 1239
f 1239 1020 1235
f 1240 1241 971
f 971 1241 967
f 967 1241 1242
f 967 1242 968
f 968 1242 1243
f 968 1243 969
f 969 1243 1244
f 969 1244 972
f 972 1244 1245
f 972 1245 973
f 973 1245 1246
f 973 1246 974
f 974 1246 1247
f 974 1247 975
f 975 1247 1248
f 975 1248 978
f 978 1248 981
f 981 1248 1249
f 981 1249 985
f 985 1249 1250
f 985 1250 987
f 987 1250 1251
f 987 1251 988
f 988 1251 1252
f 988 1252 989
f 989 1252 1253
f 989 1253 993
f 993 1253 1254
f 993 1254 1255
f 1256 1257 1255
f 1255 1257 1258
f 1255 1258 1259
f 1259 993 1255
f 1260 1261 531
f 531 1261 530
f 530 1261 1262
f 530 1262 529
f 529 1262 1263
f 529 1263 527
f 527 1263 1264
f 527 1264 526
f 526 1264 1265
f 526 1265 522
f 522 1265 519
f 519 1265 1266
f 519 1266 537
f 537 1266 1267
f 537 1267 538
f 538 1267 1268
f 538 1268 539
f 539 1268 1269
f 539 1269 540
f 540 1269 1270
f 540 1270 541
f 541 1270 1271
f 541 1271 542
f 542 1271 1272
f 542 1272 544
f 544 1272 1273
f 544 1273 545
f 545 1273 1274
f 545 1274 1275
f 1276 1277 1275
f 1275 1277 1278
f 1275 1278 1279
f 1279 545 1275
f 1280 1281 463
f 463 1281 462
f 462 1281 1282
f 462 1282 461
f 461 1282 1283
f 461 1283 459
f 459 1283 1284
f 459 1284 458
f 458 1284 1285
f 458 1285 453
f 453 1285 455
f 455 1285 1286
f 455 1286 456
f 456 1286 1287
f 456 1287 469
f 469 1287 1288
f 469 1288 470
f 470 1288 1289
f 470 1289 471
f 471 1289 1290
f 471 1290 472
f 472 1290 1291
f 472 1291 473
f 473 1291 1292
f 473 1292 474
f 474 1292 1293
f 474 1293 475
f 475 1293 1294
f 475 1294 1295
f 1296 1297 1295
f 1295 1297 1298
f 1295 1298 1299
f 1299 475 1295
f 1300 1301 502
f 502 1301 501
f 501 1301 1302
f 501 1302 500
f 500 1302 1303
f 500 1303 498
f 498 1303 1304
f 498 1304 497
f 497 1304 1305
f 497 1305 492
f 492 1305 494
f 494 1305 1306
f 494 1306 495
f 495 1306 1307
f 495 1307 508
f 508 1307 1308
f 508 1308 509
f 509 1308 1309
f 509 1309 510
f 510 1309 1310
f 510 1310 511
f 511 1310 1311
f 511 1311 512
f 512 1311 1312
f 512 1312 513
f 513 1312 1313
f 513 1313 514
f 514 1313 1314
f 514 1314 1315
f 1316 1317 1315
f 1315 1317 1318
f 1315 1318 1319
f 1319 514 1315
f 1320 1321 429
f 429 1321 430
f 430 1321 1322
f 430 1322 431
f 431 1322 1323
f 431 1323 433
f 433 1323 1324
f 433 1324 434
f 434 1324 1325
f 434 1325 435
f 435 1325 1326
f 435 1326 436
f 436 1326 1327
f 436 1327 437
f 437 1327 1328
f 437 1328 438
f 438 1328 1329
f 438 1329 426
f 1329 1330 426
f 426 1330 424
f 1331 1332 454
f 454 1332 452
f 452 1332 1333
f 452 1333 451
f 451 1333 1334
f 451 1334 449
f 449 1334 1335
f 449 1335 447
f 447 1335 1336
f 447 1336 444
f 444 1336 1337
f 444 1337 442
f 442 1337 1338
f 442 1338 440
f 440 1338 1339
f 440 1339 425
f 425 1339 1340
f 425 1340 414
f 1340 1341 414
f 414 1341 415
f 1342 1343 493
f 493 1343 491
f 491 1343 1344
f 491 1344 490
f 490 1344 1345
f 490 1345 488
f 488 1345 1346
f 488 1346 486
f 486 1346 1347
f 486 1347 483
f 483 1347 1348
f 483 1348 481
f 481 1348 1349
f 481 1349 479
f 479 1349 1350
f 479 1350 477
f 477 1350 1351
f 477 1351 417
f 1351 1352 417
f 417 1352 420
f 424 1330 439
f 439 1330 1353
f 439 1353 1354
f 1354 1353 1355
f 1354 1355 1356
f 1356 1355 1357
f 1356 1357 1358
f 1356 1358 1359
f 1359 1358 1360
f 1359 1360 1361
f 1359 1361 1362
f 1362 1361 1363
f 1362 1363 1364
f 1364 1363 1365
f 1364 1365 450
f 450 1365 457
f 457 1365 1366
f 457 1366 460
f 460 1366 1367
f 460 1367 464
f 464 1367 1368
f 464 1368 465
f 465 1368 466
f 466 1368 1369
f 466 1369 1370
f 1363 1371 1365
f 1365 1371 1366
f 1371 1372 1366
f 1366 1372 1367
f 1372 1373 1367
f 1367 1373 1368
f 1373 1369 1368
f 1364 450 1362
f 1362 450 448
f 1362 448 1359
f 1359 448 446
f 1359 446 445
f 1359 445 1356
f 1356 445 443
f 1356 443 441
f 1356 441 1354
f 1354 441 439
f 466 1370 468
f 468 1370 1374
f 468 1374 1375
f 1376 1377 1375
f 1375 1377 1378
f 1375 1378 1379
f 1379 468 1375
f 415 1341 478
f 478 1341 1380
f 478 1380 1381
f 1381 1380 1382
f 1381 1382 1383
f 1383 1382 1384
f 1383 1384 1385
f 1383 1385 1386
f 1386 1385 1387
f 1386 1387 1388
f 1386 1388 1389
f 1389 1388 1390
f 1389 1390 1391
f 1391 1390 1392
f 1391 1392 489
f 489 1392 496
f 496 1392 1393
f 496 1393 499
f 499 1393 1394
f 499 1394 503
f 503 1394 1395
f 503 1395 504
f 504 1395 505
f 505 1395 1396
f 505 1396 1397
f 1390 1398 1392
f 1392 1398 1393
f 1398 1399 1393
f 1393 1399 1394
f 1399 1400 1394
f 1394 1400 1395
f 1400 1396 1395
f 1391 489 1389
f 1389 489 487
f 1389 487 1386
f 1386 487 485
f 1386 485 484
f 1386 484 1383
f 1383 484 482
f 1383 482 480
f 1383 480 1381
f 1381 480 478
f 505 1397 507
f 507 1397 1401
f 507 1401 1402
f 1403 1404 1402
f 1402 1404 1405
f 1402 1405 1406
f 1406 507 1402
f 420 1352 516
f 516 1352 1407
f 516 1407 1408
f 1408 1407 1409
f 1408 1409 1410
f 1410 1409 1411
f 1410 1411 1412
f 1410 1412 1413
f 1413 1412 1414
f 1413 1414 1415
f 1413 1415 1416
f 1416 1415 1417
f 1416 1417 1418
f 1418 1417 1419
f 1418 1419 524
f 524 1419 525
f 525 1419 1420
f 525 1420 528
f 528 1420 1421
f 528 1421 532
f 532 1421 1422
f 532 1422 533
f 533 1422 534
f 534 1422 1423
f 534 1423 1424
f 1417 1425 1419
f 1419 1425 1420
f 1425 1426 1420
f 1420 1426 1421
f 1426 1427 1421
f 1421 1427 1422
f 1427 1423 1422
f 1418 524 1416
f 1416 524 523
f 1416 523 1413
f 1413 523 521
f 1413 521 520
f 1413 520 1410
f 1410 520 518
f 1410 518 517
f 1410 517 1408
f 1408 517 516
f 534 1424 536
f 536 1424 1428
f 536 1428 1429
f 1430 1431 1429
f 1429 1431 1432
f 1429 1432 1433
f 1433 536 1429
f 1434 1435 1436
f 1436 1435 1048
f 1436 1048 1049
f 1434 1437 1435
f 1435 1437 1438
f 1435 1438 1047
f 1047 1438 1043
f 1043 1438 1439
f 1043 1439 1038
f 1038 1439 1440
f 1038 1440 1039
f 1039 1440 1441
f 1039 1441 1442
f 1442 1441 1443
f 1442 1443 1444
f 1437 1445 1438
f 1438 1445 1439
f 1445 1446 1439
f 1439 1446 1440
f 1446 1443 1440
f 1440 1443 1441
f 1442 1444 1447
f 1447 1444 1448
f 1447 1448 1449
f 1447 1449 1450
f 1450 1449 1451
f 1450 1451 1452
f 1450 1452 1453
f 1453 1452 1454
f 1453 1454 961
f 961 1454 1455
f 961 1055 1453
f 1453 1055 1054
f 1453 1054 1450
f 1450 1054 1053
f 1450 1053 1052
f 1450 1052 1447
f 1447 1052 1041
f 1447 1041 1040
f 1447 1040 1442
f 1442 1040 1039
f 1047 1048 1435
f 1455 1456 961
f 961 1456 958
f 1457 1458 1459
f 1459 1458 1018
f 1459 1018 1019
f 1457 1460 1458
f 1458 1460 1461
f 1458 1461 1017
f 1017 1461 1013
f 1013 1461 1462
f 1013 1462 1008
f 1008 1462 1463
f 1008 1463 1009
f 1009 1463 1464
f 1009 1464 1465
f 1465 1464 1466
f 1465 1466 1467
f 1460 1468 1461
f 1461 1468 1462
f 1468 1469 1462
f 1462 1469 1463
f 1469 1466 1463
f 1463 1466 1464
f 1465 1467 1470
f 1470 1467 1471
f 1470 1471 1472
f 1470 1472 1473
f 1473 1472 1474
f 1473 1474 1475
f 1473 1475 1476
f 1476 1475 1477
f 1476 1477 963
f 963 1477 1478
f 963 1025 1476
f 1476 1025 1024
f 1476 1024 1473
f 1473 1024 1023
f 1473 1023 1022
f 1473 1022 1470
f 1470 1022 1011
f 1470 1011 1010
f 1470 1010 1465
f 1465 1010 1009
f 1017 1018 1458
f 1478 1479 963
f 963 1479 962
f 1480 1481 1482
f 1482 1481 991
f 1482 991 992
f 1480 1483 1481
f 1481 1483 1484
f 1481 1484 990
f 990 1484 986
f 986 1484 1485
f 986 1485 982
f 982 1485 1486
f 982 1486 983
f 983 1486 1487
f 983 1487 1488
f 1488 1487 1489
f 1488 1489 1490
f 1483 1491 1484
f 1484 1491 1485
f 1491 1492 1485
f 1485 1492 1486
f 1492 1489 1486
f 1486 1489 1487
f 1488 1490 1493
f 1493 1490 1494
f 1493 1494 1495
f 1493 1495 1496
f 1496 1495 1497
f 1496 1497 1498
f 1496 1498 1499
f 1499 1498 1500
f 1499 1500 965
f 965 1500 1501
f 965 995 1499
f 1499 995 977
f 1499 977 1496
f 1496 977 976
f 1496 976 980
f 1496 980 1493
f 1493 980 979
f 1493 979 984
f 1493 984 1488
f 1488 984 983
f 990 991 1481
f 1501 1502 965
f 965 1502 964
f 1178 1503 1177
f 1177 1503 1504
f 1177 1504 1505
f 1503 1178 1506
f 1506 1178 1179
f 1506 1179 1507
f 1507 1179 1180
f 1507 1180 1508
f 1508 1180 1509
f 1509 1180 1181
f 1509 1181 1510
f 1510 1181 1182
f 1510 1182 1511
f 1511 1182 1183
f 1511 1183 1512
f 1512 1183 1513
f 1513 1183 1199
f 1513 1199 1514
f 1514 1199 1198
f 1514 1198 1515
f 1515 1198 1197
f 1515 1197 1516
f 1516 1197 1517
f 1517 1197 1196
f 1517 1196 1518
f 1518 1196 1195
f 1518 1195 1519
f 1519 1195 1194
f 1519 1194 1520
f 1520 1194 1521
f 1521 1194 1193
f 1521 1193 1522
f 1522 1193 1192
f 1522 1192 1523
f 1523 1192 1191
f 1523 1191 1524
f 1524 1191 1525
f 1525 1191 1190
f 1525 1190 1526
f 1526 1190 1189
f 1526 1189 1527
f 1527 1189 1188
f 1527 1188 1528
f 1528 1188 1529
f 1529 1188 1187
f 1529 1187 1530
f 1530 1187 1186
f 1530 1186 1531
f 1531 1186 1185
f 1531 1185 1532
f 1532 1185 1533
f 1533 1185 1184
f 1533 1184 1534
f 1534 1184 1176
f 1534 1176 1505
f 1505 1176 1177
f 1130 1535 1129
f 1129 1535 1536
f 1129 1536 1537
f 1535 1130 1538
f 1538 1130 1131
f 1538 1131 1539
f 1539 1131 1132
f 1539 1132 1540
f 1540 1132 1541
f 1541 1132 1133
f 1541 1133 1542
f 1542 1133 1134
f 1542 1134 1543
f 1543 1134 1135
f 1543 1135 1544
f 1544 1135 1545
f 1545 1135 1151
f 1545 1151 1546
f 1546 1151 1150
f 1546 1150 1547
f 1547 1150 1149
f 1547 1149 1548
f 1548 1149 1549
f 1549 1149 1148
f 1549 1148 1550
f 1550 1148 1147
f 1550 1147 1551
f 1551 1147 1146
f 1551 1146 1552
f 1552 1146 1553
f 1553 1146 1145
f 1553 1145 1554
f 1554 1145 1144
f 1554 1144 1555
f 1555 1144 1143
f 1555 1143 1556
f 1556 1143 1557
f 1557 1143 1142
f 1557 1142 1558
f 1558 1142 1141
f 1558 1141 1559
f 1559 1141 1140
f 1559 1140 1560
f 1560 1140 1561
f 1561 1140 1139
f 1561 1139 1562
f 1562 1139 1138
f 1562 1138 1563
f 1563 1138 1137
f 1563 1137 1564
f 1564 1137 1565
f 1565 1137 1136
f 1565 1136 1566
f 1566 1136 1128
f 1566 1128 1537
f 1537 1128 1129
f 1567 1568 1569
f 1569 1568 1570
f 1569 1570 1571
f 1571 1570 1572
f 1571 1572 1573
f 1573 1572 1574
f 1573 1574 1575
f 1575 1574 1576
f 1575 1576 1577
f 1577 1576 1578
f 1577 1578 1579
f 1579 1578 1580
f 1579 1580 1581
f 1581 1580 1582
f 1581 1582 1583
f 1583 1582 1584
f 1583 1584 1585
f 1585 1584 1586
f 1585 1586 1587
f 1587 1586 1588
f 1589 1590 1591
f 1591 1590 1592
f 1591 1592 1593
f 1593 1592 1594
f 1593 1594 1595
f 1595 1594 1596
f 1595 1596 1597
f 1597 1596 1598
f 1597 1598 1599
f 1599 1598 1600
f 1599 1600 1601
f 1601 1600 1602
f 1601 1602 1603
f 1603 1602 1604
f 1603 1604 1605
f 1605 1604 1606
f 1605 1606 1607
f 1607 1606 1608
f 1607 1608 1609
f 1609 1608 1610
f 1602 1600 1611
f 1611 1600 1598
f 1611 1598 1596
f 1611 1596 1590
f 1590 1596 1594
f 1590 1594 1592
f 1602 1611 1604
f 1604 1611 1612
f 1604 1612 1606
f 1606 1612 1608
f 1608 1612 1610
f 1610 1612 1613
f 1610 1613 1614
f 1614 1615 1610
f 1610 1615 1616
f 1610 1616 1617
f 1610 1617 1618
f 1618 1617 1619
f 1618 1619 1620
f 1621 1618 1622
f 1622 1618 1620
f 1622 1620 1623
f 1623 1620 1619
f 1623 1619 1624
f 1624 1619 1617
f 1624 1617 1625
f 1625 1617 1616
f 1625 1616 5
f 5 1616 1615
f 5 1615 6
f 6 1615 8
f 8 1615 1614
f 8 1614 7
f 1618 1621 1610
f 1610 1621 1609
f 2 1626 4
f 4 1626 1627
f 4 1627 3
f 3 1627 1
f 1 1627 1628
f 1 1628 1629
f 1629 1628 1630
f 1629 1630 1631
f 1631 1630 1632
f 1631 1632 1633
f 1633 1632 1634
f 1633 1634 1635
f 1635 1634 1636
f 1635 1636 1637
f 1379 1378 1638
f 1638 1378 1639
f 1638 1639 1640
f 1640 1639 1641
f 1640 1641 1642
f 1642 1641 1643
f 1642 1643 1644
f 1642 1644 1645
f 1645 1644 1646
f 1645 1646 1647
f 1647 1646 1648
f 1647 1648 1649
f 1649 1648 1650
f 1649 1650 1651
f 1651 1650 1652
f 1651 1652 1653
f 1653 1652 1654
f 1653 1654 1655
f 429 432 1320
f 1320 432 1656
f 1656 432 1657
f 1657 432 1655
f 1657 1655 1654
f 1654 1658 1657
f 1657 1658 1659
f 1406 1405 1660
f 1660 1405 1661
f 1660 1661 1662
f 1662 1661 1663
f 1662 1663 1664
f 1664 1663 1665
f 1664 1665 1666
f 1664 1666 1667
f 1667 1666 1668
f 1667 1668 1669
f 1669 1668 1670
f 1669 1670 1671
f 1671 1670 1672
f 1671 1672 1673
f 1673 1672 1674
f 1673 1674 1675
f 1675 1674 1676
f 1675 1676 1677
f 454 476 1331
f 1331 476 1678
f 1678 476 1679
f 1679 476 1677
f 1679 1677 1676
f 1676 1680 1679
f 1679 1680 1681
f 1433 1432 1682
f 1682 1432 1683
f 1682 1683 1684
f 1684 1683 1685
f 1684 1685 1686
f 1686 1685 1687
f 1686 1687 1688
f 1686 1688 1689
f 1689 1688 1690
f 1689 1690 1691
f 1691 1690 1692
f 1691 1692 1693
f 1693 1692 1694
f 1693 1694 1695
f 1695 1694 1696
f 1695 1696 1697
f 1697 1696 1698
f 1697 1698 1699
f 493 515 1342
f 1342 515 1700
f 1700 515 1701
f 1701 515 1699
f 1701 1699 1698
f 1698 1702 1701
f 1701 1702 1703
f 1704 1705 1706
f 1706 1705 1707
f 1707 1705 1708
f 1707 1708 1709
f 1709 1708 1710
f 1709 1710 1711
f 1711 1710 1712
f 1711 1712 1713
f 1713 1712 1714
f 1713 1714 1715
f 1715 1714 1716
f 1715 1716 1717
f 1717 1716 1718
f 1717 1718 1719
f 1719 1718 1720
f 1719 1720 1721
f 1721 1720 1722
f 1721 1722 1723
f 1723 1722 1724
f 1723 1724 1725
f 531 535 1260
f 1260 535 1726
f 1726 535 1727
f 1727 535 1725
f 1727 1725 1724
f 1724 1728 1727
f 1727 1728 1729
f 1730 1731 1732
f 1732 1731 1733
f 1733 1731 1734
f 1733 1734 1735
f 1735 1734 1736
f 1735 1736 1737
f 1737 1736 1738
f 1737 1738 1739
f 1739 1738 1740
f 1739 1740 1741
f 1741 1740 1742
f 1741 1742 1743
f 1743 1742 1744
f 1743 1744 1745
f 1745 1744 1746
f 1745 1746 1747
f 1747 1746 1748
f 1747 1748 1749
f 1749 1748 1750
f 1749 1750 1751
f 502 506 1300
f 1300 506 1752
f 1752 506 1753
f 1753 506 1751
f 1753 1751 1750
f 1750 1754 1753
f 1753 1754 1755
f 1756 1757 1758
f 1758 1757 1759
f 1759 1757 1760
f 1759 1760 1761
f 1761 1760 1762
f 1761 1762 1763
f 1763 1762 1764
f 1763 1764 1765
f 1765 1764 1766
f 1765 1766 1767
f 1767 1766 1768
f 1767 1768 1769
f 1769 1768 1770
f 1769 1770 1771
f 1771 1770 1772
f 1771 1772 1773
f 1773 1772 1774
f 1773 1774 1775
f 1775 1774 1776
f 1775 1776 1777
f 463 467 1280
f 1280 467 1778
f 1778 467 1779
f 1779 467 1777
f 1779 1777 1776
f 1776 1780 1779
f 1779 1780 1781
f 1782 1783 1784
f 1784 1783 1785
f 1784 1785 1786
f 1786 1785 1787
f 1786 1787 1788
f 1788 1787 1789
f 1788 1789 1790
f 1790 1789 1791
f 1790 1791 1792
f 1792 1791 1793
f 1792 1793 1794
f 1794 1793 1795
f 1795 1796 1794
f 1794 1796 1797
f 1798 1799 1800
f 1800 1799 1801
f 1800 1801 1802
f 1802 1801 1803
f 1802 1803 1804
f 1804 1803 1805
f 1804 1805 1806
f 1806 1805 1807
f 1806 1807 1808
f 1808 1807 1809
f 1808 1809 1810
f 1810 1809 1811
f 1811 1812 1810
f 1810 1812 1813
f 1814 1815 1816
f 1816 1815 1817
f 1816 1817 1818
f 1818 1817 1819
f 1818 1819 1820
f 1820 1819 1821
f 1820 1821 1822
f 1822 1821 1823
f 1822 1823 1824
f 1824 1823 1825
f 1824 1825 1826
f 1826 1825 1827
f 1827 1828 1826
f 1826 1828 1829
f 1217 1216 1830
f 1830 1216 1831
f 1830 1831 1832
f 1832 1831 1833
f 1832 1833 1834
f 1834 1833 1835
f 1834 1835 1836
f 1836 1835 1837
f 1836 1837 1838
f 1838 1837 1839
f 1838 1839 1840
f 1840 1839 1841
f 1840 1841 1842
f 1842 1841 1843
f 1842 1843 1844
f 1844 1843 1845
f 1844 1845 1846
f 1846 1845 1847
f 1027 1030 1200
f 1200 1030 1848
f 1848 1030 1849
f 1849 1030 1850
f 1849 1850 1851
f 1851 1846 1849
f 1849 1846 1847
f 1237 1236 1852
f 1852 1236 1853
f 1852 1853 1854
f 1854 1853 1855
f 1854 1855 1856
f 1856 1855 1857
f 1856 1857 1858
f 1858 1857 1859
f 1858 1859 1860
f 1860 1859 1861
f 1860 1861 1862
f 1862 1861 1863
f 1862 1863 1864
f 1864 1863 1865
f 1864 1865 1866
f 1866 1865 1867
f 1866 1867 1868
f 1868 1867 1869
f 997 1000 1220
f 1220 1000 1870
f 1870 1000 1871
f 1871 1000 1872
f 1871 1872 1873
f 1873 1868 1871
f 1871 1868 1869
f 1257 1256 1874
f 1874 1256 1875
f 1874 1875 1876
f 1876 1875 1877
f 1876 1877 1878
f 1878 1877 1879
f 1878 1879 1880
f 1880 1879 1881
f 1880 1881 1882
f 1882 1881 1883
f 1882 1883 1884
f 1884 1883 1885
f 1884 1885 1886
f 1886 1885 1887
f 1886 1887 1888
f 1888 1887 1889
f 1888 1889 1890
f 1890 1889 1891
f 971 970 1240
f 1240 970 1892
f 1892 970 1893
f 1893 970 1894
f 1893 1894 1895
f 1895 1890 1893
f 1893 1890 1891
f 1829 1828 1896
f 1896 1828 1897
f 1896 1897 1898
f 1898 1897 1899
f 1898 1899 1900
f 1900 1899 1901
f 1900 1901 1902
f 1902 1901 1903
f 1902 1903 1904
f 1904 1903 1905
f 1904 1905 1906
f 1906 1905 1907
f 1906 1907 1908
f 1908 1907 1909
f 1908 1909 1910
f 1910 1909 1911
f 1910 1911 1912
f 1912 1911 1913
f 1912 1913 1914
f 1914 1913 1915
f 1049 1051 1436
f 1436 1051 1916
f 1916 1051 1917
f 1917 1051 1918
f 1917 1918 1919
f 1919 1914 1917
f 1917 1914 1915
f 1813 1812 1920
f 1920 1812 1921
f 1920 1921 1922
f 1922 1921 1923
f 1922 1923 1924
f 1924 1923 1925
f 1924 1925 1926
f 1926 1925 1927
f 1926 1927 1928
f 1928 1927 1929
f 1928 1929 1930
f 1930 1929 1931
f 1930 1931 1932
f 1932 1931 1933
f 1932 1933 1934
f 1934 1933 1935
f 1934 1935 1936
f 1936 1935 1937
f 1936 1937 1938
f 1938 1937 1939
f 1019 1021 1459
f 1459 1021 1940
f 1940 1021 1941
f 1941 1021 1942
f 1941 1942 1943
f 1943 1938 1941
f 1941 1938 1939
f 1797 1796 1944
f 1944 1796 1945
f 1944 1945 1946
f 1946 1945 1947
f 1946 1947 1948
f 1948 1947 1949
f 1948 1949 1950
f 1950 1949 1951
f 1950 1951 1952
f 1952 1951 1953
f 1952 1953 1954
f 1954 1953 1955
f 1954 1955 1956
f 1956 1955 1957
f 1956 1957 1958
f 1958 1957 1959
f 1958 1959 1960
f 1960 1959 1961
f 1960 1961 1962
f 1962 1961 1963
f 992 994 1482
f 1482 994 1964
f 1964 994 1965
f 1965 994 1966
f 1965 1966 1967
f 1967 1962 1965
f 1965 1962 1963
f 1279 1278 1968
f 1968 1278 1969
f 1968 1969 1970
f 1970 1969 1971
f 1970 1971 1972
f 1972 1971 1973
f 1972 1973 1974
f 1974 1973 1975
f 1974 1975 1976
f 1976 1975 1977
f 1976 1977 1978
f 1978 1977 1979
f 1706 1978 1704
f 1704 1978 1979
f 1319 1318 1980
f 1980 1318 1981
f 1980 1981 1982
f 1982 1981 1983
f 1982 1983 1984
f 1984 1983 1985
f 1984 1985 1986
f 1986 1985 1987
f 1986 1987 1988
f 1988 1987 1989
f 1988 1989 1990
f 1990 1989 1991
f 1732 1990 1730
f 1730 1990 1991
f 1299 1298 1992
f 1992 1298 1993
f 1992 1993 1994
f 1994 1993 1995
f 1994 1995 1996
f 1996 1995 1997
f 1996 1997 1998
f 1998 1997 1999
f 1998 1999 2000
f 2000 1999 2001
f 2000 2001 2002
f 2002 2001 2003
f 1758 2002 1756
f 1756 2002 2003
f 1377 1376 2004
f 2004 1376 2005
f 2004 2005 2006
f 2006 2005 2007
f 2006 2007 2008
f 2008 2007 2009
f 2008 2009 2010
f 2010 2009 2011
f 2010 2011 2012
f 2012 2011 2013
f 2012 2013 2014
f 2014 2013 2015
f 2014 2015 2016
f 2016 2015 2017
f 2016 2017 2018
f 2018 2017 2019
f 2018 2019 2020
f 2020 2019 2021
f 2020 2021 2022
f 2022 2021 2023
f 2023 2024 2022
f 2022 2024 2025
f 1404 1403 2026
f 2026 1403 2027
f 2026 2027 2028
f 2028 2027 2029
f 2028 2029 2030
f 2030 2029 2031
f 2030 2031 2032
f 2032 2031 2033
f 2032 2033 2034
f 2034 2033 2035
f 2034 2035 2036
f 2036 2035 2037
f 2036 2037 2038
f 2038 2037 2039
f 2038 2039 2040
f 2040 2039 2041
f 2040 2041 2042
f 2042 2041 2043
f 2042 2043 2044
f 2044 2043 2045
f 2045 2046 2044
f 2044 2046 2047
f 1431 1430 2048
f 2048 1430 2049
f 2048 2049 2050
f 2050 2049 2051
f 2050 2051 2052
f 2052 2051 2053
f 2052 2053 2054
f 2054 2053 2055
f 2054 2055 2056
f 2056 2055 2057
f 2056 2057 2058
f 2058 2057 2059
f 2058 2059 2060
f 2060 2059 2061
f 2060 2061 2062
f 2062 2061 2063
f 2062 2063 2064
f 2064 2063 2065
f 2064 2065 2066
f 2066 2065 2067
f 2067 2068 2066
f 2066 2068 2069
f 1297 1296 2070
f 2070 1296 2071
f 2070 2071 2072
f 2072 2071 2073
f 2072 2073 2074
f 2074 2073 2075
f 2074 2075 2076
f 2076 2075 2077
f 2076 2077 2078
f 2078 2077 2079
f 2078 2079 2080
f 2080 2079 2081
f 2080 2081 2082
f 2082 2081 2083
f 2082 2083 2084
f 2084 2083 2085
f 2084 2085 1780
f 1780 2085 1781
f 1317 1316 2086
f 2086 1316 2087
f 2086 2087 2088
f 2088 2087 2089
f 2088 2089 2090
f 2090 2089 2091
f 2090 2091 2092
f 2092 2091 2093
f 2092 2093 2094
f 2094 2093 2095
f 2094 2095 2096
f 2096 2095 2097
f 2096 2097 2098
f 2098 2097 2099
f 2098 2099 2100
f 2100 2099 2101
f 2100 2101 1754
f 1754 2101 1755
f 1277 1276 2102
f 2102 1276 2103
f 2102 2103 2104
f 2104 2103 2105
f 2104 2105 2106
f 2106 2105 2107
f 2106 2107 2108
f 2108 2107 2109
f 2108 2109 2110
f 2110 2109 2111
f 2110 2111 2112
f 2112 2111 2113
f 2112 2113 2114
f 2114 2113 2115
f 2114 2115 2116
f 2116 2115 2117
f 2116 2117 1728
f 1728 2117 1729
f 2118 2119 2120
f 2120 2119 2121
f 2121 2119 2122
f 2121 2122 2123
f 2123 2122 2124
f 2123 2124 2125
f 2125 2124 2126
f 2125 2126 2127
f 2127 2126 2128
f 2127 2128 2129
f 2129 2128 1895
f 2129 1895 1894
f 2130 2131 2132
f 2132 2131 2133
f 2133 2131 2134
f 2133 2134 2135
f 2135 2134 2136
f 2135 2136 2137
f 2137 2136 2138
f 2137 2138 2139
f 2139 2138 2140
f 2139 2140 2141
f 2141 2140 1873
f 2141 1873 1872
f 2142 2143 2144
f 2144 2143 2145
f 2145 2143 2146
f 2145 2146 2147
f 2147 2146 2148
f 2147 2148 2149
f 2149 2148 2150
f 2149 2150 2151
f 2151 2150 2152
f 2151 2152 2153
f 2153 2152 1851
f 2153 1851 1850
f 2069 2068 2154
f 2154 2068 2155
f 2154 2155 2156
f 2156 2155 2157
f 2156 2157 2158
f 2158 2157 2159
f 2158 2159 2160
f 2160 2159 2161
f 2160 2161 2162
f 2162 2161 2163
f 2162 2163 1702
f 1702 2163 1703
f 2047 2046 2164
f 2164 2046 2165
f 2164 2165 2166
f 2166 2165 2167
f 2166 2167 2168
f 2168 2167 2169
f 2168 2169 2170
f 2170 2169 2171
f 2170 2171 2172
f 2172 2171 2173
f 2172 2173 1680
f 1680 2173 1681
f 2025 2024 2174
f 2174 2024 2175
f 2174 2175 2176
f 2176 2175 2177
f 2176 2177 2178
f 2178 2177 2179
f 2178 2179 2180
f 2180 2179 2181
f 2180 2181 2182
f 2182 2181 2183
f 2182 2183 1658
f 1658 2183 1659
f 2184 2185 2186
f 2186 2185 2187
f 2186 2187 2188
f 2188 2187 2189
f 2188 2189 2190
f 2190 2189 2191
f 2190 2191 2192
f 2192 2191 2193
f 2192 2193 2194
f 2194 2193 2195
f 2194 2195 2196
f 2196 2195 2197
f 2196 2197 2198
f 2196 2198 2199
f 2199 2198 2200
f 2199 2200 2201
f 2201 2200 1967
f 2201 1967 1966
f 2202 2203 2204
f 2204 2203 2205
f 2204 2205 2206
f 2206 2205 2207
f 2206 2207 2208
f 2208 2207 2209
f 2208 2209 2210
f 2210 2209 2211
f 2210 2211 2212
f 2212 2211 2213
f 2212 2213 2214
f 2214 2213 2215
f 2214 2215 2216
f 2214 2216 2217
f 2217 2216 2218
f 2217 2218 2219
f 2219 2218 1943
f 2219 1943 1942
f 2220 2221 2222
f 2222 2221 2223
f 2222 2223 2224
f 2224 2223 2225
f 2224 2225 2226
f 2226 2225 2227
f 2226 2227 2228
f 2228 2227 2229
f 2228 2229 2230
f 2230 2229 2231
f 2230 2231 2232
f 2232 2231 2233
f 2232 2233 2234
f 2232 2234 2235
f 2235 2234 2236
f 2235 2236 2237
f 2237 2236 1919
f 2237 1919 1918
f 1259 1258 2238
f 2238 1258 2239
f 2238 2239 2240
f 2240 2239 2241
f 2240 2241 2242
f 2242 2241 2243
f 2242 2243 2244
f 2244 2243 2245
f 2244 2245 2246
f 2246 2245 2247
f 2246 2247 2248
f 2248 2247 2249
f 2248 2249 2250
f 2250 2249 2251
f 2250 2251 2252
f 2252 2251 2253
f 2252 2253 2254
f 2254 2253 2255
f 2254 2255 2256
f 2256 2255 2257
f 2120 2256 2118
f 2118 2256 2257
f 1239 1238 2258
f 2258 1238 2259
f 2258 2259 2260
f 2260 2259 2261
f 2260 2261 2262
f 2262 2261 2263
f 2262 2263 2264
f 2264 2263 2265
f 2264 2265 2266
f 2266 2265 2267
f 2266 2267 2268
f 2268 2267 2269
f 2268 2269 2270
f 2270 2269 2271
f 2270 2271 2272
f 2272 2271 2273
f 2272 2273 2274
f 2274 2273 2275
f 2274 2275 2276
f 2276 2275 2277
f 2132 2276 2130
f 2130 2276 2277
f 1219 1218 2278
f 2278 1218 2279
f 2278 2279 2280
f 2280 2279 2281
f 2280 2281 2282
f 2282 2281 2283
f 2282 2283 2284
f 2284 2283 2285
f 2284 2285 2286
f 2286 2285 2287
f 2286 2287 2288
f 2288 2287 2289
f 2288 2289 2290
f 2290 2289 2291
f 2290 2291 2292
f 2292 2291 2293
f 2292 2293 2294
f 2294 2293 2295
f 2294 2295 2296
f 2296 2295 2297
f 2144 2296 2142
f 2142 2296 2297
f 1799 1798 2298
f 2298 1798 2203
f 2298 2203 2202
f 2202 1026 2298
f 2298 1026 2299
f 2299 1026 1479
f 1479 1026 962
f 1783 1782 2300
f 2300 1782 2185
f 2300 2185 2184
f 2184 996 2300
f 2300 996 2301
f 2301 996 1502
f 1502 996 964
f 1815 1814 2302
f 2302 1814 2221
f 2302 2221 2220
f 2220 960 2302
f 2302 960 2303
f 2303 960 1456
f 1456 960 958
f 993 1259 994
f 994 1259 1966
f 1966 1259 2238
f 1966 2238 2240
f 2240 2242 1966
f 1966 2242 2201
f 2201 2242 2244
f 2201 2244 2199
f 2199 2244 2246
f 2199 2246 2196
f 2196 2246 2248
f 2196 2248 2139
f 2139 2248 2137
f 2137 2248 2250
f 2137 2250 2135
f 2135 2250 2252
f 2135 2252 2133
f 2133 2252 2254
f 2133 2254 2132
f 2132 2254 2256
f 2132 2256 2304
f 2304 2256 2120
f 2304 2120 2121
f 2121 2123 2304
f 2304 2123 2125
f 2304 2125 2127
f 2127 2129 2304
f 2304 2129 1894
f 2304 1894 966
f 966 1894 970
f 2132 2304 2276
f 2276 2304 2305
f 2276 2305 2144
f 2144 2305 2296
f 2296 2305 2294
f 2294 2305 2232
f 2294 2232 2292
f 2292 2232 2290
f 2290 2232 2288
f 2288 2232 2286
f 2286 2232 2235
f 2286 2235 2284
f 2284 2235 2237
f 2284 2237 2282
f 2282 2237 1918
f 2282 1918 2280
f 2280 1918 2278
f 2278 1918 1219
f 1219 1918 1051
f 1219 1051 1050
f 959 2220 2305
f 2305 2220 2222
f 2305 2222 2224
f 959 960 2220
f 2224 2226 2305
f 2305 2226 2228
f 2305 2228 2230
f 2230 2232 2305
f 2276 2144 2274
f 2274 2144 2145
f 2274 2145 2272
f 2272 2145 2147
f 2272 2147 2270
f 2270 2147 2149
f 2270 2149 2268
f 2268 2149 2151
f 2268 2151 2214
f 2214 2151 2153
f 2214 2153 1850
f 1030 2202 1850
f 1850 2202 2204
f 1850 2204 2206
f 1030 1026 2202
f 2206 2208 1850
f 1850 2208 2210
f 1850 2210 2212
f 2212 2214 1850
f 2268 2214 2266
f 2266 2214 2217
f 2266 2217 2264
f 2264 2217 2219
f 2264 2219 2262
f 2262 2219 1942
f 2262 1942 2260
f 2260 1942 2258
f 2258 1942 1239
f 1239 1942 1021
f 1239 1021 1020
f 2139 2141 2196
f 2196 2141 1872
f 2196 1872 2194
f 2194 1872 2192
f 2192 1872 2190
f 2190 1872 2188
f 2188 1872 2186
f 2186 1872 2184
f 2184 1872 1000
f 2184 1000 996
f 1893 1891 2306
f 2306 1891 1889
f 2306 1889 2307
f 2307 1889 1887
f 2307 1887 1885
f 1885 1883 2307
f 2307 1883 1881
f 2307 1881 1879
f 1877 1955 1879
f 1879 1955 1953
f 1879 1953 1951
f 1955 1877 1957
f 1957 1877 1875
f 1957 1875 1959
f 1959 1875 1256
f 1959 1256 1961
f 1961 1256 1963
f 1963 1256 1255
f 1963 1255 1965
f 1951 1949 1879
f 1879 1949 1947
f 1879 1947 1945
f 1879 1945 2307
f 2307 1945 1796
f 2307 1796 1795
f 1793 1921 1795
f 1795 1921 1812
f 1795 1812 2307
f 2307 1812 2308
f 2308 1812 1811
f 2308 1811 1828
f 1828 1811 1897
f 1897 1811 1809
f 1897 1809 1899
f 1899 1809 1807
f 1899 1807 1901
f 1901 1807 1805
f 1901 1805 1903
f 1903 1805 1803
f 1903 1803 1905
f 1905 1803 1801
f 1905 1801 1835
f 1835 1801 1799
f 1835 1799 1837
f 1837 1799 1839
f 1839 1799 1841
f 1841 1799 1843
f 1843 1799 1845
f 1845 1799 1847
f 1847 1799 2298
f 1847 2298 1849
f 1921 1793 1923
f 1923 1793 1791
f 1923 1791 1925
f 1925 1791 1789
f 1925 1789 1927
f 1927 1789 1787
f 1927 1787 1929
f 1929 1787 1785
f 1929 1785 1857
f 1857 1785 1783
f 1857 1783 1859
f 1859 1783 1861
f 1861 1783 1863
f 1863 1783 1865
f 1865 1783 1867
f 1867 1783 1869
f 1869 1783 2300
f 1869 2300 1871
f 1929 1857 1931
f 1931 1857 1855
f 1931 1855 1933
f 1933 1855 1853
f 1933 1853 1935
f 1935 1853 1236
f 1935 1236 1937
f 1937 1236 1939
f 1939 1236 1235
f 1939 1235 1941
f 1905 1835 1907
f 1907 1835 1833
f 1907 1833 1909
f 1909 1833 1831
f 1909 1831 1911
f 1911 1831 1216
f 1911 1216 1913
f 1913 1216 1915
f 1915 1216 1215
f 1915 1215 1917
f 1828 1827 2308
f 2308 1827 1825
f 2308 1825 1823
f 1823 1821 2308
f 2308 1821 1819
f 2308 1819 1817
f 1817 1815 2308
f 2308 1815 2309
f 2309 1815 2302
f 2302 2303 2309
f 2309 2303 2310
f 2300 2301 1871
f 1871 2301 1870
f 1941 1235 1940
f 1940 1235 1234
f 1848 1849 2299
f 2299 1849 2298
f 1214 1916 1215
f 1215 1916 1917
f 1254 1964 1255
f 1255 1964 1965
f 1892 1893 2311
f 2311 1893 2306
f 1401 1397 1752
f 1752 1397 1300
f 1300 1397 1396
f 1300 1396 1400
f 1400 1399 1300
f 1300 1399 1301
f 1301 1399 1302
f 1302 1399 1303
f 1303 1399 1304
f 1304 1399 1398
f 1304 1398 1305
f 1305 1398 1342
f 1305 1342 1306
f 1306 1342 1307
f 1307 1342 1308
f 1308 1342 1309
f 1309 1342 1310
f 1310 1342 1311
f 1311 1342 1312
f 1312 1342 1313
f 1313 1342 1700
f 1313 1700 1314
f 1342 1398 1343
f 1343 1398 1390
f 1343 1390 1344
f 1344 1390 1345
f 1345 1390 1388
f 1345 1388 1346
f 1346 1388 1387
f 1346 1387 1347
f 1347 1387 1385
f 1347 1385 1384
f 1347 1384 1348
f 1348 1384 1382
f 1348 1382 1349
f 1349 1382 1380
f 1349 1380 1350
f 1350 1380 1341
f 1350 1341 1351
f 1351 1341 2312
f 1351 2312 1352
f 1352 2312 1407
f 1407 2312 1409
f 1409 2312 1411
f 1411 2312 1412
f 1412 2312 1414
f 1414 2312 1415
f 1415 2312 1265
f 1415 1265 1417
f 1417 1265 1425
f 1425 1265 1264
f 1425 1264 1426
f 1426 1264 1263
f 1426 1263 1262
f 2312 1341 2313
f 2313 1341 1340
f 2313 1340 1330
f 1330 1340 1339
f 1330 1339 1353
f 1353 1339 1338
f 1353 1338 1355
f 1355 1338 1337
f 1355 1337 1357
f 1357 1337 1336
f 1357 1336 1358
f 1358 1336 1360
f 1360 1336 1335
f 1360 1335 1361
f 1361 1335 1334
f 1361 1334 1363
f 1363 1334 1333
f 1363 1333 1332
f 1363 1332 1371
f 1371 1332 1331
f 1371 1331 1285
f 1285 1331 1286
f 1286 1331 1287
f 1287 1331 1288
f 1288 1331 1289
f 1289 1331 1290
f 1290 1331 1291
f 1291 1331 1292
f 1292 1331 1293
f 1293 1331 1678
f 1293 1678 1294
f 1285 1284 1371
f 1371 1284 1372
f 1372 1284 1283
f 1372 1283 1282
f 1282 1281 1372
f 1372 1281 1280
f 1372 1280 1373
f 1373 1280 1369
f 1369 1280 1370
f 1370 1280 1778
f 1370 1778 1374
f 1330 1329 2313
f 2313 1329 1328
f 2313 1328 1327
f 1327 1326 2313
f 2313 1326 1325
f 2313 1325 1324
f 1324 1323 2313
f 2313 1323 1322
f 2313 1322 1321
f 1321 1320 2313
f 2313 1320 2314
f 2314 1320 1656
f 2315 1272 2312
f 2312 1272 1271
f 2312 1271 1270
f 1274 1273 2315
f 2315 1273 1272
f 1270 1269 2312
f 2312 1269 1268
f 2312 1268 1267
f 1267 1266 2312
f 2312 1266 1265
f 1262 1261 1426
f 1426 1261 1260
f 1426 1260 1427
f 1427 1260 1423
f 1423 1260 1424
f 1424 1260 1726
f 1424 1726 1428
f 1656 1657 2314
f 2314 1657 2316
f 1275 1274 2317
f 2317 1274 2315
f 1778 1779 1374
f 1374 1779 1375
f 1700 1701 1314
f 1314 1701 1315
f 1429 1428 1727
f 1727 1428 1726
f 1678 1679 1294
f 1294 1679 1295
f 1402 1401 1753
f 1753 1401 1752
f 506 507 1751
f 1751 507 1406
f 1751 1406 1749
f 1749 1406 1747
f 1747 1406 1745
f 1745 1406 1660
f 1745 1660 1743
f 1743 1660 1662
f 1743 1662 1741
f 1741 1662 1664
f 1741 1664 1739
f 1739 1664 1994
f 1739 1994 1996
f 1667 1299 1664
f 1664 1299 1992
f 1664 1992 1994
f 1667 1669 1299
f 1299 1669 1671
f 1299 1671 1673
f 1673 1675 1299
f 1299 1675 1677
f 1299 1677 475
f 475 1677 476
f 1739 1996 1737
f 1737 1996 1998
f 1737 1998 1735
f 1735 1998 2000
f 1735 2000 1733
f 1733 2000 2002
f 1733 2002 1732
f 1732 2002 2318
f 1732 2318 2319
f 2002 1758 2318
f 2318 1758 1759
f 2318 1759 1642
f 1642 1759 1761
f 1642 1761 1763
f 1763 1765 1642
f 1642 1765 1767
f 1642 1767 1640
f 1640 1767 1769
f 1640 1769 1638
f 1638 1769 1771
f 1638 1771 1379
f 1379 1771 1773
f 1379 1773 1775
f 1775 1777 1379
f 1379 1777 468
f 468 1777 467
f 1642 1645 2318
f 2318 1645 1647
f 2318 1647 1649
f 1649 1651 2318
f 2318 1651 1653
f 2318 1653 1655
f 432 428 1655
f 1655 428 2318
f 543 1279 2319
f 2319 1279 1968
f 2319 1968 1970
f 543 545 1279
f 1970 1972 2319
f 2319 1972 1974
f 2319 1974 1976
f 1976 1978 2319
f 2319 1978 1706
f 2319 1706 1990
f 1990 1706 1707
f 1990 1707 1988
f 1988 1707 1709
f 1988 1709 1986
f 1986 1709 1711
f 1986 1711 1984
f 1984 1711 1713
f 1984 1713 1982
f 1982 1713 1686
f 1982 1686 1980
f 1980 1686 1319
f 1319 1686 1689
f 1319 1689 1691
f 1713 1715 1686
f 1686 1715 1684
f 1684 1715 1717
f 1684 1717 1682
f 1682 1717 1719
f 1682 1719 1433
f 1433 1719 1721
f 1433 1721 1723
f 1723 1725 1433
f 1433 1725 536
f 536 1725 535
f 1691 1693 1319
f 1319 1693 1695
f 1319 1695 1697
f 1697 1699 1319
f 1319 1699 514
f 514 1699 515
f 1990 1732 2319
f 1568 1567 2320
f 2320 1567 2321
f 1590 1589 1611
f 1611 1589 2322
f 1892 2311 1240
f 1240 2311 1241
f 1241 2311 2323
f 1241 2323 1242
f 1242 2323 1243
f 1243 2323 1244
f 1244 2323 1245
f 1245 2323 1246
f 1246 2323 1247
f 1247 2323 1248
f 1248 2323 1490
f 1248 1490 1489
f 2324 1478 2323
f 2323 1478 1502
f 2323 1502 1501
f 2310 1456 2324
f 2324 1456 1455
f 2324 1455 1479
f 1479 1455 1454
f 1479 1454 1452
f 2310 2303 1456
f 1452 1451 1479
f 1479 1451 1449
f 1479 1449 1448
f 1448 1444 1479
f 1479 1444 1443
f 1479 1443 1208
f 1208 1443 1446
f 1208 1446 1209
f 1209 1446 1445
f 1209 1445 1210
f 1210 1445 1211
f 1211 1445 1212
f 1212 1445 1213
f 1213 1445 1437
f 1213 1437 1434
f 1434 1436 1213
f 1213 1436 1214
f 1214 1436 1916
f 1208 1207 1479
f 1479 1207 1206
f 1479 1206 1205
f 1205 1204 1479
f 1479 1204 1203
f 1479 1203 1202
f 1202 1201 1479
f 1479 1201 1200
f 1479 1200 2299
f 2299 1200 1848
f 1479 1478 2324
f 1478 1477 1502
f 1502 1477 1475
f 1502 1475 1474
f 1474 1472 1502
f 1502 1472 1471
f 1502 1471 1467
f 1467 1466 1502
f 1502 1466 1228
f 1502 1228 1227
f 1466 1469 1228
f 1228 1469 1229
f 1229 1469 1468
f 1229 1468 1230
f 1230 1468 1231
f 1231 1468 1232
f 1232 1468 1233
f 1233 1468 1460
f 1233 1460 1457
f 1457 1459 1233
f 1233 1459 1234
f 1234 1459 1940
f 1227 1226 1502
f 1502 1226 1225
f 1502 1225 1224
f 1224 1223 1502
f 1502 1223 1222
f 1502 1222 1221
f 1221 1220 1502
f 1502 1220 2301
f 2301 1220 1870
f 1501 1500 2323
f 2323 1500 1498
f 2323 1498 1497
f 1497 1495 2323
f 2323 1495 1494
f 2323 1494 1490
f 1489 1492 1248
f 1248 1492 1249
f 1249 1492 1491
f 1249 1491 1250
f 1250 1491 1251
f 1251 1491 1252
f 1252 1491 1253
f 1253 1491 1483
f 1253 1483 1480
f 1480 1482 1253
f 1253 1482 1254
f 1254 1482 1964
f 2325 2326 2308
f 2308 2326 2327
f 2308 2327 2307
f 2325 2328 2326
f 2326 2328 2329
f 2326 2329 2330
f 2330 2329 2331
f 2331 2329 2323
f 2323 2329 2332
f 2323 2332 2324
f 2328 2332 2329
f 2330 2327 2326
f 2333 2334 2313
f 2313 2334 2335
f 2313 2335 2312
f 2333 2336 2334
f 2334 2336 2337
f 2334 2337 2338
f 2338 2337 2339
f 2339 2337 2340
f 2340 2337 2341
f 2340 2341 2342
f 2336 2341 2337
f 2338 2335 2334
f 1402 1753 1403
f 1403 1753 1755
f 1403 1755 2027
f 2027 1755 2029
f 2029 1755 2101
f 2029 2101 2031
f 2031 2101 2099
f 2031 2099 2033
f 2033 2099 2097
f 2033 2097 2035
f 2035 2097 2163
f 2035 2163 2161
f 2163 2097 1703
f 1703 2097 2095
f 1703 2095 2093
f 2093 2091 1703
f 1703 2091 2089
f 1703 2089 2087
f 2087 1316 1703
f 1703 1316 1701
f 1701 1316 1315
f 2035 2161 2037
f 2037 2161 2159
f 2037 2159 2039
f 2039 2159 2157
f 2039 2157 2041
f 2041 2157 2155
f 2041 2155 2043
f 2043 2155 2068
f 2043 2068 2045
f 2045 2068 2340
f 2045 2340 2342
f 2068 2067 2340
f 2340 2067 2065
f 2340 2065 2113
f 2113 2065 2063
f 2113 2063 2061
f 2061 2059 2113
f 2113 2059 2057
f 2113 2057 2055
f 2113 2055 2115
f 2115 2055 2053
f 2115 2053 2117
f 2117 2053 2051
f 2117 2051 1729
f 1729 2051 2049
f 1729 2049 1430
f 1429 1727 1430
f 1430 1727 1729
f 2113 2111 2340
f 2340 2111 2109
f 2340 2109 2107
f 2107 2105 2340
f 2340 2105 2103
f 2340 2103 2317
f 2317 2103 1276
f 2317 1276 1275
f 2316 1659 2342
f 2342 1659 2183
f 2342 2183 2181
f 2316 1657 1659
f 2181 2179 2342
f 2342 2179 2177
f 2342 2177 2175
f 2175 2024 2342
f 2342 2024 2023
f 2342 2023 2046
f 2046 2023 2021
f 2046 2021 2165
f 2165 2021 2019
f 2165 2019 2167
f 2167 2019 2017
f 2167 2017 2169
f 2169 2017 2015
f 2169 2015 2171
f 2171 2015 2013
f 2171 2013 2173
f 2173 2013 2081
f 2173 2081 1681
f 1681 2081 2079
f 1681 2079 2077
f 2013 2011 2081
f 2081 2011 2083
f 2083 2011 2009
f 2083 2009 2085
f 2085 2009 2007
f 2085 2007 1781
f 1781 2007 2005
f 1781 2005 1376
f 1375 1779 1376
f 1376 1779 1781
f 2077 2075 1681
f 1681 2075 2073
f 1681 2073 2071
f 2071 1296 1681
f 1681 1296 1679
f 1679 1296 1295
f 2046 2045 2342
f 2318 2343 2319
f 2319 2343 2344
f 2345 2305 2346
f 2346 2305 2304
f 1637 1636 1588
f 1588 1636 1587
f 1569 1571 1567
f 1567 1571 1573
f 1567 1573 2321
f 2321 1573 1575
f 2321 1575 1577
f 1577 1579 2321
f 2321 1579 1581
f 2321 1581 2347
f 2347 1581 1583
f 2347 1583 1585
f 1585 1587 2347
f 2347 1587 2348
f 2348 1587 1626
f 1626 1587 1627
f 1627 1587 1628
f 1628 1587 1630
f 1630 1587 1636
f 1630 1636 1632
f 1632 1636 1634
f 2349 2350 2351
f 2351 2350 2352
f 2351 2352 2353
f 2353 2352 2354
f 2353 2354 2355
f 2355 2354 2356
f 2355 2356 2357
f 2357 2356 2358
f 2357 2358 2359
f 2359 2358 2360
f 2359 2360 2361
f 2361 2360 2362
f 2361 2362 2363
f 2363 2362 2364
f 2363 2364 2365
f 2365 2364 2366
f 2365 2366 2367
f 2367 2366 2368
f 2367 2368 2369
f 2369 2368 2370
f 2369 2370 2371
f 2371 2370 2372
f 2371 2372 2373
f 2373 2372 2374
f 2373 2374 2375
f 2375 2374 2376
f 2375 2376 2377
f 2377 2376 2378
f 2377 2378 2379
f 2379 2378 2380
f 2379 2380 2381
f 2381 2380 2382
f 2381 2382 2383
f 2383 2382 2384
f 2383 2384 2385
f 2385 2384 2386
f 2385 2386 2387
f 2387 2386 2388
f 2387 2388 2389
f 2389 2388 2390
f 2389 2390 2391
f 2391 2390 2392
f 2391 2392 2393
f 2393 2392 2394
f 2393 2394 2395
f 2395 2394 2396
f 2395 2396 2349
f 2349 2396 2350
f 2397 2398 2399
f 2399 2398 2400
f 2399 2400 2401
f 2401 2400 2402
f 2401 2402 2403
f 2403 2402 2404
f 2403 2404 2405
f 2405 2404 2406
f 2405 2406 2407
f 2407 2406 2408
f 2407 2408 2409
f 2409 2408 2410
f 2409 2410 2411
f 2411 2410 2412
f 2411 2412 2413
f 2413 2412 2414
f 2413 2414 2415
f 2415 2414 2416
f 2415 2416 2417
f 2417 2416 2418
f 2417 2418 2419
f 2419 2418 2420
f 2419 2420 2421
f 2421 2420 2422
f 2421 2422 2423
f 2423 2422 2424
f 2423 2424 2425
f 2425 2424 2426
f 2425 2426 2427
f 2427 2426 2428
f 2427 2428 2429
f 2429 2428 2430
f 2429 2430 2431
f 2431 2430 2432
f 2431 2432 2433
f 2433 2432 2434
f 2433 2434 2435
f 2435 2434 2436
f 2435 2436 2437
f 2437 2436 2438
f 2437 2438 2439
f 2439 2438 2440
f 2439 2440 2441
f 2441 2440 2442
f 2441 2442 2443
f 2443 2442 2444
f 2443 2444 2397
f 2397 2444 2398
f 2376 2445 2378
f 2378 2445 2446
f 2378 2446 2380
f 2380 2446 2447
f 2380 2447 2382
f 2382 2447 2448
f 2382 2448 2384
f 2384 2448 2449
f 2384 2449 2386
f 2386 2449 2450
f 2386 2450 2388
f 2388 2450 2451
f 2388 2451 2390
f 2390 2451 2452
f 2390 2452 2392
f 2392 2452 2453
f 2392 2453 2394
f 2394 2453 2454
f 2394 2454 2396
f 2396 2454 2455
f 2396 2455 2350
f 2350 2455 2456
f 2350 2456 2352
f 2352 2456 2457
f 2352 2457 2354
f 2354 2457 2458
f 2354 2458 2356
f 2356 2458 2459
f 2356 2459 2358
f 2358 2459 2460
f 2358 2460 2360
f 2360 2460 2461
f 2360 2461 2362
f 2362 2461 2462
f 2362 2462 2364
f 2364 2462 2463
f 2364 2463 2366
f 2366 2463 2464
f 2366 2464 2368
f 2368 2464 2465
f 2368 2465 2370
f 2370 2465 2466
f 2370 2466 2372
f 2372 2466 2467
f 2372 2467 2374
f 2374 2467 2468
f 2374 2468 2376
f 2376 2468 2445
f 2445 2469 2446
f 2446 2469 2470
f 2446 2470 2447
f 2447 2470 2471
f 2447 2471 2448
f 2448 2471 2472
f 2448 2472 2449
f 2449 2472 2473
f 2449 2473 2450
f 2450 2473 2474
f 2450 2474 2451
f 2451 2474 2475
f 2451 2475 2452
f 2452 2475 2476
f 2452 2476 2453
f 2453 2476 2477
f 2453 2477 2454
f 2454 2477 2478
f 2454 2478 2455
f 2455 2478 2479
f 2455 2479 2456
f 2456 2479 2480
f 2456 2480 2457
f 2457 2480 2481
f 2457 2481 2458
f 2458 2481 2482
f 2458 2482 2459
f 2459 2482 2483
f 2459 2483 2460
f 2460 2483 2484
f 2460 2484 2461
f 2461 2484 2485
f 2461 2485 2462
f 2462 2485 2486
f 2462 2486 2463
f 2463 2486 2487
f 2463 2487 2464
f 2464 2487 2488
f 2464 2488 2465
f 2465 2488 2489
f 2465 2489 2466
f 2466 2489 2490
f 2466 2490 2467
f 2467 2490 2491
f 2467 2491 2468
f 2468 2491 2492
f 2468 2492 2445
f 2445 2492 2469
f 2469 2493 2470
f 2470 2493 2494
f 2470 2494 2471
f 2471 2494 2495
f 2471 2495 2472
f 2472 2495 2496
f 2472 2496 2473
f 2473 2496 2497
f 2473 2497 2474
f 2474 2497 2498
f 2474 2498 2475
f 2475 2498 2499
f 2475 2499 2476
f 2476 2499 2500
f 2476 2500 2477
f 2477 2500 2501
f 2477 2501 2478
f 2478 2501 2502
f 2478 2502 2479
f 2479 2502 2503
f 2479 2503 2480
f 2480 2503 2504
f 2480 2504 2481
f 2481 2504 2505
f 2481 2505 2482
f 2482 2505 2506
f 2482 2506 2483
f 2483 2506 2507
f 2483 2507 2484
f 2484 2507 2508
f 2484 2508 2485
f 2485 2508 2509
f 2485 2509 2486
f 2486 2509 2510
f 2486 2510 2487
f 2487 2510 2511
f 2487 2511 2488
f 2488 2511 2512
f 2488 2512 2489
f 2489 2512 2513
f 2489 2513 2490
f 2490 2513 2514
f 2490 2514 2491
f 2491 2514 2515
f 2491 2515 2492
f 2492 2515 2516
f 2492 2516 2469
f 2469 2516 2493
f 2493 2517 2494
f 2494 2517 2518
f 2494 2518 2495
f 2495 2518 2519
f 2495 2519 2496
f 2496 2519 2520
f 2496 2520 2497
f 2497 2520 2521
f 2497 2521 2498
f 2498 2521 2522
f 2498 2522 2499
f 2499 2522 2523
f 2499 2523 2500
f 2500 2523 2524
f 2500 2524 2501
f 2501 2524 2525
f 2501 2525 2502
f 2502 2525 2526
f 2502 2526 2503
f 2503 2526 2527
f 2503 2527 2504
f 2504 2527 2528
f 2504 2528 2505
f 2505 2528 2529
f 2505 2529 2506
f 2506 2529 2530
f 2506 2530 2507
f 2507 2530 2531
f 2507 2531 2508
f 2508 2531 2532
f 2508 2532 2509
f 2509 2532 2533
f 2509 2533 2510
f 2510 2533 2534
f 2510 2534 2511
f 2511 2534 2535
f 2511 2535 2512
f 2512 2535 2536
f 2512 2536 2513
f 2513 2536 2537
f 2513 2537 2514
f 2514 2537 2538
f 2514 2538 2515
f 2515 2538 2539
f 2515 2539 2516
f 2516 2539 2540
f 2516 2540 2493
f 2493 2540 2517
f 2517 2541 2518
f 2518 2541 2542
f 2518 2542 2519
f 2519 2542 2543
f 2519 2543 2520
f 2520 2543 2544
f 2520 2544 2521
f 2521 2544 2545
f 2521 2545 2522
f 2522 2545 2546
f 2522 2546 2523
f 2523 2546 2547
f 2523 2547 2524
f 2524 2547 2548
f 2524 2548 2525
f 2525 2548 2549
f 2525 2549 2526
f 2526 2549 2550
f 2526 2550 2527
f 2527 2550 2551
f 2527 2551 2528
f 2528 2551 2552
f 2528 2552 2529
f 2529 2552 2553
f 2529 2553 2530
f 2530 2553 2554
f 2530 2554 2531
f 2531 2554 2555
f 2531 2555 2532
f 2532 2555 2556
f 2532 2556 2533
f 2533 2556 2557
f 2533 2557 2534
f 2534 2557 2558
f 2534 2558 2535
f 2535 2558 2559
f 2535 2559 2536
f 2536 2559 2560
f 2536 2560 2537
f 2537 2560 2561
f 2537 2561 2538
f 2538 2561 2562
f 2538 2562 2539
f 2539 2562 2563
f 2539 2563 2540
f 2540 2563 2564
f 2540 2564 2517
f 2517 2564 2541
f 2541 2565 2542
f 2542 2565 2566
f 2542 2566 2543
f 2543 2566 2567
f 2543 2567 2544
f 2544 2567 2568
f 2544 2568 2545
f 2545 2568 2569
f 2545 2569 2546
f 2546 2569 2570
f 2546 2570 2547
f 2547 2570 2571
f 2547 2571 2548
f 2548 2571 2572
f 2548 2572 2549
f 2549 2572 2573
f 2549 2573 2550
f 2550 2573 2574
f 2550 2574 2551
f 2551 2574 2575
f 2551 2575 2552
f 2552 2575 2576
f 2552 2576 2553
f 2553 2576 2577
f 2553 2577 2554
f 2554 2577 2578
f 2554 2578 2555
f 2555 2578 2579
f 2555 2579 2556
f 2556 2579 2580
f 2556 2580 2557
f 2557 2580 2581
f 2557 2581 2558
f 2558 2581 2582
f 2558 2582 2559
f 2559 2582 2583
f 2559 2583 2560
f 2560 2583 2584
f 2560 2584 2561
f 2561 2584 2585
f 2561 2585 2562
f 2562 2585 2586
f 2562 2586 2563
f 2563 2586 2587
f 2563 2587 2564
f 2564 2587 2588
f 2564 2588 2541
f 2541 2588 2565
f 2565 2589 2566
f 2566 2589 2590
f 2566 2590 2567
f 2567 2590 2591
f 2567 2591 2568
f 2568 2591 2592
f 2568 2592 2569
f 2569 2592 2593
f 2569 2593 2570
f 2570 2593 2594
f 2570 2594 2571
f 2571 2594 2595
f 2571 2595 2572
f 2572 2595 2596
f 2572 2596 2573
f 2573 2596 2597
f 2573 2597 2574
f 2574 2597 2598
f 2574 2598 2575
f 2575 2598 2599
f 2575 2599 2576
f 2576 2599 2600
f 2576 2600 2577
f 2577 2600 2601
f 2577 2601 2578
f 2578 2601 2602
f 2578 2602 2579
f 2579 2602 2603
f 2579 2603 2580
f 2580 2603 2604
f 2580 2604 2581
f 2581 2604 2605
f 2581 2605 2582
f 2582 2605 2606
f 2582 2606 2583
f 2583 2606 2607
f 2583 2607 2584
f 2584 2607 2608
f 2584 2608 2585
f 2585 2608 2609
f 2585 2609 2586
f 2586 2609 2610
f 2586 2610 2587
f 2587 2610 2611
f 2587 2611 2588
f 2588 2611 2612
f 2588 2612 2565
f 2565 2612 2589
f 2589 2613 2590
f 2590 2613 2614
f 2590 2614 2591
f 2591 2614 2615
f 2591 2615 2592
f 2592 2615 2616
f 2592 2616 2593
f 2593 2616 2617
f 2593 2617 2594
f 2594 2617 2618
f 2594 2618 2595
f 2595 2618 2619
f 2595 2619 2596
f 2596 2619 2620
f 2596 2620 2597
f 2597 2620 2621
f 2597 2621 2598
f 2598 2621 2622
f 2598 2622 2599
f 2599 2622 2623
f 2599 2623 2600
f 2600 2623 2624
f 2600 2624 2601
f 2601 2624 2625
f 2601 2625 2602
f 2602 2625 2626
f 2602 2626 2603
f 2603 2626 2627
f 2603 2627 2604
f 2604 2627 2628
f 2604 2628 2605
f 2605 2628 2629
f 2605 2629 2606
f 2606 2629 2630
f 2606 2630 2607
f 2607 2630 2631
f 2607 2631 2608
f 2608 2631 2632
f 2608 2632 2609
f 2609 2632 2633
f 2609 2633 2610
f 2610 2633 2634
f 2610 2634 2611
f 2611 2634 2635
f 2611 2635 2612
f 2612 2635 2636
f 2612 2636 2589
f 2589 2636 2613
f 2613 2637 2614
f 2614 2637 2638
f 2614 2638 2615
f 2615 2638 2639
f 2615 2639 2616
f 2616 2639 2640
f 2616 2640 2617
f 2617 2640 2641
f 2617 2641 2618
f 2618 2641 2642
f 2618 2642 2619
f 2619 2642 2643
f 2619 2643 2620
f 2620 2643 2644
f 2620 2644 2621
f 2621 2644 2645
f 2621 2645 2622
f 2622 2645 2646
f 2622 2646 2623
f 2623 2646 2647
f 2623 2647 2624
f 2624 2647 2648
f 2624 2648 2625
f 2625 2648 2649
f 2625 2649 2626
f 2626 2649 2650
f 2626 2650 2627
f 2627 2650 2651
f 2627 2651 2628
f 2628 2651 2652
f 2628 2652 2629
f 2629 2652 2653
f 2629 2653 2630
f 2630 2653 2654
f 2630 2654 2631
f 2631 2654 2655
f 2631 2655 2632
f 2632 2655 2656
f 2632 2656 2633
f 2633 2656 2657
f 2633 2657 2634
f 2634 2657 2658
f 2634 2658 2635
f 2635 2658 2659
f 2635 2659 2636
f 2636 2659 2660
f 2636 2660 2613
f 2613 2660 2637
f 2637 2661 2638
f 2638 2661 2662
f 2638 2662 2639
f 2639 2662 2663
f 2639 2663 2640
f 2640 2663 2664
f 2640 2664 2641
f 2641 2664 2665
f 2641 2665 2642
f 2642 2665 2666
f 2642 2666 2643
f 2643 2666 2667
f 2643 2667 2644
f 2644 2667 2668
f 2644 2668 2645
f 2645 2668 2669
f 2645 2669 2646
f 2646 2669 2670
f 2646 2670 2647
f 2647 2670 2671
f 2647 2671 2648
f 2648 2671 2672
f 2648 2672 2649
f 2649 2672 2673
f 2649 2673 2650
f 2650 2673 2674
f 2650 2674 2651
f 2651 2674 2675
f 2651 2675 2652
f 2652 2675 2676
f 2652 2676 2653
f 2653 2676 2677
f 2653 2677 2654
f 2654 2677 2678
f 2654 2678 2655
f 2655 2678 2679
f 2655 2679 2656
f 2656 2679 2680
f 2656 2680 2657
f 2657 2680 2681
f 2657 2681 2658
f 2658 2681 2682
f 2658 2682 2659
f 2659 2682 2683
f 2659 2683 2660
f 2660 2683 2684
f 2660 2684 2637
f 2637 2684 2661
f 2661 2685 2662
f 2662 2685 2686
f 2662 2686 2663
f 2663 2686 2687
f 2663 2687 2664
f 2664 2687 2688
f 2664 2688 2665
f 2665 2688 2689
f 2665 2689 2666
f 2666 2689 2690
f 2666 2690 2667
f 2667 2690 2691
f 2667 2691 2668
f 2668 2691 2692
f 2668 2692 2669
f 2669 2692 2693
f 2669 2693 2670
f 2670 2693 2694
f 2670 2694 2671
f 2671 2694 2695
f 2671 2695 2672
f 2672 2695 2696
f 2672 2696 2673
f 2673 2696 2697
f 2673 2697 2674
f 2674 2697 2698
f 2674 2698 2675
f 2675 2698 2699
f 2675 2699 2676
f 2676 2699 2700
f 2676 2700 2677
f 2677 2700 2701
f 2677 2701 2678
f 2678 2701 2702
f 2678 2702 2679
f 2679 2702 2703
f 2679 2703 2680
f 2680 2703 2704
f 2680 2704 2681
f 2681 2704 2705
f 2681 2705 2682
f 2682 2705 2706
f 2682 2706 2683
f 2683 2706 2707
f 2683 2707 2684
f 2684 2707 2708
f 2684 2708 2661
f 2661 2708 2685
f 2685 2709 2686
f 2686 2709 2710
f 2686 2710 2687
f 2687 2710 2711
f 2687 2711 2688
f 2688 2711 2712
f 2688 2712 2689
f 2689 2712 2713
f 2689 2713 2690
f 2690 2713 2714
f 2690 2714 2691
f 2691 2714 2715
f 2691 2715 2692
f 2692 2715 2716
f 2692 2716 2693
f 2693 2716 2717
f 2693 2717 2694
f 2694 2717 2718
f 2694 2718 2695
f 2695 2718 2719
f 2695 2719 2696
f 2696 2719 2720
f 2696 2720 2697
f 2697 2720 2721
f 2697 2721 2698
f 2698 2721 2722
f 2698 2722 2699
f 2699 2722 2723
f 2699 2723 2700
f 2700 2723 2724
f 2700 2724 2701
f 2701 2724 2725
f 2701 2725 2702
f 2702 2725 2726
f 2702 2726 2703
f 2703 2726 2727
f 2703 2727 2704
f 2704 2727 2728
f 2704 2728 2705
f 2705 2728 2729
f 2705 2729 2706
f 2706 2729 2730
f 2706 2730 2707
f 2707 2730 2731
f 2707 2731 2708
f 2708 2731 2732
f 2708 2732 2685
f 2685 2732 2709
f 2709 2400 2710
f 2710 2400 2398
f 2710 2398 2711
f 2711 2398 2444
f 2711 2444 2712
f 2712 2444 2442
f 2712 2442 2713
f 2713 2442 2440
f 2713 2440 2714
f 2714 2440 2438
f 2714 2438 2715
f 2715 2438 2436
f 2715 2436 2716
f 2716 2436 2434
f 2716 2434 2717
f 2717 2434 2432
f 2717 2432 2718
f 2718 2432 2430
f 2718 2430 2719
f 2719 2430 2428
f 2719 2428 2720
f 2720 2428 2426
f 2720 2426 2721
f 2721 2426 2424
f 2721 2424 2722
f 2722 2424 2422
f 2722 2422 2723
f 2723 2422 2420
f 2723 2420 2724
f 2724 2420 2418
f 2724 2418 2725
f 2725 2418 2416
f 2725 2416 2726
f 2726 2416 2414
f 2726 2414 2727
f 2727 2414 2412
f 2727 2412 2728
f 2728 2412 2410
f 2728 2410 2729
f 2729 2410 2408
f 2729 2408 2730
f 2730 2408 2406
f 2730 2406 2731
f 2731 2406 2404
f 2731 2404 2732
f 2732 2404 2402
f 2732 2402 2709
f 2709 2402 2400
f 1536 1535 1537
f 1537 1535 1566
f 1566 1535 1538
f 1566 1538 1565
f 1565 1538 1539
f 1565 1539 1564
f 1564 1539 1540
f 1564 1540 1563
f 1563 1540 1541
f 1563 1541 1562
f 1562 1541 1542
f 1562 1542 1543
f 1544 1560 1543
f 1543 1560 1561
f 1543 1561 1562
f 1560 1544 1559
f 1559 1544 1545
f 1559 1545 1546
f 1547 1557 1546
f 1546 1557 1558
f 1546 1558 1559
f 1557 1547 1556
f 1556 1547 1548
f 1556 1548 1555
f 1555 1548 1549
f 1555 1549 1554
f 1554 1549 1550
f 1554 1550 1553
f 1553 1550 1551
f 1553 1551 1552
f 2733 2734 2735
f 2735 2734 2736
f 2735 2736 2737
f 2737 2736 2738
f 2738 2736 2739
f 2739 2736 2740
f 2741 2742 2734
f 2734 2742 2743
f 2734 2743 2736
f 2741 2744 2742
f 2745 2746 2742
f 2742 2746 2743
f 2747 2748 2749
f 2749 2748 2750
f 2749 2750 2751
f 2751 2750 2752
f 2751 2752 2753
f 2753 2752 2754
f 2753 2754 2755
f 2753 2755 2756
f 2756 2755 2757
f 2756 2757 2758
f 2758 2757 2759
f 2758 2759 2760
f 2760 2759 2761
f 2760 2761 2762
f 2762 2761 2763
f 2762 2763 2764
f 2764 2763 2765
f 2764 2765 2766
f 2766 2765 2767
f 2766 2767 2768
f 2768 2767 2769
f 2768 2769 2770
f 2770 2769 2771
f 2770 2771 2772
f 2772 2771 2773
f 2772 2773 2774
f 2774 2773 2775
f 2774 2775 2776
f 2776 2775 2777
f 2776 2777 2778
f 2776 2778 2779
f 2779 2778 2780
f 2779 2780 2781
f 2781 2780 2782
f 2781 2782 2783
f 2783 2782 2784
f 2783 2784 2785
f 2785 2784 2786
f 2785 2786 2787
f 2787 2786 2788
f 2787 2788 2789
f 2789 2788 2790
f 2789 2790 2791
f 2791 2790 2792
f 2791 2792 2793
f 2793 2792 2794
f 2793 2794 2795
f 2795 2794 2796
f 2795 2796 2797
f 2797 2796 2747
f 2797 2747 2749
f 2798 2799 2800
f 2800 2799 2801
f 2802 2803 2804
f 2804 2803 2805
f 2804 2805 2806
f 2806 2805 2807
f 2806 2807 2808
f 2808 2807 2809
f 2808 2809 2810
f 2810 2809 2811
f 2810 2811 2812
f 2812 2811 2813
f 2812 2813 2814
f 2814 2813 2815
f 2814 2815 2816
f 2816 2815 2817
f 2816 2817 2818
f 2818 2817 2819
f 2818 2819 2820
f 2820 2819 2821
f 2820 2821 2822
f 2822 2821 2823
f 2822 2823 2824
f 2824 2823 2825
f 2824 2825 2826
f 2826 2825 2827
f 2826 2827 2828
f 2828 2827 2829
f 2828 2829 2830
f 2830 2829 2831
f 2830 2831 2832
f 2832 2831 2833
f 2832 2833 2834
f 2834 2833 2835
f 2834 2835 2836
f 2836 2835 2837
f 2836 2837 2838
f 2838 2837 2839
f 2838 2839 2840
f 2840 2839 2841
f 2840 2841 2842
f 2842 2841 2843
f 2842 2843 2844
f 2844 2843 2845
f 2844 2845 2846
f 2846 2845 2847
f 2846 2847 2848
f 2848 2847 2849
f 2848 2849 2802
f 2802 2849 2803
f 2850 2851 2852
f 2852 2851 2853
f 2852 2853 2854
f 2854 2853 2855
f 2854 2855 2856
f 2856 2855 2857
f 2856 2857 2858
f 2858 2857 2859
f 2858 2859 2860
f 2860 2859 2861
f 2860 2861 2862
f 2862 2861 2863
f 2862 2863 2864
f 2864 2863 2865
f 2864 2865 2866
f 2866 2865 2867
f 2866 2867 2868
f 2868 2867 2869
f 2868 2869 2870
f 2870 2869 2871
f 2870 2871 2872
f 2872 2871 2873
f 2872 2873 2874
f 2874 2873 2875
f 2874 2875 2876
f 2876 2875 2877
f 2876 2877 2878
f 2878 2877 2879
f 2878 2879 2880
f 2880 2879 2881
f 2880 2881 2882
f 2882 2881 2883
f 2882 2883 2884
f 2884 2883 2885
f 2884 2885 2886
f 2886 2885 2887
f 2886 2887 2888
f 2888 2887 2889
f 2888 2889 2890
f 2890 2889 2891
f 2890 2891 2892
f 2892 2891 2893
f 2892 2893 2894
f 2894 2893 2895
f 2894 2895 2896
f 2896 2895 2897
f 2896 2897 2850
f 2850 2897 2851
f 2898 2899 2900
f 2900 2899 2901
f 2900 2901 2902
f 2902 2901 2903
f 2902 2903 2904
f 2904 2903 2905
f 2904 2905 2906
f 2906 2905 2907
f 2906 2907 2908
f 2908 2907 2909
f 2908 2909 2910
f 2910 2909 2911
f 2911 2909 2912
f 2911 2912 2913
f 2913 2912 2914
f 2914 2912 2915
f 2914 2915 2916
f 2916 2915 2917
f 2917 2915 2918
f 2918 2915 2919
f 2918 2919 2920
f 2920 2919 2921
f 2920 2921 2922
f 2922 2921 2923
f 2922 2923 2924
f 2924 2923 2925
f 2924 2925 2926
f 2926 2925 2927
f 2926 2927 2928
f 2928 2927 2929
f 2928 2929 2930
f 2930 2929 2931
f 2930 2931 2932
f 2932 2931 2933
f 2932 2933 2934
f 2934 2933 2935
f 2934 2935 2936
f 2936 2935 2937
f 2936 2937 2938
f 2938 2937 2939
f 2938 2939 2940
f 2940 2939 2941
f 2940 2941 2942
f 2942 2941 2943
f 2942 2943 2944
f 2945 2946 2898
f 2898 2946 2947
f 2898 2947 2899
f 2899 2947 2948
f 2899 2948 2949
f 2949 2948 2950
f 2949 2950 2951
f 2951 2950 2952
f 2951 2952 2953
f 2953 2952 2954
f 2953 2954 2955
f 2955 2954 2956
f 2955 2956 2957
f 2957 2956 2958
f 2957 2958 2959
f 2959 2958 2960
f 2959 2960 2961
f 2961 2960 2962
f 2961 2962 2963
f 2963 2962 2964
f 2963 2964 2965
f 2946 2945 2966
f 2966 2945 2967
f 2966 2967 2968
f 2968 2967 2969
f 2968 2969 2970
f 2970 2969 2971
f 2970 2971 2972
f 2972 2971 2973
f 2972 2973 2974
f 2974 2973 2975
f 2974 2975 2976
f 2976 2975 2977
f 2976 2977 2978
f 2978 2977 2979
f 2978 2979 2980
f 2980 2979 2981
f 2980 2981 2982
f 2982 2981 2983
f 2982 2983 2984
f 2984 2983 2985
f 2984 2985 2986
f 2986 2985 2987
f 2987 2985 2988
f 2987 2988 2989
f 2989 2988 2990
f 2989 2990 2991
f 2991 2990 2992
f 2991 2992 2993
f 2993 2992 2994
f 2993 2994 2995
f 2995 2994 2996
f 2995 2996 2997
f 2997 2996 2998
f 2997 2998 2999
f 2999 2998 3000
f 2999 3000 3001
f 3001 3000 3002
f 3001 3002 3003
f 3003 3002 3004
f 3003 3004 3005
f 3005 3004 3006
f 3005 3006 3007
f 2967 3008 2969
f 2969 3008 3009
f 2969 3009 2971
f 2971 3009 3010
f 2971 3010 2973
f 2973 3010 3011
f 2973 3011 2975
f 2975 3011 3012
f 2975 3012 2977
f 2977 3012 3013
f 2977 3013 2979
f 2979 3013 3014
f 2979 3014 2981
f 2981 3014 3015
f 2981 3015 2983
f 2983 3015 3016
f 2983 3016 2985
f 2985 3016 2988
f 3008 3017 3009
f 3009 3017 3018
f 3009 3018 3010
f 3010 3018 3019
f 3010 3019 3011
f 3011 3019 3020
f 3011 3020 3012
f 3012 3020 3021
f 3012 3021 3013
f 3013 3021 3022
f 3013 3022 3014
f 3014 3022 3023
f 3014 3023 3015
f 3015 3023 3024
f 3015 3024 3016
f 3016 3024 2990
f 3016 2990 2988
f 3017 3025 3018
f 3018 3025 3026
f 3018 3026 3019
f 3019 3026 3027
f 3019 3027 3020
f 3020 3027 3028
f 3020 3028 3021
f 3021 3028 3029
f 3021 3029 3022
f 3022 3029 3030
f 3022 3030 3023
f 3023 3030 3031
f 3023 3031 3024
f 3024 3031 2992
f 3024 2992 2990
f 3026 3025 3032
f 3032 3025 3033
f 3032 3033 3034
f 3034 3033 3035
f 3034 3035 3036
f 3036 3035 3037
f 3036 3037 3038
f 3036 3038 3039
f 3039 3038 3040
f 3039 3040 3041
f 3041 3040 3042
f 3041 3042 3043
f 3043 3044 3041
f 3041 3044 3004
f 3041 3004 3002
f 3044 3006 3004
f 3005 3007 3045
f 3045 3007 3046
f 3045 3046 3047
f 3047 3046 3048
f 3047 3048 3049
f 3049 3048 3050
f 3049 3050 3051
f 3051 3050 3052
f 3051 3052 3053
f 3053 3052 3054
f 3053 3054 3055
f 3055 3054 3056
f 3055 3056 3057
f 3058 3059 3057
f 3057 3059 3060
f 3057 3060 3055
f 3055 3060 3053
f 3061 3062 3058
f 3058 3062 3063
f 3058 3063 3059
f 3059 3063 3064
f 3059 3064 3065
f 3065 3064 3066
f 3065 3066 3051
f 3051 3066 3067
f 3051 3067 3049
f 3049 3067 3068
f 3049 3068 3047
f 3047 3068 3045
f 3062 3061 3069
f 3069 3061 3070
f 3069 3070 3071
f 3071 3070 3072
f 3071 3072 3073
f 3073 3072 3074
f 3073 3074 3075
f 3075 3074 3076
f 3075 3076 3077
f 3077 3076 3078
f 3077 3078 3079
f 3079 3078 3080
f 3079 3080 3081
f 3081 3080 3082
f 3081 3082 2991
f 2991 3082 2989
f 3070 3083 3072
f 3072 3083 3084
f 3072 3084 3074
f 3074 3084 3085
f 3074 3085 3076
f 3076 3085 3086
f 3076 3086 3078
f 3078 3086 3087
f 3078 3087 3080
f 3080 3087 3088
f 3080 3088 3089
f 3083 3090 3084
f 3084 3090 3091
f 3084 3091 3092
f 3084 3092 3085
f 3085 3092 3093
f 3085 3093 3094
f 3085 3094 3086
f 3086 3094 3095
f 3086 3095 3087
f 3087 3095 3088
f 3080 3089 3082
f 3082 3089 3096
f 3082 3096 2989
f 2989 3096 2987
f 2986 3097 2984
f 2984 3097 3098
f 2984 3098 2982
f 2982 3098 3099
f 2982 3099 2980
f 2980 3099 3100
f 2980 3100 2978
f 2978 3100 3101
f 2978 3101 2976
f 2976 3101 3102
f 2976 3102 2974
f 2974 3102 3103
f 2974 3103 2972
f 2972 3103 3104
f 2972 3104 2970
f 2970 3104 3105
f 2970 3105 2968
f 2968 3105 2966
f 3097 3106 3098
f 3098 3106 3107
f 3098 3107 3099
f 3099 3107 3108
f 3099 3108 3100
f 3100 3108 3109
f 3100 3109 3101
f 3101 3109 3110
f 3101 3110 3102
f 3102 3110 3111
f 3102 3111 3103
f 3103 3111 3112
f 3103 3112 3104
f 3104 3112 3113
f 3104 3113 3105
f 3105 3113 3114
f 3105 3114 2966
f 2966 3114 2946
f 3106 3115 3107
f 3107 3115 3116
f 3107 3116 3108
f 3108 3116 3117
f 3108 3117 3109
f 3109 3117 3118
f 3109 3118 3110
f 3110 3118 3119
f 3110 3119 3111
f 3111 3119 3120
f 3111 3120 3112
f 3112 3120 3121
f 3112 3121 3113
f 3113 3121 3122
f 3113 3122 3114
f 3114 3122 3123
f 3114 3123 2946
f 2946 3123 2947
f 3115 3124 3116
f 3116 3124 3125
f 3116 3125 3117
f 3117 3125 3126
f 3117 3126 3118
f 3118 3126 3127
f 3118 3127 3119
f 3119 3127 3128
f 3119 3128 3120
f 3120 3128 3129
f 3120 3129 3121
f 3121 3129 3130
f 3121 3130 3122
f 3122 3130 3131
f 3122 3131 3123
f 3123 3131 2948
f 3123 2948 2947
f 3124 3132 3125
f 3125 3132 3133
f 3125 3133 3126
f 3126 3133 3134
f 3126 3134 3127
f 3127 3134 3135
f 3127 3135 3128
f 3128 3135 3136
f 3128 3136 3129
f 3129 3136 3137
f 3129 3137 3130
f 3130 3137 3138
f 3130 3138 3131
f 3131 3138 2950
f 3131 2950 2948
f 3133 3132 3139
f 3139 3132 3140
f 3139 3140 3141
f 3141 3140 3142
f 3141 3142 3143
f 3143 3142 3144
f 3143 3144 3145
f 3143 3145 3146
f 3146 3145 3147
f 3146 3147 3148
f 3148 3147 3149
f 3148 3149 2962
f 2962 3149 2964
f 2965 3150 2963
f 2963 3150 3151
f 2963 3151 3152
f 3152 3151 3153
f 3152 3153 3154
f 3154 3153 3155
f 3154 3155 3156
f 3156 3155 3157
f 3156 3157 3158
f 3158 3157 3159
f 3158 3159 3160
f 3160 3159 3161
f 3160 3161 3162
f 3162 3161 3163
f 3162 3163 3164
f 3164 3163 3165
f 3164 3165 2919
f 2919 3165 2921
f 3150 3166 3151
f 3151 3166 3167
f 3151 3167 3153
f 3153 3167 3168
f 3153 3168 3155
f 3155 3168 3169
f 3155 3169 3157
f 3157 3169 3170
f 3157 3170 3159
f 3159 3170 3171
f 3159 3171 3161
f 3161 3171 3172
f 3161 3172 3163
f 3163 3172 3173
f 3163 3173 3165
f 3165 3173 3174
f 3165 3174 2921
f 2921 3174 2923
f 3166 3175 3167
f 3167 3175 3176
f 3167 3176 3168
f 3168 3176 3177
f 3168 3177 3169
f 3169 3177 3178
f 3169 3178 3170
f 3170 3178 3179
f 3170 3179 3171
f 3171 3179 3180
f 3171 3180 3172
f 3172 3180 3181
f 3172 3181 3173
f 3173 3181 3182
f 3173 3182 3174
f 3174 3182 3183
f 3174 3183 2923
f 2923 3183 2925
f 3175 3184 3176
f 3176 3184 3185
f 3176 3185 3177
f 3177 3185 3186
f 3177 3186 3178
f 3178 3186 3187
f 3178 3187 3179
f 3179 3187 3188
f 3179 3188 3180
f 3180 3188 3189
f 3180 3189 3181
f 3181 3189 3190
f 3181 3190 3182
f 3182 3190 3191
f 3182 3191 3183
f 3183 3191 2927
f 3183 2927 2925
f 3184 3192 3185
f 3185 3192 3193
f 3185 3193 3186
f 3186 3193 3194
f 3186 3194 3187
f 3187 3194 3195
f 3187 3195 3188
f 3188 3195 3196
f 3188 3196 3189
f 3189 3196 3197
f 3189 3197 3190
f 3190 3197 3198
f 3190 3198 3191
f 3191 3198 2929
f 3191 2929 2927
f 3192 3199 3193
f 3193 3199 3200
f 3193 3200 3194
f 3194 3200 3201
f 3194 3201 3195
f 3195 3201 3202
f 3195 3202 3196
f 3196 3202 3203
f 3196 3203 3197
f 3197 3203 3204
f 3197 3204 3198
f 3198 3204 2931
f 3198 2931 2929
f 3199 3205 3200
f 3200 3205 3206
f 3200 3206 3201
f 3201 3206 3207
f 3201 3207 3202
f 3202 3207 3208
f 3202 3208 3203
f 3203 3208 3209
f 3203 3209 3204
f 3204 3209 2933
f 3204 2933 2931
f 3205 3210 3206
f 3206 3210 3211
f 3206 3211 3207
f 3207 3211 3212
f 3207 3212 3208
f 3208 3212 3213
f 3208 3213 3209
f 3209 3213 2935
f 3209 2935 2933
f 3210 3214 3211
f 3211 3214 3215
f 3211 3215 3212
f 3212 3215 3216
f 3212 3216 3213
f 3213 3216 2937
f 3213 2937 2935
f 3214 3217 3215
f 3215 3217 3218
f 3215 3218 3216
f 3216 3218 2939
f 3216 2939 2937
f 3217 2943 3218
f 3218 2943 2941
f 3218 2941 2939
f 2942 2944 3219
f 3219 2944 3220
f 3219 3220 3221
f 3221 3220 3222
f 3221 3222 3223
f 3223 3222 3224
f 3223 3224 3225
f 3090 3083 3225
f 3225 3083 3223
f 3223 3083 3226
f 3226 3083 3070
f 3226 3070 3227
f 3227 3070 3228
f 3227 3228 3229
f 3229 3228 3230
f 3229 3230 3231
f 3231 3230 3232
f 3231 3232 2938
f 2938 3232 2936
f 3070 3061 3228
f 3228 3061 3233
f 3228 3233 3230
f 3230 3233 3234
f 3230 3234 3232
f 3232 3234 3235
f 3232 3235 2936
f 2936 3235 2934
f 3061 3058 3233
f 3233 3058 3236
f 3233 3236 3234
f 3234 3236 3237
f 3234 3237 3235
f 3235 3237 3238
f 3235 3238 2934
f 2934 3238 2932
f 3236 3058 3239
f 3239 3058 3057
f 3239 3057 3240
f 3240 3057 3056
f 3240 3056 3241
f 3241 3056 3242
f 3241 3242 3243
f 3243 3242 3244
f 3243 3244 3245
f 3245 3244 3246
f 3245 3246 2926
f 2926 3246 2924
f 2961 2963 3152
f 2959 2961 3247
f 3247 2961 3152
f 3247 3152 3154
f 2957 2959 3248
f 3248 2959 3247
f 3248 3247 3249
f 3249 3247 3154
f 3249 3154 3156
f 2955 2957 3250
f 3250 2957 3248
f 3250 3248 3251
f 3251 3248 3249
f 3251 3249 3252
f 3252 3249 3156
f 3252 3156 3158
f 2953 2955 3253
f 3253 2955 3250
f 3253 3250 3254
f 3254 3250 3251
f 3254 3251 3255
f 3255 3251 3252
f 3255 3252 3256
f 3256 3252 3158
f 3256 3158 3160
f 2951 2953 3257
f 3257 2953 3253
f 3257 3253 3258
f 3258 3253 3254
f 3258 3254 3259
f 3259 3254 3255
f 3259 3255 3260
f 3260 3255 3256
f 3260 3256 3261
f 3261 3256 3160
f 3261 3160 3162
f 2949 2951 3262
f 3262 2951 3257
f 3262 3257 3263
f 3263 3257 3258
f 3263 3258 3264
f 3264 3258 3259
f 3264 3259 3265
f 3265 3259 3260
f 3265 3260 3266
f 3266 3260 3261
f 3266 3261 3267
f 3267 3261 3162
f 3267 3162 3164
f 2899 2949 2901
f 2901 2949 3262
f 2901 3262 2903
f 2903 3262 3263
f 2903 3263 2905
f 2905 3263 3264
f 2905 3264 2907
f 2907 3264 3265
f 2907 3265 2909
f 2909 3265 3266
f 2909 3266 2912
f 2912 3266 3267
f 2912 3267 2915
f 2915 3267 3164
f 2915 3164 2919
f 2950 3138 2952
f 2952 3138 3268
f 2952 3268 2954
f 2954 3268 3269
f 2954 3269 2956
f 2956 3269 3270
f 2956 3270 2958
f 2958 3270 3271
f 2958 3271 2960
f 2960 3271 3148
f 2960 3148 2962
f 3268 3138 3137
f 3269 3268 3272
f 3272 3268 3137
f 3272 3137 3136
f 3270 3269 3273
f 3273 3269 3272
f 3273 3272 3274
f 3274 3272 3136
f 3274 3136 3135
f 3271 3270 3275
f 3275 3270 3273
f 3275 3273 3276
f 3276 3273 3274
f 3276 3274 3277
f 3277 3274 3135
f 3277 3135 3134
f 3148 3271 3146
f 3146 3271 3275
f 3146 3275 3143
f 3143 3275 3276
f 3143 3276 3141
f 3141 3276 3277
f 3141 3277 3139
f 3139 3277 3134
f 3139 3134 3133
f 3027 3032 3278
f 3278 3032 3034
f 3278 3034 3279
f 3279 3034 3036
f 3279 3036 3280
f 3280 3036 3039
f 3280 3039 3281
f 3281 3039 3041
f 3281 3041 3002
f 3027 3026 3032
f 3027 3278 3028
f 3028 3278 3282
f 3028 3282 3029
f 3029 3282 3283
f 3029 3283 3030
f 3030 3283 3284
f 3030 3284 3031
f 3031 3284 2994
f 3031 2994 2992
f 3282 3278 3279
f 3282 3279 3285
f 3285 3279 3280
f 3285 3280 3286
f 3286 3280 3281
f 3286 3281 3000
f 3000 3281 3002
f 3282 3285 3283
f 3283 3285 3287
f 3283 3287 3284
f 3284 3287 2996
f 3284 2996 2994
f 3287 3285 3286
f 3000 2998 3286
f 3286 2998 3287
f 2998 2996 3287
f 3003 3005 3288
f 3288 3005 3045
f 3288 3045 3068
f 3001 3003 3289
f 3289 3003 3288
f 3289 3288 3290
f 3290 3288 3068
f 3290 3068 3067
f 2999 3001 3291
f 3291 3001 3289
f 3291 3289 3292
f 3292 3289 3290
f 3292 3290 3293
f 3293 3290 3067
f 3293 3067 3066
f 2997 2999 3294
f 3294 2999 3291
f 3294 3291 3295
f 3295 3291 3292
f 3295 3292 3296
f 3296 3292 3293
f 3296 3293 3297
f 3297 3293 3066
f 3297 3066 3064
f 2995 2997 3298
f 3298 2997 3294
f 3298 3294 3299
f 3299 3294 3295
f 3299 3295 3300
f 3300 3295 3296
f 3300 3296 3301
f 3301 3296 3297
f 3301 3297 3302
f 3302 3297 3064
f 3302 3064 3063
f 3081 2991 2993
f 2993 2995 3303
f 3303 2995 3298
f 3303 3298 3304
f 3304 3298 3299
f 3304 3299 3305
f 3305 3299 3300
f 3305 3300 3306
f 3306 3300 3307
f 3306 3307 3308
f 3308 3307 3309
f 3308 3309 3069
f 3069 3309 3062
f 3079 3081 3303
f 3303 3081 2993
f 3079 3303 3304
f 3077 3079 3304
f 3077 3304 3305
f 3309 3307 3301
f 3301 3307 3300
f 3309 3301 3302
f 3077 3305 3075
f 3075 3305 3306
f 3075 3306 3073
f 3073 3306 3308
f 3073 3308 3071
f 3071 3308 3069
f 3051 3053 3065
f 3065 3053 3060
f 3065 3060 3059
f 3062 3309 3302
f 3062 3302 3063
f 2926 2928 3245
f 3245 2928 3310
f 3245 3310 3243
f 3243 3310 3311
f 3243 3311 3241
f 3241 3311 3240
f 2928 2930 3310
f 3310 2930 3312
f 3310 3312 3311
f 3311 3312 3313
f 3311 3313 3240
f 3240 3313 3239
f 2930 2932 3312
f 3312 2932 3238
f 3312 3238 3313
f 3313 3238 3237
f 3313 3237 3239
f 3239 3237 3236
f 2938 2940 3231
f 3231 2940 3314
f 3231 3314 3229
f 3229 3314 3315
f 3229 3315 3227
f 3227 3315 3226
f 2940 2942 3314
f 3314 2942 3219
f 3314 3219 3315
f 3315 3219 3221
f 3315 3221 3226
f 3226 3221 3223
f 3052 3050 3316
f 3316 3050 3048
f 3316 3048 3317
f 3317 3048 3046
f 3317 3046 3318
f 3318 3046 3007
f 3318 3007 3006
f 3318 3006 3319
f 3319 3006 3044
f 3319 3044 3043
f 3043 3042 3319
f 3319 3042 3320
f 3320 3042 3040
f 3320 3040 3038
f 3038 3037 3320
f 3320 3037 3321
f 3321 3037 3035
f 3321 3035 3322
f 3322 3035 3033
f 3322 3033 3025
f 3322 3025 3323
f 3323 3025 3017
f 3323 3017 3008
f 2900 2902 3324
f 3324 2902 2904
f 3324 2904 3325
f 3325 2904 2906
f 3325 2906 3326
f 3326 2906 2908
f 3326 2908 2910
f 3326 2910 3327
f 3327 2910 2911
f 3327 2911 2913
f 2913 2914 3327
f 3327 2914 3328
f 3328 2914 2916
f 3328 2916 2917
f 2917 2918 3328
f 3328 2918 3329
f 3329 2918 2920
f 3329 2920 3330
f 3330 2920 2922
f 3330 2922 2924
f 3330 2924 3331
f 3331 2924 3246
f 3331 3246 3244
f 3332 3333 3334
f 3334 3333 3335
f 3334 3335 3149
f 3149 3335 3336
f 3149 3336 2964
f 2964 3336 3337
f 2964 3337 2965
f 2965 3337 3150
f 3150 3337 3166
f 3166 3337 3338
f 3166 3338 3175
f 3175 3338 3184
f 3184 3338 3339
f 3184 3339 3192
f 3192 3339 3199
f 3199 3339 3340
f 3199 3340 3205
f 3205 3340 2799
f 3205 2799 3341
f 3336 3342 3337
f 3337 3342 3343
f 3337 3343 3344
f 3337 3344 3338
f 3338 3344 3345
f 3338 3345 3346
f 3338 3346 3339
f 3339 3346 3347
f 3339 3347 3348
f 3339 3348 3340
f 3340 3348 3349
f 3340 3349 2801
f 2801 3349 3350
f 3350 3349 3351
f 3350 3351 3352
f 3352 3353 3350
f 3350 3353 3354
f 3354 3353 3355
f 3354 3355 3356
f 3354 3356 3357
f 3357 3356 3358
f 3357 3358 3359
f 3359 3360 3357
f 3357 3360 3361
f 3357 3361 3362
f 3362 3361 3363
f 3362 3363 3364
f 3364 3365 3362
f 3362 3365 3366
f 3366 3365 3367
f 3366 3367 3368
f 3368 3369 3366
f 3366 3369 3370
f 3370 3369 3371
f 3370 3371 3372
f 3370 3372 3373
f 3373 3372 3374
f 3373 3374 3375
f 3375 3376 3373
f 3373 3376 3377
f 3377 3376 3378
f 3377 3378 2986
f 2986 3378 3097
f 3097 3378 3106
f 3106 3378 3115
f 3115 3378 3379
f 3115 3379 3124
f 3124 3379 3132
f 3132 3379 3380
f 3132 3380 3140
f 3140 3380 3142
f 3142 3380 3144
f 3144 3380 3381
f 3144 3381 3145
f 3145 3381 3332
f 3145 3332 3334
f 3376 3382 3378
f 3378 3382 3383
f 3378 3383 3384
f 3378 3384 3379
f 3379 3384 3385
f 3379 3385 3386
f 3379 3386 3380
f 3380 3386 3387
f 3380 3387 3388
f 3388 3381 3380
f 3389 3217 3341
f 3341 3217 3214
f 3341 3214 3210
f 3390 2944 3389
f 3389 2944 2943
f 3389 2943 3217
f 3391 3224 3390
f 3390 3224 3222
f 3390 3222 3220
f 3392 3092 3391
f 3391 3092 3091
f 3391 3091 3090
f 3393 3095 3392
f 3392 3095 3094
f 3392 3094 3093
f 3394 3089 3393
f 3393 3089 3088
f 3393 3088 3095
f 3395 2986 3394
f 3394 2986 2987
f 3394 2987 3096
f 3395 3377 2986
f 2801 2799 3340
f 3090 3225 3391
f 3391 3225 3224
f 3220 2944 3390
f 3210 3205 3341
f 3149 3147 3334
f 3334 3147 3145
f 3096 3089 3394
f 3093 3092 3392
f 3396 3397 3398
f 3398 3397 3399
f 3398 3399 3400
f 3400 3399 3401
f 3400 3401 3402
f 3402 3401 3403
f 3402 3403 3404
f 3404 3403 3405
f 3404 3405 3406
f 3406 3405 3407
f 3406 3407 3408
f 3408 3407 3409
f 3409 3407 3410
f 3409 3410 3411
f 3411 3410 3412
f 3412 3410 3413
f 3412 3413 3414
f 3414 3413 3415
f 3415 3413 3416
f 3416 3413 3417
f 3416 3417 3418
f 3418 3417 3419
f 3418 3419 3420
f 3420 3419 3421
f 3420 3421 3422
f 3422 3421 3423
f 3422 3423 3424
f 3424 3423 3425
f 3424 3425 3426
f 3426 3425 3427
f 3426 3427 3428
f 3428 3427 3429
f 3428 3429 3430
f 3430 3429 3431
f 3430 3431 3432
f 3432 3431 3433
f 3432 3433 3434
f 3434 3433 3435
f 3434 3435 3436
f 3436 3435 3437
f 3436 3437 3438
f 3438 3437 3439
f 3438 3439 3440
f 3440 3439 3345
f 3440 3345 3344
f 3441 3442 3396
f 3396 3442 3443
f 3396 3443 3397
f 3397 3443 3444
f 3397 3444 3445
f 3445 3444 3446
f 3445 3446 3447
f 3447 3446 3448
f 3447 3448 3449
f 3449 3448 3450
f 3449 3450 3451
f 3451 3450 3452
f 3451 3452 3453
f 3453 3452 3454
f 3453 3454 3455
f 3455 3454 3456
f 3455 3456 3457
f 3457 3456 3458
f 3457 3458 3459
f 3459 3458 3360
f 3459 3360 3359
f 3442 3441 3460
f 3460 3441 3461
f 3460 3461 3462
f 3462 3461 3463
f 3462 3463 3464
f 3464 3463 3465
f 3464 3465 3466
f 3466 3465 3467
f 3466 3467 3468
f 3468 3467 3469
f 3468 3469 3470
f 3470 3469 3471
f 3470 3471 3472
f 3472 3471 3473
f 3472 3473 3474
f 3474 3473 3475
f 3474 3475 3476
f 3476 3475 3477
f 3476 3477 3478
f 3478 3477 3479
f 3478 3479 3376
f 3376 3479 3382
f 3382 3479 3480
f 3382 3480 3481
f 3481 3480 3482
f 3481 3482 3483
f 3483 3482 3484
f 3483 3484 3485
f 3485 3484 3486
f 3485 3486 3487
f 3487 3486 3488
f 3487 3488 3489
f 3489 3488 3490
f 3489 3490 3491
f 3491 3490 3492
f 3491 3492 3493
f 3493 3492 3494
f 3493 3494 3495
f 3495 3494 3496
f 3495 3496 3497
f 3497 3496 3498
f 3497 3498 3499
f 3461 3500 3463
f 3463 3500 3501
f 3463 3501 3465
f 3465 3501 3502
f 3465 3502 3467
f 3467 3502 3503
f 3467 3503 3469
f 3469 3503 3504
f 3469 3504 3471
f 3471 3504 3505
f 3471 3505 3473
f 3473 3505 3506
f 3473 3506 3475
f 3475 3506 3507
f 3475 3507 3477
f 3477 3507 3508
f 3477 3508 3479
f 3479 3508 3480
f 3500 3509 3501
f 3501 3509 3510
f 3501 3510 3502
f 3502 3510 3511
f 3502 3511 3503
f 3503 3511 3512
f 3503 3512 3504
f 3504 3512 3513
f 3504 3513 3505
f 3505 3513 3514
f 3505 3514 3506
f 3506 3514 3515
f 3506 3515 3507
f 3507 3515 3516
f 3507 3516 3508
f 3508 3516 3482
f 3508 3482 3480
f 3509 3517 3510
f 3510 3517 3518
f 3510 3518 3511
f 3511 3518 3519
f 3511 3519 3512
f 3512 3519 3520
f 3512 3520 3513
f 3513 3520 3521
f 3513 3521 3514
f 3514 3521 3522
f 3514 3522 3515
f 3515 3522 3523
f 3515 3523 3516
f 3516 3523 3484
f 3516 3484 3482
f 3518 3517 3524
f 3524 3517 3525
f 3524 3525 3526
f 3526 3525 3527
f 3526 3527 3528
f 3528 3527 3529
f 3528 3529 3530
f 3528 3530 3531
f 3531 3530 3532
f 3531 3532 3533
f 3533 3532 3534
f 3533 3534 3535
f 3535 3536 3533
f 3533 3536 3496
f 3533 3496 3494
f 3536 3498 3496
f 3497 3499 3537
f 3537 3499 3538
f 3537 3538 3539
f 3539 3538 3540
f 3539 3540 3541
f 3541 3540 3542
f 3541 3542 3543
f 3543 3542 3544
f 3543 3544 3545
f 3545 3544 3546
f 3545 3546 3547
f 3547 3546 3548
f 3547 3548 3549
f 3550 3551 3549
f 3549 3551 3552
f 3549 3552 3547
f 3547 3552 3545
f 3553 3554 3550
f 3550 3554 3555
f 3550 3555 3551
f 3551 3555 3556
f 3551 3556 3557
f 3557 3556 3558
f 3557 3558 3543
f 3543 3558 3559
f 3543 3559 3541
f 3541 3559 3560
f 3541 3560 3539
f 3539 3560 3537
f 3554 3553 3561
f 3561 3553 3562
f 3561 3562 3563
f 3563 3562 3564
f 3563 3564 3565
f 3565 3564 3566
f 3565 3566 3567
f 3567 3566 3568
f 3567 3568 3569
f 3569 3568 3570
f 3569 3570 3571
f 3571 3570 3572
f 3571 3572 3573
f 3573 3572 3574
f 3573 3574 3483
f 3483 3574 3481
f 3562 3575 3564
f 3564 3575 3576
f 3564 3576 3566
f 3566 3576 3577
f 3566 3577 3568
f 3568 3577 3578
f 3568 3578 3570
f 3570 3578 3579
f 3570 3579 3572
f 3572 3579 3385
f 3572 3385 3384
f 3575 3333 3576
f 3576 3333 3332
f 3576 3332 3381
f 3576 3381 3577
f 3577 3381 3388
f 3577 3388 3387
f 3577 3387 3578
f 3578 3387 3386
f 3578 3386 3579
f 3579 3386 3385
f 3572 3384 3574
f 3574 3384 3383
f 3574 3383 3481
f 3481 3383 3382
f 3376 3375 3478
f 3478 3375 3580
f 3478 3580 3476
f 3476 3580 3581
f 3476 3581 3474
f 3474 3581 3582
f 3474 3582 3472
f 3472 3582 3583
f 3472 3583 3470
f 3470 3583 3584
f 3470 3584 3468
f 3468 3584 3585
f 3468 3585 3466
f 3466 3585 3586
f 3466 3586 3464
f 3464 3586 3587
f 3464 3587 3462
f 3462 3587 3460
f 3375 3374 3580
f 3580 3374 3588
f 3580 3588 3581
f 3581 3588 3589
f 3581 3589 3582
f 3582 3589 3590
f 3582 3590 3583
f 3583 3590 3591
f 3583 3591 3584
f 3584 3591 3592
f 3584 3592 3585
f 3585 3592 3593
f 3585 3593 3586
f 3586 3593 3594
f 3586 3594 3587
f 3587 3594 3595
f 3587 3595 3460
f 3460 3595 3442
f 3374 3372 3588
f 3588 3372 3596
f 3588 3596 3589
f 3589 3596 3597
f 3589 3597 3590
f 3590 3597 3598
f 3590 3598 3591
f 3591 3598 3599
f 3591 3599 3592
f 3592 3599 3600
f 3592 3600 3593
f 3593 3600 3601
f 3593 3601 3594
f 3594 3601 3602
f 3594 3602 3595
f 3595 3602 3603
f 3595 3603 3442
f 3442 3603 3443
f 3372 3371 3596
f 3596 3371 3604
f 3596 3604 3597
f 3597 3604 3605
f 3597 3605 3598
f 3598 3605 3606
f 3598 3606 3599
f 3599 3606 3607
f 3599 3607 3600
f 3600 3607 3608
f 3600 3608 3601
f 3601 3608 3609
f 3601 3609 3602
f 3602 3609 3610
f 3602 3610 3603
f 3603 3610 3444
f 3603 3444 3443
f 3371 3369 3604
f 3604 3369 3611
f 3604 3611 3605
f 3605 3611 3612
f 3605 3612 3606
f 3606 3612 3613
f 3606 3613 3607
f 3607 3613 3614
f 3607 3614 3608
f 3608 3614 3615
f 3608 3615 3609
f 3609 3615 3616
f 3609 3616 3610
f 3610 3616 3446
f 3610 3446 3444
f 3611 3369 3617
f 3617 3369 3368
f 3617 3368 3618
f 3618 3368 3367
f 3618 3367 3619
f 3619 3367 3365
f 3619 3365 3364
f 3619 3364 3620
f 3620 3364 3363
f 3620 3363 3621
f 3621 3363 3361
f 3621 3361 3458
f 3458 3361 3360
f 3359 3358 3459
f 3459 3358 3622
f 3459 3622 3623
f 3623 3622 3624
f 3623 3624 3625
f 3625 3624 3626
f 3625 3626 3627
f 3627 3626 3628
f 3627 3628 3629
f 3629 3628 3630
f 3629 3630 3631
f 3631 3630 3632
f 3631 3632 3633
f 3633 3632 3634
f 3633 3634 3635
f 3635 3634 3636
f 3635 3636 3417
f 3417 3636 3419
f 3358 3356 3622
f 3622 3356 3637
f 3622 3637 3624
f 3624 3637 3638
f 3624 3638 3626
f 3626 3638 3639
f 3626 3639 3628
f 3628 3639 3640
f 3628 3640 3630
f 3630 3640 3641
f 3630 3641 3632
f 3632 3641 3642
f 3632 3642 3634
f 3634 3642 3643
f 3634 3643 3636
f 3636 3643 3644
f 3636 3644 3419
f 3419 3644 3421
f 3356 3355 3637
f 3637 3355 3645
f 3637 3645 3638
f 3638 3645 3646
f 3638 3646 3639
f 3639 3646 3647
f 3639 3647 3640
f 3640 3647 3648
f 3640 3648 3641
f 3641 3648 3649
f 3641 3649 3642
f 3642 3649 3650
f 3642 3650 3643
f 3643 3650 3651
f 3643 3651 3644
f 3644 3651 3652
f 3644 3652 3421
f 3421 3652 3423
f 3355 3353 3645
f 3645 3353 3653
f 3645 3653 3646
f 3646 3653 3654
f 3646 3654 3647
f 3647 3654 3655
f 3647 3655 3648
f 3648 3655 3656
f 3648 3656 3649
f 3649 3656 3657
f 3649 3657 3650
f 3650 3657 3658
f 3650 3658 3651
f 3651 3658 3659
f 3651 3659 3652
f 3652 3659 3425
f 3652 3425 3423
f 3353 3352 3653
f 3653 3352 3660
f 3653 3660 3654
f 3654 3660 3661
f 3654 3661 3655
f 3655 3661 3662
f 3655 3662 3656
f 3656 3662 3663
f 3656 3663 3657
f 3657 3663 3664
f 3657 3664 3658
f 3658 3664 3665
f 3658 3665 3659
f 3659 3665 3427
f 3659 3427 3425
f 3352 3351 3660
f 3660 3351 3666
f 3660 3666 3661
f 3661 3666 3667
f 3661 3667 3662
f 3662 3667 3668
f 3662 3668 3663
f 3663 3668 3669
f 3663 3669 3664
f 3664 3669 3670
f 3664 3670 3665
f 3665 3670 3429
f 3665 3429 3427
f 3351 3349 3666
f 3666 3349 3671
f 3666 3671 3667
f 3667 3671 3672
f 3667 3672 3668
f 3668 3672 3673
f 3668 3673 3669
f 3669 3673 3674
f 3669 3674 3670
f 3670 3674 3431
f 3670 3431 3429
f 3349 3348 3671
f 3671 3348 3675
f 3671 3675 3672
f 3672 3675 3676
f 3672 3676 3673
f 3673 3676 3677
f 3673 3677 3674
f 3674 3677 3433
f 3674 3433 3431
f 3348 3347 3675
f 3675 3347 3678
f 3675 3678 3676
f 3676 3678 3679
f 3676 3679 3677
f 3677 3679 3435
f 3677 3435 3433
f 3347 3346 3678
f 3678 3346 3680
f 3678 3680 3679
f 3679 3680 3437
f 3679 3437 3435
f 3346 3345 3680
f 3680 3345 3439
f 3680 3439 3437
f 3440 3344 3681
f 3681 3344 3343
f 3681 3343 3682
f 3682 3343 3342
f 3682 3342 3683
f 3683 3342 3336
f 3683 3336 3335
f 3333 3575 3335
f 3335 3575 3683
f 3683 3575 3684
f 3684 3575 3562
f 3684 3562 3685
f 3685 3562 3686
f 3685 3686 3687
f 3687 3686 3688
f 3687 3688 3689
f 3689 3688 3690
f 3689 3690 3436
f 3436 3690 3434
f 3562 3553 3686
f 3686 3553 3691
f 3686 3691 3688
f 3688 3691 3692
f 3688 3692 3690
f 3690 3692 3693
f 3690 3693 3434
f 3434 3693 3432
f 3553 3550 3691
f 3691 3550 3694
f 3691 3694 3692
f 3692 3694 3695
f 3692 3695 3693
f 3693 3695 3696
f 3693 3696 3432
f 3432 3696 3430
f 3694 3550 3697
f 3697 3550 3549
f 3697 3549 3698
f 3698 3549 3548
f 3698 3548 3699
f 3699 3548 3700
f 3699 3700 3701
f 3701 3700 3702
f 3701 3702 3703
f 3703 3702 3704
f 3703 3704 3424
f 3424 3704 3422
f 3457 3459 3623
f 3455 3457 3705
f 3705 3457 3623
f 3705 3623 3625
f 3453 3455 3706
f 3706 3455 3705
f 3706 3705 3707
f 3707 3705 3625
f 3707 3625 3627
f 3451 3453 3708
f 3708 3453 3706
f 3708 3706 3709
f 3709 3706 3707
f 3709 3707 3710
f 3710 3707 3627
f 3710 3627 3629
f 3449 3451 3711
f 3711 3451 3708
f 3711 3708 3712
f 3712 3708 3709
f 3712 3709 3713
f 3713 3709 3710
f 3713 3710 3714
f 3714 3710 3629
f 3714 3629 3631
f 3447 3449 3715
f 3715 3449 3711
f 3715 3711 3716
f 3716 3711 3712
f 3716 3712 3717
f 3717 3712 3713
f 3717 3713 3718
f 3718 3713 3714
f 3718 3714 3719
f 3719 3714 3631
f 3719 3631 3633
f 3445 3447 3720
f 3720 3447 3715
f 3720 3715 3721
f 3721 3715 3716
f 3721 3716 3722
f 3722 3716 3717
f 3722 3717 3723
f 3723 3717 3718
f 3723 3718 3724
f 3724 3718 3719
f 3724 3719 3725
f 3725 3719 3633
f 3725 3633 3635
f 3397 3445 3399
f 3399 3445 3720
f 3399 3720 3401
f 3401 3720 3721
f 3401 3721 3403
f 3403 3721 3722
f 3403 3722 3405
f 3405 3722 3723
f 3405 3723 3407
f 3407 3723 3724
f 3407 3724 3410
f 3410 3724 3725
f 3410 3725 3413
f 3413 3725 3635
f 3413 3635 3417
f 3446 3616 3448
f 3448 3616 3726
f 3448 3726 3450
f 3450 3726 3727
f 3450 3727 3452
f 3452 3727 3728
f 3452 3728 3454
f 3454 3728 3729
f 3454 3729 3456
f 3456 3729 3621
f 3456 3621 3458
f 3726 3616 3615
f 3727 3726 3730
f 3730 3726 3615
f 3730 3615 3614
f 3728 3727 3731
f 3731 3727 3730
f 3731 3730 3732
f 3732 3730 3614
f 3732 3614 3613
f 3729 3728 3733
f 3733 3728 3731
f 3733 3731 3734
f 3734 3731 3732
f 3734 3732 3735
f 3735 3732 3613
f 3735 3613 3612
f 3621 3729 3620
f 3620 3729 3733
f 3620 3733 3619
f 3619 3733 3734
f 3619 3734 3618
f 3618 3734 3735
f 3618 3735 3617
f 3617 3735 3612
f 3617 3612 3611
f 3519 3524 3736
f 3736 3524 3526
f 3736 3526 3737
f 3737 3526 3528
f 3737 3528 3738
f 3738 3528 3531
f 3738 3531 3739
f 3739 3531 3533
f 3739 3533 3494
f 3519 3518 3524
f 3519 3736 3520
f 3520 3736 3740
f 3520 3740 3521
f 3521 3740 3741
f 3521 3741 3522
f 3522 3741 3742
f 3522 3742 3523
f 3523 3742 3486
f 3523 3486 3484
f 3740 3736 3737
f 3740 3737 3743
f 3743 3737 3738
f 3743 3738 3744
f 3744 3738 3739
f 3744 3739 3492
f 3492 3739 3494
f 3740 3743 3741
f 3741 3743 3745
f 3741 3745 3742
f 3742 3745 3488
f 3742 3488 3486
f 3745 3743 3744
f 3492 3490 3744
f 3744 3490 3745
f 3490 3488 3745
f 3495 3497 3746
f 3746 3497 3537
f 3746 3537 3560
f 3493 3495 3747
f 3747 3495 3746
f 3747 3746 3748
f 3748 3746 3560
f 3748 3560 3559
f 3491 3493 3749
f 3749 3493 3747
f 3749 3747 3750
f 3750 3747 3748
f 3750 3748 3751
f 3751 3748 3559
f 3751 3559 3558
f 3489 3491 3752
f 3752 3491 3749
f 3752 3749 3753
f 3753 3749 3750
f 3753 3750 3754
f 3754 3750 3751
f 3754 3751 3755
f 3755 3751 3558
f 3755 3558 3556
f 3487 3489 3756
f 3756 3489 3752
f 3756 3752 3757
f 3757 3752 3753
f 3757 3753 3758
f 3758 3753 3754
f 3758 3754 3759
f 3759 3754 3755
f 3759 3755 3760
f 3760 3755 3556
f 3760 3556 3555
f 3573 3483 3485
f 3485 3487 3761
f 3761 3487 3756
f 3761 3756 3762
f 3762 3756 3757
f 3762 3757 3763
f 3763 3757 3758
f 3763 3758 3764
f 3764 3758 3765
f 3764 3765 3766
f 3766 3765 3767
f 3766 3767 3561
f 3561 3767 3554
f 3571 3573 3761
f 3761 3573 3485
f 3571 3761 3762
f 3569 3571 3762
f 3569 3762 3763
f 3767 3765 3759
f 3759 3765 3758
f 3767 3759 3760
f 3569 3763 3567
f 3567 3763 3764
f 3567 3764 3565
f 3565 3764 3766
f 3565 3766 3563
f 3563 3766 3561
f 3543 3545 3557
f 3557 3545 3552
f 3557 3552 3551
f 3554 3767 3760
f 3554 3760 3555
f 3424 3426 3703
f 3703 3426 3768
f 3703 3768 3701
f 3701 3768 3769
f 3701 3769 3699
f 3699 3769 3698
f 3426 3428 3768
f 3768 3428 3770
f 3768 3770 3769
f 3769 3770 3771
f 3769 3771 3698
f 3698 3771 3697
f 3428 3430 3770
f 3770 3430 3696
f 3770 3696 3771
f 3771 3696 3695
f 3771 3695 3697
f 3697 3695 3694
f 3436 3438 3689
f 3689 3438 3772
f 3689 3772 3687
f 3687 3772 3773
f 3687 3773 3685
f 3685 3773 3684
f 3438 3440 3772
f 3772 3440 3681
f 3772 3681 3773
f 3773 3681 3682
f 3773 3682 3684
f 3684 3682 3683
f 3544 3542 3774
f 3774 3542 3540
f 3774 3540 3775
f 3775 3540 3538
f 3775 3538 3776
f 3776 3538 3499
f 3776 3499 3498
f 3776 3498 3777
f 3777 3498 3536
f 3777 3536 3535
f 3535 3534 3777
f 3777 3534 3778
f 3778 3534 3532
f 3778 3532 3530
f 3530 3529 3778
f 3778 3529 3779
f 3779 3529 3527
f 3779 3527 3780
f 3780 3527 3525
f 3780 3525 3517
f 3780 3517 3781
f 3781 3517 3509
f 3781 3509 3500
f 3398 3400 3782
f 3782 3400 3402
f 3782 3402 3783
f 3783 3402 3404
f 3783 3404 3784
f 3784 3404 3406
f 3784 3406 3408
f 3784 3408 3785
f 3785 3408 3409
f 3785 3409 3411
f 3411 3412 3785
f 3785 3412 3786
f 3786 3412 3414
f 3786 3414 3415
f 3415 3416 3786
f 3786 3416 3787
f 3787 3416 3418
f 3787 3418 3788
f 3788 3418 3420
f 3788 3420 3422
f 3788 3422 3789
f 3789 3422 3704
f 3789 3704 3702
f 3790 3785 3791
f 3791 3785 3786
f 3791 3786 3792
f 3792 3786 3787
f 3792 3787 3793
f 3793 3787 3788
f 3793 3788 3794
f 3794 3788 3789
f 3794 3789 3795
f 3795 3789 3702
f 3795 3702 3796
f 3796 3702 3700
f 3796 3700 3797
f 3797 3700 3548
f 3797 3548 3546
f 3785 3790 3784
f 3784 3790 3798
f 3784 3798 3783
f 3783 3798 3799
f 3783 3799 3782
f 3782 3799 3800
f 3782 3800 3398
f 3398 3800 3801
f 3398 3801 3396
f 3396 3801 3802
f 3396 3802 3441
f 3441 3802 3461
f 3461 3802 3803
f 3461 3803 3500
f 3500 3803 3804
f 3500 3804 3781
f 3781 3804 3805
f 3781 3805 3780
f 3780 3805 3806
f 3780 3806 3779
f 3779 3806 3807
f 3779 3807 3778
f 3778 3807 3808
f 3778 3808 3777
f 3777 3808 3809
f 3777 3809 3776
f 3776 3809 3810
f 3776 3810 3775
f 3775 3810 3811
f 3775 3811 3774
f 3774 3811 3812
f 3774 3812 3544
f 3544 3812 3813
f 3544 3813 3546
f 3546 3813 3797
f 3814 3327 3815
f 3815 3327 3328
f 3815 3328 3816
f 3816 3328 3329
f 3816 3329 3817
f 3817 3329 3330
f 3817 3330 3818
f 3818 3330 3331
f 3818 3331 3819
f 3819 3331 3244
f 3819 3244 3820
f 3820 3244 3242
f 3820 3242 3821
f 3821 3242 3056
f 3821 3056 3054
f 3327 3814 3326
f 3326 3814 3822
f 3326 3822 3325
f 3325 3822 3823
f 3325 3823 3324
f 3324 3823 3824
f 3324 3824 2900
f 2900 3824 3825
f 2900 3825 2898
f 2898 3825 3826
f 2898 3826 2945
f 2945 3826 2967
f 2967 3826 3827
f 2967 3827 3008
f 3008 3827 3828
f 3008 3828 3323
f 3323 3828 3829
f 3323 3829 3322
f 3322 3829 3830
f 3322 3830 3321
f 3321 3830 3831
f 3321 3831 3320
f 3320 3831 3832
f 3320 3832 3319
f 3319 3832 3833
f 3319 3833 3318
f 3318 3833 3834
f 3318 3834 3317
f 3317 3834 3835
f 3317 3835 3316
f 3316 3835 3836
f 3316 3836 3052
f 3052 3836 3837
f 3052 3837 3054
f 3054 3837 3821
f 3838 3839 3840
f 3840 3839 3841
f 3840 3841 3842
f 3842 3841 3843
f 3842 3843 3844
f 3844 3843 3845
f 3844 3845 3846
f 3846 3845 3847
f 3846 3847 3848
f 3848 3847 3849
f 3848 3849 3850
f 3850 3849 3851
f 3850 3851 3852
f 3852 3851 3853
f 3853 3851 3854
f 3853 3854 3855
f 3855 3854 3856
f 3855 3856 3857
f 3857 3856 3858
f 3857 3858 3859
f 3859 3858 3860
f 3859 3860 3861
f 3861 3860 3862
f 3861 3862 3863
f 3863 3862 3864
f 3863 3864 3865
f 3865 3864 3866
f 3865 3866 3867
f 3865 3867 3868
f 3868 3867 3869
f 3868 3869 3870
f 3870 3869 3871
f 3870 3871 3872
f 3872 3871 3873
f 3872 3873 3874
f 3874 3873 3875
f 3874 3875 3876
f 3876 3875 3877
f 3877 3875 3878
f 3877 3878 3879
f 3879 3878 3880
f 3879 3880 3881
f 3881 3880 3882
f 3881 3882 3883
f 3883 3882 3884
f 3883 3884 3885
f 3885 3884 3838
f 3885 3838 3840
f 3886 3887 3888
f 3888 3887 3889
f 3888 3889 3890
f 3890 3889 3891
f 3890 3891 3892
f 3892 3891 3893
f 3892 3893 3894
f 3894 3893 3895
f 3894 3895 3896
f 3896 3895 3897
f 3896 3897 3898
f 3898 3897 3899
f 3898 3899 3900
f 3900 3899 3901
f 3901 3899 3902
f 3901 3902 3903
f 3903 3902 3904
f 3903 3904 3905
f 3905 3904 3906
f 3905 3906 3907
f 3907 3906 3908
f 3907 3908 3909
f 3909 3908 3910
f 3909 3910 3911
f 3911 3910 3912
f 3911 3912 3913
f 3913 3912 3914
f 3913 3914 3915
f 3913 3915 3916
f 3916 3915 3917
f 3916 3917 3918
f 3918 3917 3919
f 3918 3919 3920
f 3920 3919 3921
f 3920 3921 3922
f 3922 3921 3923
f 3922 3923 3924
f 3924 3923 3925
f 3925 3923 3926
f 3925 3926 3927
f 3927 3926 3928
f 3927 3928 3929
f 3929 3928 3930
f 3929 3930 3931
f 3931 3930 3932
f 3931 3932 3933
f 3933 3932 3886
f 3933 3886 3888
f 3792 3933 3791
f 3791 3933 3888
f 3791 3888 3790
f 3790 3888 3890
f 3790 3890 3798
f 3798 3890 3892
f 3798 3892 3799
f 3799 3892 3894
f 3799 3894 3800
f 3800 3894 3896
f 3800 3896 3801
f 3801 3896 3898
f 3801 3898 3802
f 3802 3898 3900
f 3802 3900 3803
f 3803 3900 3901
f 3803 3901 3804
f 3804 3901 3903
f 3804 3903 3805
f 3805 3903 3905
f 3805 3905 3806
f 3806 3905 3907
f 3806 3907 3807
f 3807 3907 3909
f 3807 3909 3808
f 3808 3909 3911
f 3808 3911 3809
f 3809 3911 3913
f 3809 3913 3810
f 3810 3913 3916
f 3810 3916 3811
f 3811 3916 3918
f 3811 3918 3812
f 3812 3918 3920
f 3812 3920 3813
f 3813 3920 3922
f 3813 3922 3797
f 3797 3922 3924
f 3797 3924 3796
f 3796 3924 3925
f 3796 3925 3795
f 3795 3925 3927
f 3795 3927 3794
f 3794 3927 3929
f 3794 3929 3793
f 3793 3929 3931
f 3793 3931 3792
f 3792 3931 3933
f 3816 3885 3815
f 3815 3885 3840
f 3815 3840 3814
f 3814 3840 3842
f 3814 3842 3822
f 3822 3842 3844
f 3822 3844 3823
f 3823 3844 3846
f 3823 3846 3824
f 3824 3846 3848
f 3824 3848 3825
f 3825 3848 3850
f 3825 3850 3826
f 3826 3850 3852
f 3826 3852 3827
f 3827 3852 3853
f 3827 3853 3828
f 3828 3853 3855
f 3828 3855 3829
f 3829 3855 3857
f 3829 3857 3830
f 3830 3857 3859
f 3830 3859 3831
f 3831 3859 3861
f 3831 3861 3832
f 3832 3861 3863
f 3832 3863 3833
f 3833 3863 3865
f 3833 3865 3834
f 3834 3865 3868
f 3834 3868 3835
f 3835 3868 3870
f 3835 3870 3836
f 3836 3870 3872
f 3836 3872 3837
f 3837 3872 3874
f 3837 3874 3821
f 3821 3874 3876
f 3821 3876 3820
f 3820 3876 3877
f 3820 3877 3819
f 3819 3877 3879
f 3819 3879 3818
f 3818 3879 3881
f 3818 3881 3817
f 3817 3881 3883
f 3817 3883 3816
f 3816 3883 3885
f 3886 3934 3887
f 3887 3934 3935
f 3887 3935 3936
f 3934 3886 3937
f 3937 3886 3932
f 3937 3932 3938
f 3938 3932 3930
f 3938 3930 3939
f 3939 3930 3940
f 3940 3930 3928
f 3940 3928 3941
f 3941 3928 3926
f 3941 3926 3942
f 3942 3926 3923
f 3942 3923 3943
f 3943 3923 3944
f 3944 3923 3921
f 3944 3921 3945
f 3945 3921 3919
f 3945 3919 3946
f 3946 3919 3917
f 3946 3917 3947
f 3947 3917 3948
f 3948 3917 3915
f 3948 3915 3949
f 3949 3915 3914
f 3949 3914 3950
f 3950 3914 3912
f 3950 3912 3951
f 3951 3912 3952
f 3952 3912 3910
f 3952 3910 3953
f 3953 3910 3908
f 3953 3908 3954
f 3954 3908 3906
f 3954 3906 3955
f 3955 3906 3956
f 3956 3906 3904
f 3956 3904 3957
f 3957 3904 3902
f 3957 3902 3958
f 3958 3902 3899
f 3958 3899 3959
f 3959 3899 3960
f 3960 3899 3897
f 3960 3897 3961
f 3961 3897 3895
f 3961 3895 3962
f 3962 3895 3893
f 3962 3893 3963
f 3963 3893 3964
f 3964 3893 3891
f 3964 3891 3965
f 3965 3891 3889
f 3965 3889 3936
f 3936 3889 3887
f 3966 3967 3968
f 3968 3967 3969
f 3968 3969 3970
f 3967 3966 3971
f 3971 3966 3972
f 3971 3972 3973
f 3973 3972 3974
f 3973 3974 3975
f 3975 3974 3976
f 3976 3974 3977
f 3976 3977 3978
f 3978 3977 3979
f 3978 3979 3980
f 3980 3979 3981
f 3980 3981 3982
f 3982 3981 3983
f 3983 3981 3984
f 3983 3984 3985
f 3985 3984 3986
f 3985 3986 3987
f 3987 3986 3988
f 3987 3988 3989
f 3989 3988 3990
f 3990 3988 3991
f 3990 3991 3992
f 3992 3991 3993
f 3992 3993 3994
f 3994 3993 3995
f 3994 3995 3996
f 3996 3995 3997
f 3997 3995 3998
f 3997 3998 3999
f 3999 3998 4000
f 3999 4000 4001
f 4001 4000 4002
f 4001 4002 4003
f 4003 4002 4004
f 4004 4002 4005
f 4004 4005 4006
f 4006 4005 4007
f 4006 4007 4008
f 4008 4007 4009
f 4008 4009 4010
f 4010 4009 4011
f 4011 4009 4012
f 4011 4012 4013
f 4013 4012 4014
f 4013 4014 4015
f 4015 4014 4016
f 4015 4016 4017
f 4017 4016 4018
f 4018 4016 4019
f 4018 4019 4020
f 4020 4019 4021
f 4020 4021 3970
f 3970 4021 3968
f 3838 4022 3839
f 3839 4022 4023
f 3839 4023 4024
f 4022 3838 4025
f 4025 3838 3884
f 4025 3884 4026
f 4026 3884 3882
f 4026 3882 4027
f 4027 3882 4028
f 4028 3882 3880
f 4028 3880 4029
f 4029 3880 3878
f 4029 3878 4030
f 4030 3878 3875
f 4030 3875 4031
f 4031 3875 4032
f 4032 3875 3873
f 4032 3873 4033
f 4033 3873 3871
f 4033 3871 4034
f 4034 3871 3869
f 4034 3869 4035
f 4035 3869 4036
f 4036 3869 3867
f 4036 3867 4037
f 4037 3867 3866
f 4037 3866 4038
f 4038 3866 3864
f 4038 3864 4039
f 4039 3864 4040
f 4040 3864 3862
f 4040 3862 4041
f 4041 3862 3860
f 4041 3860 4042
f 4042 3860 3858
f 4042 3858 4043
f 4043 3858 4044
f 4044 3858 3856
f 4044 3856 4045
f 4045 3856 3854
f 4045 3854 4046
f 4046 3854 3851
f 4046 3851 4047
f 4047 3851 4048
f 4048 3851 3849
f 4048 3849 4049
f 4049 3849 3847
f 4049 3847 4050
f 4050 3847 3845
f 4050 3845 4051
f 4051 3845 4052
f 4052 3845 3843
f 4052 3843 4053
f 4053 3843 3841
f 4053 3841 4024
f 4024 3841 3839
f 4054 4055 4056
f 4056 4055 4057
f 4056 4057 4058
f 4055 4054 4059
f 4059 4054 4060
f 4059 4060 4061
f 4061 4060 4062
f 4061 4062 4063
f 4063 4062 4064
f 4064 4062 4065
f 4064 4065 4066
f 4066 4065 4067
f 4066 4067 4068
f 4068 4067 4069
f 4068 4069 4070
f 4070 4069 4071
f 4071 4069 4072
f 4071 4072 4073
f 4073 4072 4074
f 4073 4074 4075
f 4075 4074 4076
f 4075 4076 4077
f 4077 4076 4078
f 4078 4076 4079
f 4078 4079 4080
f 4080 4079 4081
f 4080 4081 4082
f 4082 4081 4083
f 4082 4083 4084
f 4084 4083 4085
f 4085 4083 4086
f 4085 4086 4087
f 4087 4086 4088
f 4087 4088 4089
f 4089 4088 4090
f 4089 4090 4091
f 4091 4090 4092
f 4092 4090 4093
f 4092 4093 4094
f 4094 4093 4095
f 4094 4095 4096
f 4096 4095 4097
f 4096 4097 4098
f 4098 4097 4099
f 4099 4097 4100
f 4099 4100 4101
f 4101 4100 4102
f 4101 4102 4103
f 4103 4102 4104
f 4103 4104 4105
f 4105 4104 4106
f 4106 4104 4107
f 4106 4107 4108
f 4108 4107 4109
f 4108 4109 4058
f 4058 4109 4056
f 4110 4111 2804
f 2804 4111 4112
f 2804 4112 2802
f 2802 4112 4113
f 2802 4113 2848
f 2848 4113 4114
f 2848 4114 2846
f 2846 4114 4115
f 2846 4115 2844
f 2844 4115 4116
f 2844 4116 2842
f 2842 4116 4117
f 2842 4117 2840
f 2840 4117 2838
f 2838 4117 4118
f 2838 4118 2836
f 2836 4118 4119
f 2836 4119 2834
f 2834 4119 4120
f 2834 4120 2832
f 2832 4120 4121
f 2832 4121 2830
f 2830 4121 4122
f 2830 4122 2828
f 2828 4122 4123
f 2828 4123 2826
f 2826 4123 4124
f 2826 4124 4125
f 2826 4125 2824
f 2824 4125 4126
f 2824 4126 2822
f 2822 4126 4127
f 2822 4127 2820
f 2820 4127 4128
f 2820 4128 2818
f 2818 4128 4129
f 2818 4129 2816
f 2816 4129 2814
f 2814 4129 4130
f 2814 4130 2812
f 2812 4130 4131
f 2812 4131 2810
f 2810 4131 4132
f 2810 4132 2808
f 2808 4132 4133
f 2808 4133 2806
f 2806 4133 4110
f 2806 4110 2804
f 4134 4135 2852
f 2852 4135 4136
f 2852 4136 2850
f 2850 4136 4137
f 2850 4137 2896
f 2896 4137 4138
f 2896 4138 2894
f 2894 4138 4139
f 2894 4139 2892
f 2892 4139 4140
f 2892 4140 2890
f 2890 4140 4141
f 2890 4141 2888
f 2888 4141 2886
f 2886 4141 4142
f 2886 4142 2884
f 2884 4142 4143
f 2884 4143 2882
f 2882 4143 4144
f 2882 4144 2880
f 2880 4144 4145
f 2880 4145 2878
f 2878 4145 4146
f 2878 4146 2876
f 2876 4146 4147
f 2876 4147 2874
f 2874 4147 4148
f 2874 4148 4149
f 2874 4149 2872
f 2872 4149 4150
f 2872 4150 2870
f 2870 4150 4151
f 2870 4151 2868
f 2868 4151 4152
f 2868 4152 2866
f 2866 4152 4153
f 2866 4153 2864
f 2864 4153 2862
f 2862 4153 4154
f 2862 4154 2860
f 2860 4154 4155
f 2860 4155 2858
f 2858 4155 4156
f 2858 4156 2856
f 2856 4156 4157
f 2856 4157 2854
f 2854 4157 4134
f 2854 4134 2852
f 4158 4159 4160
f 4160 4159 4161
f 4160 4161 4162
f 4162 4161 4163
f 4162 4163 4164
f 4164 4163 4165
f 4164 4165 4166
f 4166 4165 4167
f 4166 4167 4168
f 4168 4167 4169
f 4168 4169 4170
f 4170 4169 4171
f 4170 4171 4172
f 4172 4171 4173
f 4172 4173 4174
f 4174 4173 4175
f 4174 4175 4176
f 4176 4175 4177
f 4176 4177 4178
f 4178 4177 4179
f 4178 4179 4180
f 4180 4179 4181
f 4180 4181 4182
f 4182 4181 4183
f 4182 4183 4184
f 4184 4183 4185
f 4184 4185 4186
f 4186 4185 4187
f 4186 4187 4188
f 4188 4187 4189
f 4188 4189 4190
f 4190 4189 4191
f 4190 4191 4192
f 4192 4191 4193
f 4192 4193 4194
f 4194 4193 4195
f 4194 4195 4196
f 4196 4195 4197
f 4196 4197 4198
f 4198 4197 4199
f 4198 4199 4200
f 4200 4199 4201
f 4200 4201 4202
f 4202 4201 4203
f 4202 4203 4204
f 4204 4203 4205
f 4204 4205 4158
f 4158 4205 4159
f 4206 4207 4160
f 4160 4207 4208
f 4160 4208 4158
f 4158 4208 4209
f 4158 4209 4204
f 4204 4209 4210
f 4204 4210 4202
f 4202 4210 4211
f 4202 4211 4200
f 4200 4211 4212
f 4200 4212 4198
f 4198 4212 4213
f 4198 4213 4196
f 4196 4213 4194
f 4194 4213 4214
f 4194 4214 4192
f 4192 4214 4215
f 4192 4215 4190
f 4190 4215 4216
f 4190 4216 4188
f 4188 4216 4217
f 4188 4217 4186
f 4186 4217 4218
f 4186 4218 4184
f 4184 4218 4219
f 4184 4219 4182
f 4182 4219 4220
f 4182 4220 4221
f 4182 4221 4180
f 4180 4221 4222
f 4180 4222 4178
f 4178 4222 4223
f 4178 4223 4176
f 4176 4223 4224
f 4176 4224 4174
f 4174 4224 4225
f 4174 4225 4172
f 4172 4225 4170
f 4170 4225 4226
f 4170 4226 4168
f 4168 4226 4227
f 4168 4227 4166
f 4166 4227 4228
f 4166 4228 4164
f 4164 4228 4229
f 4164 4229 4162
f 4162 4229 4206
f 4162 4206 4160
f 4230 4231 4232
f 4232 4231 4233
f 4232 4233 4234
f 4234 4233 4235
f 4234 4235 4236
f 4236 4235 4237
f 4236 4237 4238
f 4238 4237 4239
f 4238 4239 4240
f 4240 4239 4241
f 4240 4241 4242
f 4242 4241 4243
f 4242 4243 4244
f 4244 4243 4245
f 4244 4245 4246
f 4246 4245 4247
f 4246 4247 4248
f 4248 4247 4249
f 4248 4249 4250
f 4250 4249 4251
f 4250 4251 4252
f 4252 4251 4253
f 4252 4253 4254
f 4254 4253 4255
f 4254 4255 4256
f 4256 4255 4257
f 4256 4257 4258
f 4258 4257 4259
f 4258 4259 4260
f 4260 4259 4261
f 4260 4261 4262
f 4262 4261 4263
f 4262 4263 4264
f 4264 4263 4265
f 4264 4265 4266
f 4266 4265 4267
f 4266 4267 4268
f 4268 4267 4269
f 4268 4269 4270
f 4270 4269 4271
f 4270 4271 4272
f 4272 4271 4273
f 4272 4273 4274
f 4274 4273 4275
f 4274 4275 4276
f 4276 4275 4277
f 4276 4277 4230
f 4230 4277 4231
f 4278 4279 4232
f 4232 4279 4280
f 4232 4280 4230
f 4230 4280 4281
f 4230 4281 4276
f 4276 4281 4282
f 4276 4282 4274
f 4274 4282 4283
f 4274 4283 4272
f 4272 4283 4284
f 4272 4284 4270
f 4270 4284 4285
f 4270 4285 4268
f 4268 4285 4266
f 4266 4285 4286
f 4266 4286 4264
f 4264 4286 4287
f 4264 4287 4262
f 4262 4287 4288
f 4262 4288 4260
f 4260 4288 4289
f 4260 4289 4258
f 4258 4289 4290
f 4258 4290 4256
f 4256 4290 4291
f 4256 4291 4254
f 4254 4291 4292
f 4254 4292 4293
f 4254 4293 4252
f 4252 4293 4294
f 4252 4294 4250
f 4250 4294 4295
f 4250 4295 4248
f 4248 4295 4296
f 4248 4296 4246
f 4246 4296 4297
f 4246 4297 4244
f 4244 4297 4242
f 4242 4297 4298
f 4242 4298 4240
f 4240 4298 4299
f 4240 4299 4238
f 4238 4299 4300
f 4238 4300 4236
f 4236 4300 4301
f 4236 4301 4234
f 4234 4301 4278
f 4234 4278 4232
f 4302 2733 4303
f 4303 2733 2735
f 4303 2735 4304
f 4304 2735 2737
f 4304 2737 4305
f 4305 2737 2738
f 4305 2738 4306
f 4306 2738 2739
f 4306 2739 4307
f 4307 2739 2740
f 4308 4309 4310
f 4310 4309 4311
f 4310 4311 4312
f 4310 4312 4313
f 4313 4312 4314
f 4313 4314 4315
f 4315 4314 4316
f 4315 4316 4317
f 4317 4316 4318
f 4317 4318 4319
f 4319 4318 4320
f 4320 4318 4321
f 2777 4322 2778
f 2778 4322 4323
f 2778 4323 2780
f 2780 4323 4324
f 2780 4324 2782
f 2782 4324 4325
f 2782 4325 2784
f 2784 4325 4326
f 2784 4326 2786
f 2786 4326 4327
f 2786 4327 2788
f 2788 4327 4328
f 2788 4328 2790
f 2790 4328 4329
f 2790 4329 2792
f 2792 4329 4330
f 2792 4330 2794
f 2794 4330 4331
f 2794 4331 2796
f 2796 4331 4332
f 2796 4332 4333
f 2748 2747 4333
f 4333 2747 2796
f 2766 2768 4334
f 4334 2768 2770
f 4334 2770 4335
f 4335 2770 2772
f 4335 2772 4336
f 4336 2772 2774
f 4336 2774 4337
f 4337 2774 4338
f 4338 2774 2745
f 2745 2774 2776
f 2745 2776 2779
f 2779 2781 2745
f 2745 2781 2783
f 2745 2783 2746
f 2746 2783 2785
f 2746 2785 2787
f 2787 2789 2746
f 2746 2789 4339
f 2746 4339 4340
f 2789 2791 4339
f 4339 2791 2793
f 4339 2793 2795
f 4339 2795 4341
f 4341 2795 2797
f 4341 2797 4342
f 4342 2797 2749
f 4342 2749 4343
f 4343 2749 2751
f 4343 2751 4344
f 4344 2751 2753
f 4344 2753 4345
f 4345 2753 4346
f 4346 2753 2756
f 4346 2756 4347
f 4347 2756 4334
f 4347 4334 4348
f 4348 4334 4349
f 4349 4334 4350
f 4350 4334 4351
f 4351 4334 4352
f 4351 4352 4353
f 4353 4352 4354
f 4353 4354 4355
f 2756 2758 4334
f 4334 2758 2760
f 4334 2760 2762
f 2762 2764 4334
f 4334 2764 2766
f 4356 4357 4358
f 4358 4357 4359
f 4358 4359 4360
f 4360 4359 4361
f 4360 4361 4362
f 4362 4363 4360
f 4360 4363 4364
f 4360 4364 4365
f 4365 4364 4366
f 4366 4364 4367
f 4366 4367 4368
f 4368 4367 4369
f 4369 4367 4370
f 4369 4370 4371
f 4371 4370 4372
f 4371 4372 4373
f 4373 4374 4371
f 4371 4374 4375
f 4375 4374 4376
f 4375 4376 4377
f 4377 4376 4378
f 4377 4378 4379
f 4379 4378 4380
f 4379 4380 4381
f 4379 4381 4382
f 4382 4381 4383
f 4382 4383 4384
f 4385 4386 4384
f 4384 4386 4387
f 4384 4387 4388
f 4388 4387 4389
f 4388 4389 4390
f 4390 4389 4391
f 4390 4391 4392
f 4392 4391 4393
f 4392 4393 4394
f 4394 4393 4395
f 4394 4395 4396
f 4396 4395 4397
f 4396 4397 4398
f 4398 4397 4399
f 4398 4399 4400
f 4400 4399 4401
f 4400 4401 4402
f 4386 4385 4403
f 4403 4385 4404
f 4403 4404 4405
f 4405 4404 4406
f 4405 4406 4407
f 4407 4406 4408
f 4407 4408 4409
f 4410 4358 4409
f 4409 4358 4335
f 4409 4335 4411
f 4411 4335 4412
f 4412 4335 4413
f 4413 4335 4414
f 4414 4335 4415
f 4415 4335 4416
f 4416 4335 4417
f 4417 4335 4418
f 4418 4335 4336
f 4410 4419 4358
f 4358 4419 4420
f 4358 4420 4421
f 4421 4422 4358
f 4358 4422 4356
f 2746 4340 4423
f 4423 4340 4424
f 4423 4424 4425
f 4425 4424 4426
f 4425 4426 4427
f 4427 4426 4428
f 4428 4426 4429
f 4428 4429 4430
f 4430 4429 4387
f 4387 4429 4389
f 4400 4402 4431
f 4431 4402 4432
f 4431 4432 4433
f 4433 4432 4434
f 4433 4434 4435
f 4435 4434 4436
f 4435 4436 4355
f 4355 4436 4353
f 4388 4382 4384
f 4365 4437 4360
f 4360 4437 4438
f 4360 4438 4439
f 4439 4440 4360
f 4360 4440 4441
f 4360 4441 4442
f 4442 4352 4360
f 4360 4352 4334
f 4411 4407 4409
f 4443 4444 4445
f 4445 4444 4446
f 4445 4446 4447
f 4448 4449 4447
f 4447 4449 4450
f 4447 4450 4445
f 4321 4451 4320
f 4320 4451 4452
f 4320 4452 4453
f 4452 4451 4454
f 4454 4451 4455
f 4454 4455 4456
f 4456 4455 4457
f 4457 4455 4458
f 4458 4455 4459
f 4459 4455 4460
f 4460 4455 4461
f 4461 4455 4462
f 4462 4455 4463
f 4462 4463 4464
f 4464 4463 4465
f 4464 4465 4466
f 4466 4465 4467
f 4467 4465 4468
f 4467 4468 4469
f 4469 4468 4470
f 4469 4470 4471
f 4472 4473 4455
f 4455 4473 4474
f 4455 4474 4475
f 4476 4477 4472
f 4472 4477 4478
f 4472 4478 4479
f 4480 4481 4476
f 4476 4481 4482
f 4476 4482 4483
f 4443 4445 4480
f 4480 4445 4450
f 4480 4450 4449
f 4449 4481 4480
f 4483 4484 4476
f 4476 4484 4485
f 4476 4485 4486
f 4486 4487 4476
f 4476 4487 4488
f 4476 4488 4477
f 4477 4488 4489
f 4477 4489 4490
f 4490 4489 4491
f 4491 4489 4492
f 4491 4492 4493
f 4493 4492 4494
f 4493 4494 4495
f 4495 4494 4496
f 4495 4496 4497
f 4497 4496 4498
f 4497 4498 4499
f 4499 4498 4500
f 4499 4500 4501
f 4501 4500 4502
f 4501 4502 4503
f 4503 4502 4504
f 4503 4504 4505
f 4505 4504 4506
f 4505 4506 4507
f 4507 4506 4508
f 4507 4508 4509
f 4509 4508 4510
f 4509 4510 4511
f 4511 4510 4512
f 4511 4512 4513
f 4500 4498 4514
f 4514 4498 4515
f 4514 4515 4516
f 4514 4516 4517
f 4517 4516 4518
f 4517 4518 4519
f 4517 4519 4520
f 4520 4519 4521
f 4520 4521 4522
f 4522 4521 4523
f 4522 4523 4524
f 4524 4523 4525
f 4525 4523 4526
f 4526 4523 4527
f 4527 4523 4320
f 4527 4320 4528
f 4528 4320 4529
f 4529 4320 4530
f 4530 4320 4531
f 4531 4320 4532
f 4532 4320 4533
f 4533 4320 4453
f 4521 4534 4523
f 4535 4536 4472
f 4472 4536 4473
f 4475 4537 4455
f 4455 4537 4463
f 4471 4538 4469
f 4469 4538 4539
f 4539 4538 4540
f 4539 4540 4541
f 4541 4540 4542
f 4541 4542 4543
f 4543 4542 4544
f 4543 4544 4545
f 4543 4545 4546
f 4546 4545 4547
f 4546 4547 4497
f 4479 4548 4472
f 4472 4548 4549
f 4472 4549 4550
f 4550 4535 4472
f 4511 4513 4551
f 4551 4513 4552
f 4551 4552 4553
f 4553 4552 4554
f 4553 4554 4555
f 4555 4554 4556
f 4555 4556 4557
f 4557 4556 4558
f 4557 4558 4559
f 4559 4558 4454
f 4454 4558 4452
f 4499 4546 4497
f 4109 4560 4056
f 4056 4560 4561
f 4056 4561 4054
f 4054 4561 4060
f 4060 4561 4062
f 4062 4561 4065
f 4065 4561 4067
f 4067 4561 4069
f 4069 4561 4562
f 4069 4562 4072
f 4072 4562 4074
f 4074 4562 4076
f 4076 4562 4079
f 4079 4562 4081
f 4081 4562 4083
f 4083 4562 4563
f 4083 4563 4086
f 4086 4563 4088
f 4088 4563 4090
f 4090 4563 4093
f 4093 4563 4095
f 4095 4563 4097
f 4097 4563 4560
f 4097 4560 4100
f 4100 4560 4102
f 4102 4560 4104
f 4104 4560 4107
f 4107 4560 4109
f 4564 4442 4565
f 4565 4442 4441
f 4565 4441 4440
f 4565 4440 4566
f 4566 4440 4439
f 4566 4439 4567
f 4567 4439 4438
f 4567 4438 4568
f 4568 4438 4437
f 4568 4437 4569
f 4569 4437 4365
f 4569 4365 4570
f 4570 4365 4366
f 4570 4366 4571
f 4571 4366 4368
f 4571 4368 4572
f 4572 4368 4369
f 4572 4369 4573
f 4573 4369 4574
f 4574 4369 4371
f 4575 4456 4576
f 4576 4456 4457
f 4576 4457 4458
f 4576 4458 4577
f 4577 4458 4459
f 4577 4459 4578
f 4578 4459 4460
f 4578 4460 4579
f 4579 4460 4461
f 4579 4461 4580
f 4580 4461 4462
f 4580 4462 4581
f 4581 4462 4464
f 4581 4464 4582
f 4582 4464 4466
f 4582 4466 4583
f 4583 4466 4467
f 4583 4467 4584
f 4584 4467 4585
f 4585 4467 4469
f 4371 4375 4574
f 4574 4375 4586
f 4352 4442 4587
f 4587 4442 4564
f 4454 4456 4588
f 4588 4456 4575
f 4586 4375 4589
f 4589 4375 4377
f 4589 4377 4590
f 4590 4377 4379
f 4590 4379 4591
f 4591 4379 4382
f 4591 4382 4592
f 4592 4382 4388
f 4592 4388 4593
f 4593 4388 4390
f 4593 4390 4594
f 4594 4390 4392
f 4594 4392 4595
f 4595 4392 4394
f 4595 4394 4596
f 4596 4394 4396
f 4596 4396 4597
f 4597 4396 4398
f 4598 4400 4599
f 4599 4400 4431
f 4599 4431 4600
f 4600 4431 4433
f 4600 4433 4601
f 4601 4433 4435
f 4601 4435 4602
f 4602 4435 4355
f 4602 4355 4603
f 4603 4355 4354
f 4603 4354 4587
f 4587 4354 4352
f 4604 4511 4605
f 4605 4511 4551
f 4605 4551 4606
f 4606 4551 4553
f 4606 4553 4607
f 4607 4553 4555
f 4607 4555 4608
f 4608 4555 4557
f 4608 4557 4609
f 4609 4557 4559
f 4609 4559 4588
f 4588 4559 4454
f 4398 4400 4597
f 4597 4400 4598
f 4509 4511 4610
f 4610 4511 4604
f 4611 4539 4612
f 4612 4539 4541
f 4612 4541 4613
f 4613 4541 4543
f 4613 4543 4614
f 4614 4543 4546
f 4614 4546 4615
f 4615 4546 4499
f 4615 4499 4616
f 4616 4499 4501
f 4616 4501 4617
f 4617 4501 4503
f 4617 4503 4618
f 4618 4503 4505
f 4618 4505 4619
f 4619 4505 4507
f 4619 4507 4610
f 4610 4507 4509
f 4469 4539 4585
f 4585 4539 4611
f 4620 4399 4621
f 4621 4399 4397
f 4621 4397 4622
f 4622 4397 4395
f 4622 4395 4623
f 4623 4395 4393
f 4623 4393 4624
f 4624 4393 4391
f 4624 4391 4625
f 4625 4391 4389
f 4625 4389 4626
f 4626 4389 4429
f 4626 4429 4627
f 4627 4429 4426
f 4627 4426 4628
f 4628 4426 4424
f 4628 4424 4629
f 4629 4424 4340
f 4630 4510 4631
f 4631 4510 4508
f 4631 4508 4632
f 4632 4508 4506
f 4632 4506 4633
f 4633 4506 4504
f 4633 4504 4634
f 4634 4504 4502
f 4634 4502 4635
f 4635 4502 4500
f 4635 4500 4636
f 4636 4500 4514
f 4636 4514 4637
f 4637 4514 4517
f 4637 4517 4638
f 4638 4517 4520
f 4638 4520 4639
f 4639 4520 4522
f 4340 4339 4629
f 4629 4339 4640
f 4401 4399 4641
f 4641 4399 4620
f 4512 4510 4642
f 4642 4510 4630
f 4640 4339 4643
f 4643 4339 4341
f 4643 4341 4342
f 4643 4342 4644
f 4644 4342 4343
f 4644 4343 4645
f 4645 4343 4344
f 4645 4344 4646
f 4646 4344 4345
f 4646 4345 4647
f 4647 4345 4346
f 4647 4346 4648
f 4648 4346 4347
f 4648 4347 4649
f 4649 4347 4348
f 4649 4348 4650
f 4650 4348 4349
f 4650 4349 4651
f 4651 4349 4652
f 4652 4349 4350
f 4653 4351 4654
f 4654 4351 4353
f 4654 4353 4655
f 4655 4353 4436
f 4655 4436 4656
f 4656 4436 4434
f 4656 4434 4657
f 4657 4434 4432
f 4657 4432 4658
f 4658 4432 4402
f 4658 4402 4641
f 4641 4402 4401
f 4659 4452 4660
f 4660 4452 4558
f 4660 4558 4661
f 4661 4558 4556
f 4661 4556 4662
f 4662 4556 4554
f 4662 4554 4663
f 4663 4554 4552
f 4663 4552 4664
f 4664 4552 4513
f 4664 4513 4642
f 4642 4513 4512
f 4350 4351 4652
f 4652 4351 4653
f 4453 4452 4665
f 4665 4452 4659
f 4666 4524 4667
f 4667 4524 4525
f 4667 4525 4526
f 4667 4526 4668
f 4668 4526 4527
f 4668 4527 4669
f 4669 4527 4528
f 4669 4528 4670
f 4670 4528 4529
f 4670 4529 4671
f 4671 4529 4530
f 4671 4530 4672
f 4672 4530 4531
f 4672 4531 4673
f 4673 4531 4532
f 4673 4532 4674
f 4674 4532 4533
f 4674 4533 4675
f 4675 4533 4665
f 4665 4533 4453
f 4522 4524 4639
f 4639 4524 4666
f 4376 4374 4676
f 4676 4374 4677
f 4677 4374 4678
f 4678 4374 4373
f 4678 4373 4679
f 4679 4373 4372
f 4679 4372 4680
f 4680 4372 4370
f 4680 4370 4681
f 4681 4370 4367
f 4681 4367 4682
f 4682 4367 4364
f 4682 4364 4683
f 4683 4364 4363
f 4683 4363 4684
f 4684 4363 4362
f 4684 4362 4685
f 4685 4362 4361
f 4685 4361 4686
f 4686 4361 4359
f 4359 4357 4686
f 4686 4357 4687
f 4688 4689 4690
f 4690 4689 4691
f 4690 4691 4692
f 4692 4691 4693
f 4692 4693 4694
f 4694 4693 4695
f 4694 4695 4696
f 4697 4698 4696
f 4696 4698 4699
f 4696 4699 4694
f 4697 4700 4698
f 4698 4700 4701
f 4701 4700 4702
f 4702 4700 4703
f 4702 4703 4704
f 4705 4706 4704
f 4704 4706 4707
f 4704 4707 4702
f 4705 4708 4706
f 4687 4357 4709
f 4709 4357 4356
f 4709 4356 4710
f 4710 4356 4422
f 4710 4422 4711
f 4711 4422 4421
f 4711 4421 4712
f 4712 4421 4420
f 4712 4420 4713
f 4713 4420 4419
f 4713 4419 4714
f 4714 4419 4410
f 4715 4536 4716
f 4716 4536 4535
f 4716 4535 4717
f 4717 4535 4550
f 4717 4550 4718
f 4718 4550 4549
f 4718 4549 4719
f 4719 4549 4548
f 4719 4548 4720
f 4720 4548 4479
f 4720 4479 4721
f 4721 4479 4478
f 4722 4409 4723
f 4723 4409 4408
f 4723 4408 4406
f 4723 4406 4724
f 4724 4406 4404
f 4724 4404 4725
f 4725 4404 4385
f 4725 4385 4726
f 4726 4385 4384
f 4726 4384 4727
f 4727 4384 4383
f 4727 4383 4728
f 4728 4383 4381
f 4728 4381 4729
f 4729 4381 4380
f 4729 4380 4730
f 4730 4380 4378
f 4730 4378 4731
f 4731 4378 4676
f 4676 4378 4376
f 4732 4733 4734
f 4734 4733 4735
f 4734 4735 4736
f 4736 4735 4737
f 4736 4737 4738
f 4738 4737 4739
f 4738 4739 4740
f 4741 4742 4740
f 4740 4742 4743
f 4740 4743 4738
f 4741 4744 4742
f 4742 4744 4745
f 4745 4744 4746
f 4746 4744 4747
f 4746 4747 4748
f 4749 4750 4748
f 4748 4750 4751
f 4748 4751 4746
f 4749 4752 4750
f 4753 4477 4754
f 4754 4477 4490
f 4754 4490 4491
f 4754 4491 4755
f 4755 4491 4493
f 4755 4493 4756
f 4756 4493 4495
f 4756 4495 4757
f 4757 4495 4497
f 4757 4497 4758
f 4758 4497 4547
f 4758 4547 4759
f 4759 4547 4545
f 4759 4545 4760
f 4760 4545 4544
f 4760 4544 4761
f 4761 4544 4542
f 4761 4542 4762
f 4762 4542 4763
f 4763 4542 4540
f 4021 4732 3968
f 3968 4732 4689
f 3968 4689 3966
f 3966 4689 3972
f 3972 4689 3974
f 3974 4689 3977
f 3977 4689 3979
f 3979 4689 3981
f 3981 4689 4688
f 3981 4688 3984
f 3984 4688 3986
f 3986 4688 3988
f 3988 4688 3991
f 3991 4688 3993
f 3993 4688 3995
f 3995 4688 4733
f 3995 4733 3998
f 3998 4733 4000
f 4000 4733 4002
f 4002 4733 4005
f 4005 4733 4007
f 4007 4733 4009
f 4009 4733 4732
f 4009 4732 4012
f 4012 4732 4014
f 4014 4732 4016
f 4016 4732 4019
f 4019 4732 4021
f 4410 4409 4714
f 4714 4409 4722
f 4478 4477 4721
f 4721 4477 4753
f 4473 4536 4764
f 4764 4536 4715
f 4765 4538 4766
f 4766 4538 4471
f 4766 4471 4767
f 4767 4471 4470
f 4767 4470 4768
f 4768 4470 4468
f 4768 4468 4769
f 4769 4468 4465
f 4769 4465 4770
f 4770 4465 4463
f 4770 4463 4771
f 4771 4463 4537
f 4771 4537 4772
f 4772 4537 4475
f 4772 4475 4773
f 4773 4475 4474
f 4773 4474 4764
f 4764 4474 4473
f 4540 4538 4763
f 4763 4538 4765
f 2745 2742 4338
f 4338 2742 4774
f 4338 4774 4775
f 4776 4336 4775
f 4775 4336 4337
f 4775 4337 4338
f 2746 4423 2743
f 2743 4423 4777
f 4418 4336 4778
f 4778 4336 4776
f 4481 4449 4779
f 4779 4449 4448
f 4777 4423 4780
f 4780 4423 4425
f 4780 4425 4427
f 4780 4427 4781
f 4781 4427 4428
f 4781 4428 4782
f 4782 4428 4430
f 4782 4430 4783
f 4783 4430 4387
f 4783 4387 4784
f 4784 4387 4386
f 4784 4386 4785
f 4785 4386 4403
f 4785 4403 4786
f 4786 4403 4405
f 4786 4405 4787
f 4787 4405 4407
f 4787 4407 4788
f 4788 4407 4789
f 4789 4407 4411
f 4790 4521 4791
f 4791 4521 4519
f 4791 4519 4518
f 4791 4518 4792
f 4792 4518 4516
f 4792 4516 4793
f 4793 4516 4515
f 4793 4515 4794
f 4794 4515 4498
f 4794 4498 4795
f 4795 4498 4496
f 4795 4496 4796
f 4796 4496 4494
f 4796 4494 4797
f 4797 4494 4492
f 4797 4492 4798
f 4798 4492 4489
f 4798 4489 4799
f 4799 4489 4800
f 4800 4489 4488
f 4801 4487 4802
f 4802 4487 4486
f 4802 4486 4803
f 4803 4486 4485
f 4803 4485 4804
f 4804 4485 4484
f 4804 4484 4805
f 4805 4484 4483
f 4805 4483 4806
f 4806 4483 4482
f 4806 4482 4779
f 4779 4482 4481
f 4807 4412 4808
f 4808 4412 4413
f 4808 4413 4809
f 4809 4413 4414
f 4809 4414 4810
f 4810 4414 4415
f 4810 4415 4811
f 4811 4415 4416
f 4811 4416 4812
f 4812 4416 4417
f 4812 4417 4778
f 4778 4417 4418
f 4560 4563 4813
f 4813 4563 4814
f 4813 4814 4815
f 4815 4814 4816
f 4815 4816 4817
f 4817 4816 4818
f 4817 4818 4819
f 4820 4821 4819
f 4819 4821 4822
f 4819 4822 4817
f 4820 4823 4821
f 4821 4823 4824
f 4824 4823 4825
f 4825 4823 4826
f 4825 4826 4827
f 4828 4829 4827
f 4827 4829 4830
f 4827 4830 4825
f 4828 4831 4829
f 4488 4487 4800
f 4800 4487 4801
f 4411 4412 4789
f 4789 4412 4807
f 4562 4561 4832
f 4832 4561 4833
f 4832 4833 4834
f 4834 4833 4835
f 4834 4835 4836
f 4836 4835 4837
f 4836 4837 4838
f 4839 4840 4838
f 4838 4840 4841
f 4838 4841 4836
f 4839 4842 4840
f 4840 4842 4843
f 4843 4842 4844
f 4844 4842 4845
f 4844 4845 4846
f 4847 4848 4846
f 4846 4848 4849
f 4846 4849 4844
f 4847 4850 4848
f 4534 4521 4851
f 4851 4521 4790
f 4159 4852 4161
f 4161 4852 4853
f 4161 4853 4163
f 4163 4853 4165
f 4165 4853 4167
f 4167 4853 4169
f 4169 4853 4171
f 4171 4853 4173
f 4173 4853 4854
f 4173 4854 4245
f 4245 4854 4247
f 4247 4854 4249
f 4249 4854 4251
f 4251 4854 4253
f 4253 4854 4255
f 4255 4854 4257
f 4257 4854 4855
f 4257 4855 4259
f 4259 4855 4261
f 4261 4855 4263
f 4263 4855 4265
f 4265 4855 4267
f 4267 4855 4269
f 4269 4855 4197
f 4269 4197 4195
f 4159 4205 4852
f 4852 4205 4203
f 4852 4203 4201
f 4201 4199 4852
f 4852 4199 4197
f 4852 4197 4855
f 4193 4273 4195
f 4195 4273 4271
f 4195 4271 4269
f 4273 4193 4275
f 4275 4193 4191
f 4275 4191 4277
f 4277 4191 4189
f 4277 4189 4231
f 4231 4189 4187
f 4231 4187 4233
f 4233 4187 4185
f 4233 4185 4183
f 4233 4183 4235
f 4235 4183 4181
f 4235 4181 4237
f 4237 4181 4179
f 4237 4179 4239
f 4239 4179 4177
f 4239 4177 4241
f 4241 4177 4175
f 4241 4175 4243
f 4243 4175 4245
f 4245 4175 4173
f 4853 4476 4854
f 4854 4476 4472
f 4856 4857 4858
f 4858 4857 4859
f 3395 4852 3377
f 3377 4852 4855
f 4860 4861 4862
f 4862 4861 4863
f 4734 4561 4732
f 4732 4561 4864
f 4732 4864 4865
f 4865 4864 4866
f 4866 4864 4867
f 4866 4867 4868
f 4868 4867 4869
f 4869 4867 4870
f 4870 4867 4871
f 4871 4867 4864
f 4871 4864 4561
f 4561 4734 4833
f 4833 4734 4736
f 4833 4736 4835
f 4835 4736 4738
f 4835 4738 4837
f 4837 4738 4743
f 4837 4743 4838
f 4838 4743 4742
f 4838 4742 4839
f 4839 4742 4745
f 4839 4745 4842
f 4842 4745 4872
f 4842 4872 4845
f 4845 4872 4846
f 4846 4872 4751
f 4846 4751 4750
f 4745 4746 4872
f 4872 4746 4751
f 4752 4873 4750
f 4750 4873 4847
f 4750 4847 4846
f 4752 4749 4873
f 4873 4749 4848
f 4873 4848 4850
f 4749 4748 4848
f 4848 4748 4849
f 4849 4748 4874
f 4849 4874 4844
f 4844 4874 4843
f 4843 4874 4875
f 4843 4875 4840
f 4840 4875 4841
f 4841 4875 4836
f 4836 4875 4834
f 4834 4875 4832
f 4832 4875 4562
f 4562 4875 4876
f 4562 4876 4877
f 4877 4876 4878
f 4878 4876 4879
f 4878 4879 4861
f 4861 4879 4863
f 4863 4879 4880
f 4880 4879 4881
f 4881 4879 4876
f 4881 4876 4733
f 4733 4876 4875
f 4733 4875 4735
f 4735 4875 4737
f 4737 4875 4739
f 4739 4875 4740
f 4740 4875 4741
f 4741 4875 4744
f 4744 4875 4874
f 4744 4874 4747
f 4747 4874 4748
f 4733 4688 4881
f 4881 4688 4690
f 4881 4690 4692
f 4692 4694 4881
f 4881 4694 4882
f 4882 4694 4699
f 4882 4699 4698
f 4698 4701 4882
f 4882 4701 4702
f 4882 4702 4707
f 4707 4706 4882
f 4882 4706 4883
f 4883 4706 4708
f 4883 4708 4705
f 4883 4705 4884
f 4884 4705 4704
f 4884 4704 4703
f 4703 4700 4884
f 4884 4700 4697
f 4884 4697 4696
f 4696 4695 4884
f 4884 4695 4693
f 4884 4693 4691
f 4884 4691 4865
f 4865 4691 4689
f 4865 4689 4732
f 4814 4563 4877
f 4877 4563 4562
f 4850 4847 4873
f 4561 4560 4871
f 4871 4560 4813
f 4871 4813 4885
f 4885 4813 4815
f 4885 4815 4817
f 4817 4822 4885
f 4885 4822 4821
f 4885 4821 4824
f 4824 4825 4885
f 4885 4825 4830
f 4885 4830 4829
f 4885 4829 4886
f 4886 4829 4831
f 4886 4831 4828
f 4886 4828 4887
f 4887 4828 4827
f 4887 4827 4826
f 4826 4823 4887
f 4887 4823 4820
f 4887 4820 4819
f 4819 4818 4887
f 4887 4818 4877
f 4877 4818 4816
f 4877 4816 4814
f 4869 4335 4868
f 4868 4335 4358
f 4888 4889 4890
f 4890 4889 4891
f 4890 4891 4892
f 4892 4891 4893
f 4892 4893 4894
f 4894 4893 4895
f 4894 4895 4896
f 4896 4895 4897
f 4896 4897 4898
f 4898 4897 4899
f 4898 4899 4900
f 4900 4899 4901
f 4900 4901 4902
f 4889 4888 4903
f 4903 4888 4904
f 4903 4904 4905
f 4905 4904 4906
f 4905 4906 4907
f 4907 4906 4908
f 4907 4908 4909
f 4909 4908 4910
f 4909 4910 4911
f 4134 4888 4135
f 4135 4888 4890
f 4135 4890 4136
f 4136 4890 4892
f 4136 4892 4137
f 4137 4892 4894
f 4137 4894 4138
f 4138 4894 4896
f 4138 4896 4139
f 4139 4896 4898
f 4139 4898 4140
f 4140 4898 4900
f 4140 4900 4141
f 4141 4900 4902
f 4141 4902 4142
f 4142 4902 4901
f 4142 4901 4143
f 4143 4901 4899
f 4143 4899 4144
f 4144 4899 4897
f 4144 4897 4145
f 4145 4897 4895
f 4145 4895 4146
f 4146 4895 4893
f 4146 4893 4147
f 4147 4893 4891
f 4147 4891 4148
f 4148 4891 4889
f 4148 4889 4149
f 4149 4889 4903
f 4149 4903 4150
f 4150 4903 4905
f 4150 4905 4151
f 4151 4905 4907
f 4151 4907 4152
f 4152 4907 4909
f 4152 4909 4153
f 4153 4909 4911
f 4153 4911 4154
f 4154 4911 4910
f 4154 4910 4155
f 4155 4910 4908
f 4155 4908 4156
f 4156 4908 4906
f 4156 4906 4157
f 4157 4906 4904
f 4157 4904 4134
f 4134 4904 4888
f 4912 4913 4914
f 4914 4913 4915
f 4914 4915 4916
f 4916 4915 4917
f 4916 4917 4918
f 4918 4917 4919
f 4918 4919 4920
f 4920 4919 4921
f 4920 4921 4922
f 4922 4921 4923
f 4922 4923 4924
f 4924 4923 4925
f 4924 4925 4926
f 4913 4912 4927
f 4927 4912 4928
f 4927 4928 4929
f 4929 4928 4930
f 4929 4930 4931
f 4931 4930 4932
f 4931 4932 4933
f 4933 4932 4934
f 4933 4934 4935
f 4110 4912 4111
f 4111 4912 4914
f 4111 4914 4112
f 4112 4914 4916
f 4112 4916 4113
f 4113 4916 4918
f 4113 4918 4114
f 4114 4918 4920
f 4114 4920 4115
f 4115 4920 4922
f 4115 4922 4116
f 4116 4922 4924
f 4116 4924 4117
f 4117 4924 4926
f 4117 4926 4118
f 4118 4926 4925
f 4118 4925 4119
f 4119 4925 4923
f 4119 4923 4120
f 4120 4923 4921
f 4120 4921 4121
f 4121 4921 4919
f 4121 4919 4122
f 4122 4919 4917
f 4122 4917 4123
f 4123 4917 4915
f 4123 4915 4124
f 4124 4915 4913
f 4124 4913 4125
f 4125 4913 4927
f 4125 4927 4126
f 4126 4927 4929
f 4126 4929 4127
f 4127 4929 4931
f 4127 4931 4128
f 4128 4931 4933
f 4128 4933 4129
f 4129 4933 4935
f 4129 4935 4130
f 4130 4935 4934
f 4130 4934 4131
f 4131 4934 4932
f 4131 4932 4132
f 4132 4932 4930
f 4132 4930 4133
f 4133 4930 4928
f 4133 4928 4110
f 4110 4928 4912
f 4936 4937 4938
f 4938 4937 4939
f 4938 4939 4940
f 4940 4939 4941
f 4940 4941 4942
f 4942 4941 4943
f 4942 4943 4944
f 4944 4943 4945
f 4944 4945 4946
f 4946 4945 4947
f 4946 4947 4948
f 4948 4947 4949
f 4948 4949 4950
f 4937 4936 4951
f 4951 4936 4952
f 4951 4952 4953
f 4953 4952 4954
f 4953 4954 4955
f 4955 4954 4956
f 4955 4956 4957
f 4957 4956 4958
f 4957 4958 4959
f 4278 4936 4279
f 4279 4936 4938
f 4279 4938 4280
f 4280 4938 4940
f 4280 4940 4281
f 4281 4940 4942
f 4281 4942 4282
f 4282 4942 4944
f 4282 4944 4283
f 4283 4944 4946
f 4283 4946 4284
f 4284 4946 4948
f 4284 4948 4285
f 4285 4948 4950
f 4285 4950 4286
f 4286 4950 4949
f 4286 4949 4287
f 4287 4949 4947
f 4287 4947 4288
f 4288 4947 4945
f 4288 4945 4289
f 4289 4945 4943
f 4289 4943 4290
f 4290 4943 4941
f 4290 4941 4291
f 4291 4941 4939
f 4291 4939 4292
f 4292 4939 4937
f 4292 4937 4293
f 4293 4937 4951
f 4293 4951 4294
f 4294 4951 4953
f 4294 4953 4295
f 4295 4953 4955
f 4295 4955 4296
f 4296 4955 4957
f 4296 4957 4297
f 4297 4957 4959
f 4297 4959 4298
f 4298 4959 4958
f 4298 4958 4299
f 4299 4958 4956
f 4299 4956 4300
f 4300 4956 4954
f 4300 4954 4301
f 4301 4954 4952
f 4301 4952 4278
f 4278 4952 4936
f 4960 4961 4962
f 4962 4961 4963
f 4962 4963 4964
f 4964 4963 4965
f 4964 4965 4966
f 4966 4965 4967
f 4966 4967 4968
f 4968 4967 4969
f 4968 4969 4970
f 4970 4969 4971
f 4970 4971 4972
f 4972 4971 4973
f 4972 4973 4974
f 4961 4960 4975
f 4975 4960 4976
f 4975 4976 4977
f 4977 4976 4978
f 4977 4978 4979
f 4979 4978 4980
f 4979 4980 4981
f 4981 4980 4982
f 4981 4982 4983
f 4206 4960 4207
f 4207 4960 4962
f 4207 4962 4208
f 4208 4962 4964
f 4208 4964 4209
f 4209 4964 4966
f 4209 4966 4210
f 4210 4966 4968
f 4210 4968 4211
f 4211 4968 4970
f 4211 4970 4212
f 4212 4970 4972
f 4212 4972 4213
f 4213 4972 4974
f 4213 4974 4214
f 4214 4974 4973
f 4214 4973 4215
f 4215 4973 4971
f 4215 4971 4216
f 4216 4971 4969
f 4216 4969 4217
f 4217 4969 4967
f 4217 4967 4218
f 4218 4967 4965
f 4218 4965 4219
f 4219 4965 4963
f 4219 4963 4220
f 4220 4963 4961
f 4220 4961 4221
f 4221 4961 4975
f 4221 4975 4222
f 4222 4975 4977
f 4222 4977 4223
f 4223 4977 4979
f 4223 4979 4224
f 4224 4979 4981
f 4224 4981 4225
f 4225 4981 4983
f 4225 4983 4226
f 4226 4983 4982
f 4226 4982 4227
f 4227 4982 4980
f 4227 4980 4228
f 4228 4980 4978
f 4228 4978 4229
f 4229 4978 4976
f 4229 4976 4206
f 4206 4976 4960
f 4984 4985 4986
f 4986 4985 4987
f 4986 4987 4988
f 4988 4987 4989
f 4988 4989 4990
f 4990 4989 4991
f 4990 4991 4992
f 4992 4991 4993
f 4992 4993 4994
f 4994 4993 4995
f 4995 4993 4996
f 4995 4996 4997
f 4997 4996 4998
f 4997 4998 4999
f 4999 4998 5000
f 4999 5000 5001
f 5001 5000 5002
f 5001 5002 5003
f 5003 5002 5004
f 5003 5004 5005
f 5005 5004 4984
f 4984 5004 4985
f 5005 5006 5003
f 5003 5006 5007
f 5003 5007 5001
f 5001 5007 5008
f 5001 5008 4999
f 4999 5008 5009
f 4999 5009 4997
f 5006 5010 5007
f 5007 5010 5011
f 5007 5011 5008
f 5008 5011 5009
f 5010 5012 5011
f 5011 5012 5009
f 4994 5013 4992
f 4992 5013 5014
f 4992 5014 4990
f 4990 5014 5015
f 4990 5015 4988
f 4988 5015 5016
f 4988 5016 4986
f 5013 5017 5014
f 5014 5017 5018
f 5014 5018 5015
f 5015 5018 5016
f 5017 5019 5018
f 5018 5019 5016
f 4987 4985 5020
f 5020 4985 5004
f 5020 5004 5002
f 4987 5020 4989
f 4989 5020 5021
f 4989 5021 4991
f 4991 5021 5022
f 4991 5022 4993
f 4993 5022 4996
f 5021 5020 5002
f 5022 5021 5000
f 5000 5021 5002
f 4996 5022 4998
f 4998 5022 5000
f 2736 4645 2740
f 2740 4645 4646
f 2740 4646 4647
f 2743 4777 2736
f 2736 4777 4629
f 2736 4629 4640
f 4629 4777 4628
f 4628 4777 4780
f 4628 4780 4627
f 4627 4780 4781
f 4627 4781 4782
f 4627 4782 4626
f 4626 4782 4783
f 4626 4783 4784
f 4785 4727 4784
f 4784 4727 4592
f 4784 4592 4625
f 4625 4592 4593
f 4625 4593 4624
f 4624 4593 4594
f 4624 4594 4623
f 4623 4594 4595
f 4623 4595 4622
f 4622 4595 4596
f 4622 4596 4621
f 4621 4596 4597
f 4621 4597 4620
f 4620 4597 4598
f 4620 4598 4641
f 4641 4598 4658
f 4658 4598 4599
f 4658 4599 4657
f 4657 4599 4600
f 4657 4600 4656
f 4656 4600 4601
f 4656 4601 4655
f 4655 4601 4602
f 4655 4602 4654
f 4654 4602 4603
f 4654 4603 4587
f 4727 4785 4726
f 4726 4785 4786
f 4726 4786 4725
f 4725 4786 4787
f 4725 4787 4724
f 4724 4787 4788
f 4724 4788 4723
f 4723 4788 4722
f 4722 4788 4789
f 4722 4789 4859
f 4859 4789 4807
f 4859 4807 4808
f 4808 4809 4859
f 4859 4809 4810
f 4859 4810 4811
f 4811 4812 4859
f 4859 4812 4778
f 4859 4778 2744
f 2744 4778 4776
f 2744 4776 4775
f 4775 4774 2744
f 2744 4774 2742
f 4859 4857 4722
f 4722 4857 4714
f 4714 4857 4713
f 4713 4857 4712
f 4712 4857 4711
f 4711 4857 4710
f 4710 4857 4709
f 4709 4857 4687
f 4687 4857 4686
f 4686 4857 4986
f 4686 4986 4685
f 4685 4986 4684
f 4684 4986 4683
f 4683 4986 4682
f 4682 4986 4570
f 4682 4570 4571
f 5016 4587 4986
f 4986 4587 4564
f 4986 4564 4565
f 4307 2740 5016
f 5016 2740 4653
f 5016 4653 4587
f 4587 4653 4654
f 4565 4566 4986
f 4986 4566 4567
f 4986 4567 4568
f 4568 4569 4986
f 4986 4569 4570
f 4682 4571 4681
f 4681 4571 4572
f 4681 4572 4573
f 4681 4573 4680
f 4680 4573 4574
f 4680 4574 4679
f 4679 4574 4678
f 4678 4574 4677
f 4677 4574 4586
f 4677 4586 4676
f 4676 4586 4589
f 4676 4589 4731
f 4731 4589 4590
f 4731 4590 4730
f 4730 4590 4729
f 4729 4590 4591
f 4729 4591 4728
f 4728 4591 4727
f 4727 4591 4592
f 4651 4652 2740
f 2740 4652 4653
f 4625 4626 4784
f 4640 4643 2736
f 2736 4643 4644
f 2736 4644 4645
f 4647 4648 2740
f 2740 4648 4649
f 2740 4649 4650
f 4650 4651 2740
f 5023 5024 5025
f 5025 5024 5026
f 5025 5026 5027
f 5027 5026 5028
f 5027 5028 5029
f 5029 5028 5030
f 5029 5030 5031
f 5031 5030 5032
f 5031 5032 5033
f 5033 5032 5034
f 5034 5032 5035
f 5034 5035 4451
f 4451 5035 5036
f 4451 5036 5037
f 5037 5036 5038
f 5037 5038 5039
f 5039 5038 5040
f 5039 5040 5041
f 5041 5040 5042
f 5041 5042 5043
f 5043 5042 5023
f 5023 5042 5024
f 5043 5044 5041
f 5041 5044 5045
f 5041 5045 5039
f 5039 5045 5046
f 5039 5046 5037
f 5037 5046 4455
f 5037 4455 4451
f 5044 5047 5045
f 5045 5047 5048
f 5045 5048 5046
f 5046 5048 4455
f 5047 5049 5048
f 5048 5049 4455
f 5033 5050 5031
f 5031 5050 5051
f 5031 5051 5029
f 5029 5051 5052
f 5029 5052 5027
f 5027 5052 5053
f 5027 5053 5025
f 5050 5054 5051
f 5051 5054 5055
f 5051 5055 5052
f 5052 5055 5053
f 5054 5056 5055
f 5055 5056 5053
f 5026 5024 5057
f 5057 5024 5042
f 5057 5042 5040
f 5026 5057 5028
f 5028 5057 5058
f 5028 5058 5030
f 5030 5058 5059
f 5030 5059 5032
f 5032 5059 5035
f 5058 5057 5040
f 5059 5058 5038
f 5038 5058 5040
f 5035 5059 5036
f 5036 5059 5038
f 5060 5061 5062
f 5062 5061 5063
f 5062 5063 5064
f 5064 5063 5065
f 5064 5065 5066
f 5066 5065 5067
f 5066 5067 5068
f 5068 5067 5069
f 5068 5069 5070
f 5070 5069 5071
f 5070 5071 5072
f 5072 5071 5073
f 5072 5073 5074
f 5074 5073 5075
f 5074 5075 5076
f 5076 5075 5077
f 5076 5077 5078
f 5078 5077 5079
f 5060 5080 5061
f 5061 5080 5081
f 5082 5083 5084
f 5084 5083 5085
f 5084 5085 5086
f 5086 5085 5087
f 5086 5087 5088
f 5088 5087 5089
f 5088 5089 5090
f 5090 5089 5091
f 5090 5091 5092
f 5092 5091 5093
f 5092 5093 5094
f 5094 5093 5095
f 5094 5095 5096
f 5096 5095 5097
f 5096 5097 5098
f 5098 5097 5099
f 5098 5099 5100
f 5100 5099 5101
f 5082 5102 5083
f 5083 5102 5103
f 5104 5105 5106
f 5106 5105 5107
f 5106 5107 5108
f 5108 5107 5109
f 5108 5109 5110
f 5110 5109 5111
f 5110 5111 5112
f 5112 5111 5113
f 5112 5113 5114
f 5114 5113 5115
f 5114 5115 5116
f 5116 5115 5117
f 5116 5117 5118
f 5118 5117 5119
f 5118 5119 5120
f 5120 5119 5121
f 5120 5121 5122
f 5122 5121 5123
f 5104 5124 5105
f 5105 5124 5125
f 5123 5126 5122
f 5122 5126 5127
f 5128 5129 5130
f 5130 5129 5131
f 5130 5131 5132
f 5132 5131 5133
f 5132 5133 5134
f 5134 5133 5135
f 5134 5135 5136
f 5136 5135 5137
f 5136 5137 5138
f 5138 5137 5139
f 5138 5139 5140
f 5140 5139 5141
f 5140 5141 5142
f 5142 5141 5143
f 5142 5143 5144
f 5144 5143 5145
f 5144 5145 5146
f 5146 5145 5147
f 5128 5148 5129
f 5129 5148 5149
f 5127 5126 5150
f 5150 5126 5151
f 5150 5151 5152
f 5152 5151 5153
f 5152 5153 5154
f 5154 5153 5155
f 5154 5155 5156
f 5156 5155 5157
f 5156 5157 5158
f 5158 5157 5159
f 5158 5159 5160
f 5160 5159 5161
f 5161 5162 5160
f 5160 5162 5163
f 5164 5165 5166
f 5166 5165 5167
f 5166 5167 5168
f 5168 5167 5169
f 5168 5169 5170
f 5170 5169 5171
f 5170 5171 5172
f 5172 5171 5173
f 5172 5173 5174
f 5174 5173 5175
f 5174 5175 5148
f 5148 5175 5149
f 5176 5177 5178
f 5178 5177 5179
f 5178 5179 5180
f 5180 5179 5181
f 5180 5181 5182
f 5182 5181 5183
f 5182 5183 5184
f 5184 5183 5185
f 5184 5185 5186
f 5186 5185 5187
f 5186 5187 5188
f 5188 5187 5189
f 5188 5189 5190
f 5190 5189 5191
f 5190 5191 5192
f 5192 5191 5193
f 5192 5193 5194
f 5194 5193 5195
f 5194 5195 5196
f 5196 5195 5197
f 5164 5196 5165
f 5165 5196 5197
f 5163 5162 5198
f 5198 5162 5199
f 5198 5199 5200
f 5200 5199 5201
f 5200 5201 5202
f 5202 5201 5203
f 5202 5203 5204
f 5204 5203 5205
f 5204 5205 5206
f 5206 5205 5207
f 5206 5207 5208
f 5208 5207 5209
f 5208 5209 5210
f 5210 5209 5211
f 5210 5211 5212
f 5212 5211 5213
f 5212 5213 5214
f 5214 5213 5215
f 5214 5215 5124
f 5124 5215 5125
f 5216 5217 5218
f 5218 5217 5219
f 5218 5219 5220
f 5220 5219 5221
f 5220 5221 5222
f 5222 5221 5223
f 5222 5223 5224
f 5224 5223 5225
f 5224 5225 5226
f 5226 5225 5227
f 5226 5227 5228
f 5228 5227 5229
f 5228 5229 5230
f 5230 5229 5231
f 5230 5231 5232
f 5232 5231 5233
f 5232 5233 5234
f 5234 5233 5235
f 5234 5235 5102
f 5102 5235 5103
f 5236 5237 5238
f 5238 5237 5239
f 5238 5239 5240
f 5240 5239 5241
f 5240 5241 5242
f 5242 5241 5243
f 5242 5243 5244
f 5244 5243 5245
f 5244 5245 5246
f 5246 5245 5247
f 5246 5247 5248
f 5248 5247 5249
f 5248 5249 5250
f 5250 5249 5251
f 5250 5251 5252
f 5252 5251 5253
f 5252 5253 5254
f 5254 5253 5255
f 5254 5255 5256
f 5256 5255 5257
f 5257 5258 5256
f 5256 5258 5259
f 5260 5261 5262
f 5262 5261 5263
f 5262 5263 5264
f 5264 5263 5265
f 5264 5265 5266
f 5266 5265 5267
f 5266 5267 5268
f 5268 5267 5269
f 5268 5269 5270
f 5270 5269 5271
f 5270 5271 5272
f 5272 5271 5273
f 5272 5273 5274
f 5274 5273 5275
f 5274 5275 5276
f 5276 5275 5277
f 5276 5277 5278
f 5278 5277 5279
f 5278 5279 5280
f 5280 5279 5281
f 5281 5282 5280
f 5280 5282 5283
f 5284 5285 5286
f 5286 5285 5287
f 5286 5287 5288
f 5288 5287 5289
f 5288 5289 5290
f 5290 5289 5291
f 5290 5291 5292
f 5292 5291 5293
f 5292 5293 5294
f 5294 5293 5295
f 5294 5295 5296
f 5296 5295 5297
f 5296 5297 5298
f 5298 5297 5299
f 5298 5299 5300
f 5300 5299 5301
f 5300 5301 5302
f 5302 5301 5303
f 5302 5303 5304
f 5304 5303 5305
f 5305 5306 5304
f 5304 5306 5307
f 5308 5309 5310
f 5310 5309 5311
f 5310 5311 5312
f 5312 5311 5313
f 5312 5313 5314
f 5314 5313 5315
f 5314 5315 5316
f 5316 5315 5317
f 5316 5317 5318
f 5318 5317 5319
f 5318 5319 5320
f 5320 5319 5321
f 5320 5321 5322
f 5322 5321 5323
f 5322 5323 5324
f 5324 5323 5325
f 5324 5325 5326
f 5326 5325 5327
f 5326 5327 5328
f 5328 5327 5329
f 5329 5330 5328
f 5328 5330 5331
f 5332 5333 5334
f 5334 5333 5335
f 5334 5335 5336
f 5336 5335 5337
f 5336 5337 5338
f 5338 5337 5339
f 5338 5339 5340
f 5340 5339 5341
f 5340 5341 5342
f 5342 5341 5343
f 5342 5343 5344
f 5344 5343 5345
f 5344 5345 5346
f 5346 5345 5347
f 5346 5347 5348
f 5348 5347 5349
f 5348 5349 5350
f 5350 5349 5351
f 5350 5351 5352
f 5352 5351 5353
f 5353 5354 5352
f 5352 5354 5355
f 5259 5258 5356
f 5356 5258 5357
f 5356 5357 5358
f 5358 5357 5359
f 5358 5359 5360
f 5360 5359 5361
f 5360 5361 5362
f 5362 5361 5363
f 5362 5363 5364
f 5364 5363 5365
f 5364 5365 5080
f 5080 5365 5081
f 5366 5367 5368
f 5368 5367 5369
f 5368 5369 5370
f 5370 5369 5371
f 5370 5371 5372
f 5372 5371 5373
f 5372 5373 5374
f 5374 5373 5375
f 5374 5375 5376
f 5376 5375 5377
f 5376 5377 5378
f 5378 5377 5379
f 5216 5378 5217
f 5217 5378 5379
f 5380 5381 5382
f 5382 5381 5383
f 5382 5383 5384
f 5384 5383 5385
f 5384 5385 5386
f 5386 5385 5387
f 5386 5387 5388
f 5388 5387 5389
f 5388 5389 5390
f 5390 5389 5391
f 5390 5391 5392
f 5392 5391 5393
f 5392 5393 5394
f 5394 5393 5395
f 5394 5395 5396
f 5396 5395 5397
f 5396 5397 5398
f 5398 5397 5399
f 5398 5399 5400
f 5400 5399 5401
f 5260 5400 5261
f 5261 5400 5401
f 5307 5306 5402
f 5402 5306 5403
f 5402 5403 5404
f 5404 5403 5405
f 5404 5405 5406
f 5406 5405 5407
f 5406 5407 5408
f 5408 5407 5409
f 5408 5409 5410
f 5410 5409 5411
f 5410 5411 5412
f 5412 5411 5413
f 5412 5413 5414
f 5414 5413 5415
f 5414 5415 5416
f 5416 5415 5417
f 5416 5417 5418
f 5418 5417 5419
f 5418 5419 5420
f 5420 5419 5421
f 5421 5422 5420
f 5420 5422 5423
f 5355 5354 5424
f 5424 5354 5425
f 5424 5425 5426
f 5426 5425 5427
f 5426 5427 5428
f 5428 5427 5429
f 5428 5429 5430
f 5430 5429 5431
f 5430 5431 5432
f 5432 5431 5433
f 5432 5433 5434
f 5434 5433 5435
f 5434 5435 5436
f 5436 5435 5437
f 5436 5437 5438
f 5438 5437 5439
f 5438 5439 5440
f 5440 5439 5441
f 5440 5441 5442
f 5442 5441 5443
f 5443 5444 5442
f 5442 5444 5445
f 5446 5447 5448
f 5448 5447 5449
f 5448 5449 5450
f 5450 5449 5451
f 5450 5451 5452
f 5452 5451 5453
f 5452 5453 5454
f 5454 5453 5455
f 5454 5455 5456
f 5456 5455 5457
f 5456 5457 5458
f 5458 5457 5459
f 5458 5459 5460
f 5460 5459 5461
f 5460 5461 5462
f 5462 5461 5463
f 5462 5463 5464
f 5464 5463 5465
f 5464 5465 5466
f 5466 5465 5467
f 5308 5466 5309
f 5309 5466 5467
f 5445 5444 5468
f 5468 5444 5469
f 5468 5469 5470
f 5470 5469 5471
f 5470 5471 5472
f 5472 5471 5473
f 5472 5473 5474
f 5474 5473 5475
f 5474 5475 5476
f 5476 5475 5477
f 5476 5477 5478
f 5478 5477 5479
f 5332 5478 5333
f 5333 5478 5479
f 5331 5330 5480
f 5480 5330 5481
f 5480 5481 5482
f 5482 5481 5483
f 5482 5483 5484
f 5484 5483 5485
f 5484 5485 5486
f 5486 5485 5487
f 5486 5487 5488
f 5488 5487 5489
f 5488 5489 5490
f 5490 5489 5491
f 5446 5490 5447
f 5447 5490 5491
f 5492 5493 5494
f 5494 5493 5495
f 5494 5495 5496
f 5496 5495 5497
f 5496 5497 5498
f 5498 5497 5499
f 5380 5498 5381
f 5381 5498 5499
f 5283 5282 5500
f 5500 5282 5501
f 5500 5501 5502
f 5502 5501 5503
f 5502 5503 5504
f 5504 5503 5505
f 5492 5504 5493
f 5493 5504 5505
f 5506 5507 5508
f 5508 5507 5509
f 5508 5509 5510
f 5510 5509 5511
f 5510 5511 5512
f 5512 5511 5513
f 5284 5512 5285
f 5285 5512 5513
f 5423 5422 5514
f 5514 5422 5515
f 5514 5515 5516
f 5516 5515 5517
f 5516 5517 5518
f 5518 5517 5519
f 5506 5518 5507
f 5507 5518 5519
f 5147 5177 5146
f 5146 5177 5176
f 5101 5367 5100
f 5100 5367 5366
f 5079 5237 5078
f 5078 5237 5236
f 5492 5518 5504
f 5504 5518 5506
f 5504 5506 5502
f 5502 5506 5508
f 5502 5508 5424
f 5424 5508 5464
f 5424 5464 5355
f 5355 5464 5466
f 5355 5466 5352
f 5352 5466 5308
f 5352 5308 5350
f 5350 5308 5310
f 5350 5310 5348
f 5348 5310 5312
f 5348 5312 5142
f 5142 5312 5108
f 5142 5108 5140
f 5140 5108 5110
f 5140 5110 5138
f 5138 5110 5112
f 5138 5112 5136
f 5136 5112 5114
f 5136 5114 5134
f 5134 5114 5116
f 5134 5116 5132
f 5132 5116 5118
f 5132 5118 5130
f 5130 5118 5120
f 5130 5120 5520
f 5520 5120 4334
f 4334 5120 5122
f 4334 5122 5127
f 5518 5492 5516
f 5516 5492 5494
f 5516 5494 5218
f 5218 5494 5254
f 5218 5254 5216
f 5216 5254 5256
f 5216 5256 5378
f 5378 5256 5259
f 5378 5259 5376
f 5376 5259 5356
f 5376 5356 5374
f 5374 5356 5358
f 5374 5358 5372
f 5372 5358 5360
f 5372 5360 5370
f 5370 5360 5362
f 5370 5362 5368
f 5368 5362 5364
f 5368 5364 4360
f 4360 5364 5521
f 5521 5364 5080
f 5521 5080 5060
f 5254 5494 5252
f 5252 5494 5496
f 5252 5496 5250
f 5250 5496 5498
f 5250 5498 5248
f 5248 5498 5246
f 5246 5498 5244
f 5244 5498 5242
f 5242 5498 5240
f 5240 5498 5238
f 5238 5498 5236
f 5236 5498 5380
f 5236 5380 5078
f 5078 5380 5382
f 5078 5382 5384
f 5384 5386 5078
f 5078 5386 5388
f 5078 5388 5390
f 5078 5390 5076
f 5076 5390 5392
f 5076 5392 5394
f 5076 5394 5074
f 5074 5394 5396
f 5074 5396 5072
f 5072 5396 5521
f 5072 5521 5070
f 5070 5521 5068
f 5068 5521 5066
f 5066 5521 5064
f 5064 5521 5062
f 5062 5521 5060
f 5396 5398 5521
f 5521 5398 5400
f 5521 5400 5260
f 5262 5196 5260
f 5260 5196 5520
f 5260 5520 5521
f 5264 5470 5262
f 5262 5470 5472
f 5262 5472 5194
f 5194 5472 5474
f 5194 5474 5192
f 5192 5474 5476
f 5192 5476 5190
f 5190 5476 5188
f 5188 5476 5478
f 5188 5478 5186
f 5186 5478 5184
f 5184 5478 5182
f 5182 5478 5180
f 5180 5478 5178
f 5178 5478 5176
f 5176 5478 5332
f 5176 5332 5146
f 5146 5332 5334
f 5146 5334 5336
f 5470 5264 5468
f 5468 5264 5266
f 5468 5266 5268
f 5468 5268 5445
f 5445 5268 5270
f 5445 5270 5272
f 5272 5274 5445
f 5445 5274 5276
f 5445 5276 5278
f 5278 5280 5445
f 5445 5280 5442
f 5442 5280 5283
f 5442 5283 5440
f 5440 5283 5438
f 5438 5283 5436
f 5436 5283 5434
f 5434 5283 5432
f 5432 5283 5430
f 5430 5283 5428
f 5428 5283 5500
f 5428 5500 5426
f 5426 5500 5502
f 5426 5502 5424
f 5194 5196 5262
f 5196 5164 5520
f 5520 5164 5166
f 5520 5166 5168
f 5168 5170 5520
f 5520 5170 5172
f 5520 5172 5174
f 5174 5148 5520
f 5520 5148 5128
f 5520 5128 5130
f 5142 5144 5348
f 5348 5144 5346
f 5346 5144 5146
f 5346 5146 5344
f 5344 5146 5342
f 5342 5146 5340
f 5340 5146 5338
f 5338 5146 5336
f 5446 5284 5490
f 5490 5284 5286
f 5490 5286 5288
f 5284 5446 5512
f 5512 5446 5448
f 5512 5448 5450
f 5450 5452 5512
f 5512 5452 5454
f 5512 5454 5456
f 5456 5458 5512
f 5512 5458 5460
f 5512 5460 5510
f 5510 5460 5462
f 5510 5462 5508
f 5508 5462 5464
f 5108 5312 5106
f 5106 5312 5314
f 5106 5314 5104
f 5104 5314 5316
f 5104 5316 5318
f 5318 5320 5104
f 5104 5320 5322
f 5104 5322 5324
f 5324 5326 5104
f 5104 5326 5328
f 5104 5328 5124
f 5124 5328 5331
f 5124 5331 5214
f 5214 5331 5212
f 5212 5331 5210
f 5210 5331 5208
f 5208 5331 5206
f 5206 5331 5204
f 5204 5331 5480
f 5204 5480 5202
f 5202 5480 5200
f 5200 5480 5482
f 5200 5482 5198
f 5198 5482 5484
f 5198 5484 5302
f 5302 5484 5486
f 5302 5486 5300
f 5300 5486 5488
f 5300 5488 5298
f 5298 5488 5296
f 5296 5488 5490
f 5296 5490 5294
f 5294 5490 5292
f 5292 5490 5290
f 5290 5490 5288
f 5098 5100 4360
f 4360 5100 5366
f 4360 5366 5368
f 5218 5220 5516
f 5516 5220 5514
f 5514 5220 5222
f 5514 5222 5423
f 5423 5222 5224
f 5423 5224 5226
f 5226 5228 5423
f 5423 5228 5230
f 5423 5230 5232
f 5232 5234 5423
f 5423 5234 5102
f 5423 5102 5420
f 5420 5102 5082
f 5420 5082 5418
f 5418 5082 5416
f 5416 5082 5414
f 5414 5082 5412
f 5412 5082 5410
f 5410 5082 5084
f 5410 5084 5408
f 5408 5084 5406
f 5406 5084 5086
f 5406 5086 5404
f 5404 5086 5088
f 5404 5088 4360
f 4360 5088 5090
f 4360 5090 5092
f 5092 5094 4360
f 4360 5094 5096
f 4360 5096 5098
f 5198 5302 5163
f 5163 5302 5304
f 5163 5304 4334
f 4334 5304 4360
f 4360 5304 5307
f 4360 5307 5402
f 5402 5404 4360
f 5158 5160 4334
f 4334 5160 5163
f 5127 5150 4334
f 4334 5150 5152
f 4334 5152 5154
f 5154 5156 4334
f 4334 5156 5158
f 5009 5305 4997
f 4997 5305 5162
f 4997 5162 5161
f 5025 5369 5009
f 5009 5369 5367
f 5009 5367 5101
f 5053 5261 5025
f 5025 5261 5401
f 5025 5401 5399
f 4997 5131 5053
f 5053 5131 5129
f 5053 5129 5149
f 5063 5061 5025
f 5025 5061 5081
f 5025 5081 5365
f 5363 5371 5365
f 5365 5371 5369
f 5365 5369 5025
f 5371 5363 5373
f 5373 5363 5361
f 5373 5361 5375
f 5375 5361 5359
f 5375 5359 5377
f 5377 5359 5357
f 5377 5357 5379
f 5379 5357 5258
f 5379 5258 5217
f 5217 5258 5257
f 5217 5257 5219
f 5219 5257 5255
f 5219 5255 5221
f 5221 5255 5253
f 5221 5253 5515
f 5515 5253 5497
f 5515 5497 5517
f 5517 5497 5495
f 5517 5495 5519
f 5519 5495 5493
f 5519 5493 5507
f 5507 5493 5505
f 5507 5505 5509
f 5509 5505 5503
f 5509 5503 5511
f 5511 5503 5501
f 5511 5501 5463
f 5463 5501 5427
f 5463 5427 5465
f 5465 5427 5425
f 5465 5425 5467
f 5467 5425 5354
f 5467 5354 5309
f 5309 5354 5353
f 5309 5353 5311
f 5311 5353 5351
f 5311 5351 5313
f 5313 5351 5349
f 5313 5349 5109
f 5109 5349 5143
f 5109 5143 5111
f 5111 5143 5141
f 5111 5141 5113
f 5113 5141 5139
f 5113 5139 5115
f 5115 5139 5137
f 5115 5137 5117
f 5117 5137 5135
f 5117 5135 5119
f 5119 5135 5133
f 5119 5133 5121
f 5121 5133 5131
f 5121 5131 4997
f 5253 5251 5497
f 5497 5251 5499
f 5499 5251 5249
f 5499 5249 5247
f 5247 5245 5499
f 5499 5245 5243
f 5499 5243 5241
f 5241 5239 5499
f 5499 5239 5237
f 5499 5237 5381
f 5381 5237 5079
f 5381 5079 5383
f 5383 5079 5385
f 5385 5079 5387
f 5387 5079 5389
f 5389 5079 5391
f 5391 5079 5077
f 5391 5077 5393
f 5393 5077 5395
f 5395 5077 5075
f 5395 5075 5397
f 5397 5075 5025
f 5397 5025 5399
f 5075 5073 5025
f 5025 5073 5071
f 5025 5071 5069
f 5069 5067 5025
f 5025 5067 5065
f 5025 5065 5063
f 5103 5421 5083
f 5083 5421 5419
f 5083 5419 5417
f 5421 5103 5422
f 5422 5103 5235
f 5422 5235 5233
f 5233 5231 5422
f 5422 5231 5229
f 5422 5229 5227
f 5227 5225 5422
f 5422 5225 5223
f 5422 5223 5515
f 5515 5223 5221
f 5101 5099 5009
f 5009 5099 5097
f 5009 5097 5095
f 5095 5093 5009
f 5009 5093 5091
f 5009 5091 5089
f 5089 5087 5009
f 5009 5087 5405
f 5009 5405 5403
f 5405 5087 5407
f 5407 5087 5085
f 5407 5085 5409
f 5409 5085 5411
f 5411 5085 5083
f 5411 5083 5413
f 5413 5083 5415
f 5415 5083 5417
f 5427 5501 5429
f 5429 5501 5282
f 5429 5282 5431
f 5431 5282 5433
f 5433 5282 5435
f 5435 5282 5437
f 5437 5282 5439
f 5439 5282 5441
f 5441 5282 5443
f 5443 5282 5281
f 5443 5281 5444
f 5444 5281 5279
f 5444 5279 5277
f 5277 5275 5444
f 5444 5275 5273
f 5444 5273 5271
f 5271 5269 5444
f 5444 5269 5469
f 5469 5269 5267
f 5469 5267 5265
f 5469 5265 5471
f 5471 5265 5263
f 5471 5263 5473
f 5473 5263 5195
f 5473 5195 5475
f 5475 5195 5193
f 5475 5193 5477
f 5477 5193 5191
f 5477 5191 5189
f 5263 5261 5195
f 5195 5261 5197
f 5197 5261 5053
f 5197 5053 5165
f 5165 5053 5167
f 5167 5053 5169
f 5169 5053 5171
f 5171 5053 5173
f 5173 5053 5175
f 5175 5053 5149
f 5145 5347 5147
f 5147 5347 5345
f 5147 5345 5343
f 5347 5145 5349
f 5349 5145 5143
f 5477 5189 5479
f 5479 5189 5187
f 5479 5187 5185
f 5185 5183 5479
f 5479 5183 5181
f 5479 5181 5179
f 5179 5177 5479
f 5479 5177 5333
f 5333 5177 5147
f 5333 5147 5335
f 5335 5147 5337
f 5337 5147 5339
f 5339 5147 5341
f 5341 5147 5343
f 5491 5285 5447
f 5447 5285 5513
f 5447 5513 5449
f 5449 5513 5451
f 5451 5513 5453
f 5453 5513 5455
f 5455 5513 5457
f 5457 5513 5459
f 5459 5513 5461
f 5461 5513 5511
f 5461 5511 5463
f 5489 5297 5491
f 5491 5297 5295
f 5491 5295 5293
f 5487 5301 5489
f 5489 5301 5299
f 5489 5299 5297
f 5301 5487 5303
f 5303 5487 5485
f 5303 5485 5199
f 5199 5485 5483
f 5199 5483 5201
f 5201 5483 5481
f 5201 5481 5203
f 5203 5481 5205
f 5205 5481 5330
f 5205 5330 5207
f 5207 5330 5209
f 5209 5330 5211
f 5211 5330 5213
f 5213 5330 5215
f 5215 5330 5125
f 5125 5330 5329
f 5125 5329 5105
f 5105 5329 5327
f 5105 5327 5325
f 5325 5323 5105
f 5105 5323 5321
f 5105 5321 5319
f 5319 5317 5105
f 5105 5317 5315
f 5105 5315 5107
f 5107 5315 5313
f 5107 5313 5109
f 5403 5306 5009
f 5009 5306 5305
f 5162 5305 5199
f 5199 5305 5303
f 5293 5291 5491
f 5491 5291 5289
f 5491 5289 5287
f 5287 5285 5491
f 5161 5159 4997
f 4997 5159 5157
f 4997 5157 5155
f 5155 5153 4997
f 4997 5153 5151
f 4997 5151 5126
f 5126 5123 4997
f 4997 5123 5121
f 4856 2800 4857
f 4857 2800 4358
f 4857 4358 4360
f 2800 2801 4358
f 4358 2801 4868
f 4868 2801 5522
f 4868 5522 5523
f 3350 5524 2801
f 2801 5524 5525
f 2801 5525 5522
f 5524 3350 5526
f 5526 3350 3354
f 5526 3354 5527
f 5527 3354 3357
f 5527 3357 5528
f 5528 3357 3362
f 5528 3362 5529
f 5529 3362 5530
f 5530 3362 3366
f 5530 3366 5531
f 5531 3366 3370
f 5531 3370 5532
f 5532 3370 3373
f 5532 3373 5533
f 5533 3373 3377
f 5533 3377 5534
f 5534 3377 5535
f 5535 3377 4863
f 5535 4863 5536
f 5536 4863 5537
f 5537 4863 4880
f 5537 4880 5538
f 5538 4880 4881
f 5538 4881 5539
f 5539 4881 4882
f 5539 4882 5540
f 5540 4882 4883
f 5540 4883 5541
f 5541 4883 5542
f 5542 4883 4884
f 5542 4884 5543
f 5543 4884 4865
f 5543 4865 5544
f 5544 4865 4866
f 5544 4866 5545
f 5545 4866 4868
f 5545 4868 5523
f 4863 3377 4862
f 4862 3377 4855
f 4862 4855 4472
f 4472 4855 4854
f 4862 4472 5521
f 5521 4472 4455
f 5521 4455 5049
f 5049 5047 5521
f 5521 5047 5044
f 5521 5044 5043
f 5043 5023 5521
f 5521 5023 5025
f 5521 5025 5009
f 5521 5009 4360
f 4360 5009 5012
f 4360 5012 5010
f 5010 5006 4360
f 4360 5006 5005
f 4360 5005 4984
f 4984 4986 4360
f 4360 4986 4857
f 5546 5547 5520
f 5520 5547 5548
f 5520 5548 5549
f 5549 5550 5520
f 5520 5550 5551
f 5520 5551 5552
f 5552 5553 5520
f 5520 5553 4673
f 5520 4673 4674
f 4673 5553 4672
f 4672 5553 5554
f 4672 5554 4671
f 4671 5554 4670
f 4670 5554 5555
f 4670 5555 4669
f 4669 5555 5556
f 4669 5556 4668
f 4668 5556 5557
f 4668 5557 4667
f 4667 5557 5558
f 4667 5558 4666
f 4666 5558 5559
f 4666 5559 5560
f 5560 5561 4666
f 4666 5561 4851
f 4666 4851 4639
f 4639 4851 4790
f 4639 4790 4638
f 4638 4790 4791
f 4638 4791 4637
f 4637 4791 4792
f 4637 4792 4793
f 5561 5562 4851
f 4851 5562 5563
f 4851 5563 5564
f 4851 5564 4444
f 4444 5564 5565
f 4444 5565 5566
f 5566 5567 4444
f 4444 5567 5568
f 4444 5568 4446
f 4446 5568 4447
f 4447 5568 4448
f 4448 5568 5569
f 4448 5569 4860
f 4860 5569 5546
f 4860 5546 5520
f 4637 4793 4636
f 4636 4793 4794
f 4636 4794 4795
f 4796 4758 4795
f 4795 4758 4615
f 4795 4615 4635
f 4635 4615 4616
f 4635 4616 4634
f 4634 4616 4617
f 4634 4617 4633
f 4633 4617 4618
f 4633 4618 4632
f 4632 4618 4619
f 4632 4619 4631
f 4631 4619 4610
f 4631 4610 4630
f 4630 4610 4604
f 4630 4604 4642
f 4642 4604 4664
f 4664 4604 4605
f 4664 4605 4663
f 4663 4605 4606
f 4663 4606 4662
f 4662 4606 4607
f 4662 4607 4661
f 4661 4607 4608
f 4661 4608 4660
f 4660 4608 4609
f 4660 4609 4588
f 4758 4796 4757
f 4757 4796 4797
f 4757 4797 4756
f 4756 4797 4798
f 4756 4798 4755
f 4755 4798 4799
f 4755 4799 4754
f 4754 4799 4753
f 4753 4799 4800
f 4753 4800 4860
f 4860 4800 4801
f 4860 4801 4802
f 4802 4803 4860
f 4860 4803 4804
f 4860 4804 4805
f 4805 4806 4860
f 4860 4806 4779
f 4860 4779 4448
f 4715 4862 4764
f 4764 4862 5521
f 4764 5521 4773
f 4773 5521 4772
f 4772 5521 4771
f 4771 5521 4770
f 4770 5521 4581
f 4770 4581 4582
f 4715 4716 4862
f 4862 4716 4717
f 4862 4717 4718
f 4718 4719 4862
f 4862 4719 4720
f 4862 4720 4721
f 4721 4753 4862
f 4862 4753 4860
f 4615 4758 4614
f 4614 4758 4759
f 4614 4759 4760
f 4614 4760 4613
f 4613 4760 4761
f 4613 4761 4762
f 4613 4762 4612
f 4612 4762 4763
f 4612 4763 4611
f 4611 4763 4765
f 4611 4765 4585
f 4585 4765 4766
f 4585 4766 4767
f 4767 4768 4585
f 4585 4768 4584
f 4584 4768 4769
f 4584 4769 4583
f 4583 4769 4582
f 4582 4769 4770
f 4675 4665 5520
f 5520 4665 4659
f 5520 4659 4588
f 4588 4659 4660
f 4635 4636 4795
f 4674 4675 5520
f 5520 4588 5521
f 5521 4588 4575
f 5521 4575 4576
f 4576 4577 5521
f 5521 4577 4578
f 5521 4578 4579
f 4579 4580 5521
f 5521 4580 4581
f 4523 4534 5570
f 5570 4534 4443
f 5570 4443 5571
f 5571 4443 4480
f 4851 4444 4534
f 4534 4444 4443
f 5546 5572 5547
f 5547 5572 5573
f 5547 5573 5548
f 5548 5573 5574
f 5548 5574 5549
f 5549 5574 5575
f 5549 5575 5550
f 5550 5575 5576
f 5550 5576 5551
f 5551 5576 5577
f 5551 5577 5552
f 5552 5577 5578
f 5552 5578 5553
f 5553 5578 5579
f 5553 5579 5554
f 5554 5579 5580
f 5554 5580 5555
f 5555 5580 5581
f 5555 5581 5556
f 5556 5581 5582
f 5556 5582 5557
f 5557 5582 5583
f 5557 5583 5558
f 5558 5583 5584
f 5558 5584 5559
f 5559 5584 5585
f 5559 5585 5560
f 5560 5585 5586
f 5560 5586 5561
f 5561 5586 5587
f 5561 5587 5562
f 5562 5587 5588
f 5562 5588 5563
f 5563 5588 5589
f 5563 5589 5564
f 5564 5589 5590
f 5564 5590 5565
f 5565 5590 5591
f 5565 5591 5566
f 5566 5591 5592
f 5566 5592 5567
f 5567 5592 5593
f 5567 5593 5568
f 5568 5593 5594
f 5568 5594 5569
f 5569 5594 5595
f 5569 5595 5546
f 5546 5595 5572
f 4320 4523 4319
f 4319 4523 4317
f 4317 4523 4315
f 4315 4523 4313
f 4313 4523 5570
f 4313 5570 4310
f 4310 5570 4308
f 5572 5571 5573
f 5573 5571 4309
f 5573 4309 5574
f 5574 4309 5575
f 5575 4309 5576
f 5576 4309 5577
f 5577 4309 5578
f 5578 4309 5579
f 5579 4309 4308
f 5579 4308 5580
f 5580 4308 5581
f 5581 4308 5582
f 5582 4308 5583
f 5583 4308 5584
f 5584 4308 5585
f 5585 4308 5570
f 5585 5570 5586
f 5586 5570 5587
f 5587 5570 5588
f 5588 5570 5589
f 5589 5570 5590
f 5590 5570 5591
f 5591 5570 5571
f 5591 5571 5592
f 5592 5571 5593
f 5593 5571 5594
f 5594 5571 5595
f 5595 5571 5572
f 5596 2750 5597
f 5597 2750 2748
f 5597 2748 5598
f 5598 2748 4333
f 5598 4333 5599
f 5599 4333 4332
f 5599 4332 5600
f 5600 4332 4331
f 5600 4331 5601
f 5601 4331 4330
f 5601 4330 5602
f 5602 4330 4329
f 5602 4329 5603
f 5603 4329 4328
f 5603 4328 5604
f 5604 4328 4327
f 5604 4327 5605
f 5605 4327 4326
f 5605 4326 5606
f 5606 4326 4325
f 5606 4325 5607
f 5607 4325 4324
f 5607 4324 5608
f 5608 4324 4323
f 5608 4323 4322
f 5608 4322 5609
f 5609 4322 2777
f 5609 2777 5610
f 5610 2777 2775
f 5610 2775 5611
f 5610 5611 5612
f 5612 5611 5613
f 5612 5613 5614
f 5614 5613 5615
f 5614 5615 5616
f 5616 5615 5617
f 5616 5617 5618
f 5618 5617 5619
f 5618 5619 5620
f 5620 5619 5621
f 5620 5621 5622
f 5622 5621 5623
f 5622 5623 5624
f 5624 5623 5625
f 5624 5625 5626
f 5626 5625 5627
f 5626 5627 5628
f 5628 5627 5629
f 5628 5629 5630
f 5630 5629 5596
f 5630 5596 5597
f 5631 5632 5633
f 5633 5632 5634
f 5633 5634 5635
f 5636 5637 5631
f 5631 5637 5638
f 5631 5638 5639
f 5639 5638 5640
f 5639 5640 5641
f 5642 5643 5636
f 5636 5643 5644
f 5636 5644 4856
f 4856 5644 5645
f 4856 5645 2800
f 2800 5645 5646
f 2800 5646 5647
f 5647 5646 5648
f 5647 5648 5649
f 5649 5648 5650
f 5649 5650 5651
f 5643 5642 5652
f 5652 5642 5653
f 5652 5653 5654
f 5654 5655 5652
f 5652 5655 5633
f 5652 5633 5635
f 5656 2734 5638
f 5638 2734 2733
f 5638 2733 4302
f 5637 4858 5656
f 5656 4858 5657
f 5656 5657 5658
f 5643 5659 5645
f 5645 5659 5660
f 5645 5660 5646
f 5661 5662 5663
f 5663 5662 5664
f 5663 5664 5665
f 5665 5666 5663
f 5663 5666 5667
f 5667 5666 5668
f 5667 5668 5669
f 5669 5670 5667
f 5667 5670 5671
f 5671 5670 5672
f 5672 5670 5673
f 5672 5673 5674
f 5674 5673 5675
f 5674 5675 5676
f 5677 5678 5673
f 5673 5678 5679
f 5673 5679 5675
f 5675 5679 5680
f 5675 5680 2798
f 2798 5680 5681
f 2798 5681 5682
f 5678 5677 5683
f 5683 5677 5684
f 5683 5684 5685
f 5685 5684 5686
f 5685 5686 5687
f 5687 5686 5688
f 5687 5688 5689
f 5689 5688 5690
f 5689 5690 5691
f 5691 5690 5692
f 5691 5692 5693
f 5693 5692 5694
f 5693 5694 5695
f 5695 5694 5696
f 5695 5696 5697
f 5697 5696 5698
f 5697 5698 5699
f 5699 5698 5700
f 5699 5700 5658
f 5658 5700 5701
f 5658 5701 5702
f 5702 5701 5703
f 5702 5703 5663
f 5663 5703 5704
f 5663 5704 5705
f 5705 5706 5663
f 5663 5706 5661
f 2798 5682 4858
f 4858 5682 5707
f 4858 5707 5708
f 5708 5709 4858
f 4858 5709 5710
f 4858 5710 5711
f 5711 5712 4858
f 4858 5712 5713
f 4858 5713 5714
f 5714 5657 4858
f 5650 5648 5715
f 5715 5648 5716
f 5715 5716 5717
f 5717 5716 5718
f 5718 5716 5719
f 5719 5716 5720
f 5719 5720 5721
f 5721 5720 5722
f 5722 5720 5723
f 5723 5720 5724
f 5723 5724 5725
f 5725 5724 5726
f 5725 5726 5727
f 5727 5726 5728
f 5728 5726 5729
f 5728 5729 5730
f 5730 5729 5731
f 5731 5729 5732
f 5720 5733 5724
f 5734 5735 5724
f 5724 5735 5726
f 5736 5659 5730
f 5730 5659 5643
f 5730 5643 5652
f 5737 5738 5739
f 5739 5738 5740
f 5739 5740 5741
f 5741 5742 5739
f 5739 5742 5743
f 5739 5743 5744
f 5744 5745 5739
f 5739 5745 5746
f 5746 5745 5747
f 5746 5747 5748
f 5748 5747 5749
f 5748 5749 5750
f 5748 5750 5751
f 5751 5750 5752
f 5751 5752 5753
f 5753 5752 5754
f 5753 5754 5702
f 5702 5754 5658
f 5658 5754 5656
f 5656 5754 5755
f 5656 5755 2741
f 2741 5755 5756
f 2741 5756 5757
f 5757 5758 2741
f 2741 5758 5759
f 2741 5759 5760
f 5760 5761 2741
f 2741 5761 5762
f 2741 5762 5763
f 5763 5764 2741
f 2741 5764 5765
f 2741 5765 5766
f 2741 5766 4302
f 4302 5766 5767
f 4302 5767 5768
f 5768 5769 4302
f 4302 5769 5770
f 4302 5770 5771
f 5771 5772 4302
f 4302 5772 5773
f 4302 5773 5638
f 5638 5773 5774
f 5638 5774 5775
f 5775 5776 5638
f 5638 5776 5777
f 5638 5777 5640
f 5641 5778 5639
f 5639 5778 5779
f 5639 5779 5780
f 5780 5781 5639
f 5639 5632 5631
f 5652 5728 5730
f 2800 5647 2798
f 2798 5647 5675
f 5636 4856 5637
f 5637 4856 4858
f 2741 2734 5656
f 2851 5782 2853
f 2853 5782 5783
f 2853 5783 2855
f 2855 5783 5784
f 2855 5784 2857
f 2857 5784 5785
f 2857 5785 2859
f 2859 5785 5786
f 2859 5786 2861
f 2861 5786 5787
f 2861 5787 2863
f 2863 5787 5788
f 2863 5788 2865
f 2865 5788 5789
f 2865 5789 2867
f 2867 5789 5790
f 2867 5790 2869
f 2869 5790 5791
f 2869 5791 2871
f 2871 5791 2873
f 2873 5791 5792
f 2873 5792 2875
f 2875 5792 5793
f 2875 5793 2877
f 2877 5793 5794
f 2877 5794 2879
f 2879 5794 5795
f 2879 5795 2881
f 2881 5795 5796
f 2881 5796 2883
f 2883 5796 5797
f 2883 5797 2885
f 2885 5797 5798
f 2885 5798 2887
f 2887 5798 5799
f 2887 5799 2889
f 2889 5799 5800
f 2889 5800 2891
f 2891 5800 5801
f 2891 5801 2893
f 2893 5801 5802
f 2893 5802 2895
f 2895 5802 5803
f 2895 5803 5804
f 5782 2851 5805
f 5805 2851 2897
f 5805 2897 5804
f 5804 2897 2895
f 5806 2831 5807
f 5807 2831 2829
f 5807 2829 5808
f 5808 2829 2827
f 5808 2827 5809
f 5809 2827 2825
f 5809 2825 5810
f 5810 2825 2823
f 5810 2823 2821
f 2831 5806 2833
f 2833 5806 5811
f 2833 5811 2835
f 2835 5811 5812
f 2835 5812 2837
f 2837 5812 5813
f 2837 5813 2839
f 2839 5813 5814
f 2839 5814 2841
f 2841 5814 5815
f 2841 5815 2843
f 2843 5815 5816
f 2843 5816 2845
f 2845 5816 5817
f 2845 5817 2847
f 2847 5817 5818
f 2847 5818 5819
f 2847 5819 2849
f 2849 5819 5820
f 2849 5820 2803
f 2803 5820 5821
f 2803 5821 2805
f 2805 5821 5822
f 2805 5822 2807
f 2807 5822 5823
f 2807 5823 2809
f 2809 5823 5824
f 2809 5824 2811
f 2811 5824 5825
f 2811 5825 2813
f 2813 5825 5826
f 2813 5826 2815
f 2815 5826 5827
f 2815 5827 2817
f 2817 5827 5828
f 2817 5828 2819
f 2819 5828 5829
f 2819 5829 2821
f 2821 5829 5810
f 5525 5830 5522
f 5522 5830 5831
f 5522 5831 5523
f 5523 5831 5832
f 5523 5832 5545
f 5545 5832 5833
f 5545 5833 5544
f 5544 5833 5834
f 5544 5834 5543
f 5543 5834 5835
f 5543 5835 5542
f 5542 5835 5836
f 5542 5836 5541
f 5541 5836 5837
f 5541 5837 5540
f 5540 5837 5838
f 5540 5838 5539
f 5539 5838 5839
f 5539 5839 5538
f 5538 5839 5840
f 5538 5840 5537
f 5537 5840 5841
f 5537 5841 5536
f 5536 5841 5842
f 5536 5842 5535
f 5535 5842 5843
f 5535 5843 5534
f 5534 5843 5844
f 5534 5844 5845
f 5845 5844 5846
f 5845 5846 5534
f 5534 5846 5533
f 5533 5846 5847
f 5533 5847 5848
f 5848 5847 5846
f 5524 5849 5525
f 5525 5849 5850
f 5525 5850 5830
f 5830 5850 5849
f 5526 5851 5524
f 5524 5851 5852
f 5524 5852 5849
f 5849 5852 5851
f 5527 5853 5526
f 5526 5853 5854
f 5526 5854 5851
f 5851 5854 5853
f 5528 5855 5527
f 5527 5855 5856
f 5527 5856 5853
f 5853 5856 5855
f 5529 5857 5528
f 5528 5857 5858
f 5528 5858 5855
f 5855 5858 5857
f 5530 5859 5529
f 5529 5859 5860
f 5529 5860 5857
f 5857 5860 5859
f 5531 5861 5530
f 5530 5861 5862
f 5530 5862 5859
f 5859 5862 5861
f 5532 5863 5531
f 5531 5863 5864
f 5531 5864 5861
f 5861 5864 5863
f 5533 5848 5532
f 5532 5848 5865
f 5532 5865 5863
f 5863 5865 5848
f 5866 5867 5868
f 5868 5867 5869
f 5868 5869 5870
f 5870 5869 5871
f 5870 5871 5872
f 5872 5871 5873
f 5872 5873 5874
f 5874 5873 5875
f 5874 5875 5876
f 5876 5875 5877
f 5876 5877 5878
f 5878 5877 5879
f 5878 5879 5880
f 5880 5879 5881
f 5880 5881 5882
f 5882 5881 5883
f 5882 5883 5884
f 5884 5883 5885
f 5884 5885 5886
f 5886 5885 5887
f 5886 5887 5888
f 5888 5887 5889
f 5888 5889 5890
f 5890 5889 5891
f 5890 5891 5892
f 5892 5891 5893
f 5892 5893 5894
f 5894 5893 5895
f 5894 5895 5896
f 5896 5895 5897
f 5896 5897 5898
f 5898 5897 5899
f 5898 5899 5900
f 5900 5899 5901
f 5900 5901 5902
f 5902 5901 5903
f 5902 5903 5904
f 5904 5903 5905
f 5904 5905 5906
f 5906 5905 5907
f 5906 5907 5908
f 5908 5907 5909
f 5908 5909 5910
f 5910 5909 5911
f 5910 5911 5912
f 5912 5911 5913
f 5912 5913 5866
f 5866 5913 5867
f 5914 5915 5916
f 5916 5915 5917
f 5916 5917 5918
f 5918 5917 5919
f 5918 5919 5920
f 5920 5919 5921
f 5920 5921 5922
f 5922 5921 5923
f 5922 5923 5835
f 5835 5923 5836
f 5915 5914 5924
f 5924 5914 5925
f 5924 5925 5926
f 5926 5925 5927
f 5926 5927 5928
f 5928 5927 5929
f 5928 5929 5930
f 5930 5929 5931
f 5930 5931 5932
f 5932 5931 5933
f 5932 5933 5934
f 5934 5933 5935
f 5934 5935 5936
f 5936 5935 5937
f 5936 5937 5938
f 5938 5937 5939
f 5938 5939 5940
f 5940 5939 5941
f 5940 5941 5942
f 5942 5941 5943
f 5942 5943 5944
f 5944 5943 5945
f 5944 5945 5946
f 5946 5945 5947
f 5946 5947 5948
f 5948 5947 5949
f 5948 5949 5950
f 5950 5949 5951
f 5950 5951 5952
f 5952 5951 5953
f 5952 5953 5954
f 5954 5953 5955
f 5954 5955 5956
f 5956 5955 5957
f 5956 5957 5958
f 5958 5957 5959
f 5958 5959 5960
f 5960 5959 5961
f 5960 5961 5962
f 5962 5961 5963
f 5962 5963 5964
f 5964 5963 5965
f 5964 5965 5966
f 5966 5965 5919
f 5966 5919 5917
f 5949 5947 5967
f 5967 5947 5968
f 5967 5968 5969
f 5969 5968 5842
f 5969 5842 5970
f 5970 5842 5841
f 5970 5841 5971
f 5971 5841 5840
f 5971 5840 5972
f 5972 5840 5839
f 5972 5839 5973
f 5973 5839 5838
f 5973 5838 5974
f 5974 5838 5837
f 5974 5837 5975
f 5975 5837 5836
f 5975 5836 5923
f 5842 5968 5843
f 5843 5968 5844
f 5830 5976 5831
f 5831 5976 5832
f 5916 5977 5976
f 5976 5977 5978
f 5976 5978 5832
f 5832 5978 5833
f 5915 5869 5917
f 5917 5869 5867
f 5917 5867 5966
f 5966 5867 5913
f 5966 5913 5964
f 5964 5913 5911
f 5964 5911 5962
f 5962 5911 5909
f 5962 5909 5960
f 5960 5909 5907
f 5960 5907 5958
f 5958 5907 5905
f 5958 5905 5956
f 5956 5905 5903
f 5956 5903 5954
f 5954 5903 5901
f 5954 5901 5952
f 5952 5901 5899
f 5952 5899 5950
f 5950 5899 5897
f 5950 5897 5948
f 5948 5897 5895
f 5948 5895 5946
f 5946 5895 5893
f 5946 5893 5944
f 5944 5893 5891
f 5944 5891 5942
f 5942 5891 5889
f 5942 5889 5940
f 5940 5889 5887
f 5940 5887 5938
f 5938 5887 5885
f 5938 5885 5936
f 5936 5885 5883
f 5936 5883 5934
f 5934 5883 5881
f 5934 5881 5932
f 5932 5881 5879
f 5932 5879 5930
f 5930 5879 5877
f 5930 5877 5928
f 5928 5877 5875
f 5928 5875 5926
f 5926 5875 5873
f 5926 5873 5924
f 5924 5873 5871
f 5924 5871 5915
f 5915 5871 5869
f 5951 5949 5967
f 5967 5969 5979
f 5979 5969 5970
f 5979 5970 5980
f 5980 5970 5971
f 5980 5971 5981
f 5981 5971 5972
f 5981 5972 5982
f 5982 5972 5973
f 5982 5973 5983
f 5983 5973 5974
f 5983 5974 5984
f 5984 5974 5975
f 5984 5975 5985
f 5985 5975 5923
f 5985 5923 5921
f 5953 5951 5979
f 5979 5951 5967
f 5953 5979 5980
f 5955 5953 5980
f 5955 5980 5981
f 5957 5955 5981
f 5957 5981 5982
f 5959 5957 5982
f 5959 5982 5983
f 5961 5959 5983
f 5961 5983 5984
f 5963 5961 5984
f 5963 5984 5985
f 5922 5835 5834
f 5965 5963 5985
f 5965 5985 5921
f 5922 5834 5986
f 5986 5834 5833
f 5986 5833 5978
f 5919 5965 5921
f 5922 5986 5920
f 5920 5986 5977
f 5920 5977 5918
f 5918 5977 5916
f 5977 5986 5978
f 4057 4055 4058
f 4058 4055 4108
f 4108 4055 4059
f 4108 4059 4106
f 4106 4059 4061
f 4106 4061 4105
f 4105 4061 4063
f 4105 4063 4103
f 4103 4063 4064
f 4103 4064 4101
f 4101 4064 4066
f 4101 4066 4068
f 4070 4098 4068
f 4068 4098 4099
f 4068 4099 4101
f 4098 4070 4096
f 4096 4070 4071
f 4096 4071 4073
f 4075 4092 4073
f 4073 4092 4094
f 4073 4094 4096
f 4092 4075 4091
f 4091 4075 4077
f 4091 4077 4089
f 4089 4077 4078
f 4089 4078 4087
f 4087 4078 4080
f 4087 4080 4085
f 4085 4080 4082
f 4085 4082 4084
f 4023 4022 4024
f 4024 4022 4053
f 4053 4022 4025
f 4053 4025 4052
f 4052 4025 4026
f 4052 4026 4051
f 4051 4026 4027
f 4051 4027 4050
f 4050 4027 4028
f 4050 4028 4049
f 4049 4028 4029
f 4049 4029 4030
f 4031 4047 4030
f 4030 4047 4048
f 4030 4048 4049
f 4047 4031 4046
f 4046 4031 4032
f 4046 4032 4033
f 4034 4044 4033
f 4033 4044 4045
f 4033 4045 4046
f 4044 4034 4043
f 4043 4034 4035
f 4043 4035 4042
f 4042 4035 4036
f 4042 4036 4041
f 4041 4036 4037
f 4041 4037 4040
f 4040 4037 4038
f 4040 4038 4039
f 3969 3967 3970
f 3970 3967 4020
f 4020 3967 3971
f 4020 3971 4018
f 4018 3971 3973
f 4018 3973 4017
f 4017 3973 3975
f 4017 3975 4015
f 4015 3975 3976
f 4015 3976 4013
f 4013 3976 3978
f 4013 3978 3980
f 3982 4010 3980
f 3980 4010 4011
f 3980 4011 4013
f 4010 3982 4008
f 4008 3982 3983
f 4008 3983 3985
f 3987 4004 3985
f 3985 4004 4006
f 3985 4006 4008
f 4004 3987 4003
f 4003 3987 3989
f 4003 3989 4001
f 4001 3989 3990
f 4001 3990 3999
f 3999 3990 3992
f 3999 3992 3997
f 3997 3992 3994
f 3997 3994 3996
f 5987 5988 5989
f 5989 5988 5990
f 5990 5988 5991
f 5990 5991 5992
f 5992 5991 5993
f 5992 5993 5994
f 5994 5993 5995
f 5994 5995 5996
f 5996 5995 5997
f 5996 5997 5998
f 5998 5997 5999
f 5998 5999 6000
f 6001 6002 6000
f 6000 6002 6003
f 6000 6003 5998
f 6002 6001 6004
f 6004 6001 6005
f 6004 6005 6006
f 6007 6008 6006
f 6006 6008 6009
f 6006 6009 6004
f 6008 6007 6010
f 6010 6007 6011
f 6010 6011 6012
f 6012 6011 6013
f 6012 6013 6014
f 6014 6013 6015
f 6014 6015 6016
f 6016 6015 6017
f 6016 6017 6018
f 6019 6020 6021
f 6021 6020 6022
f 6022 6020 6023
f 6022 6023 6024
f 6024 6023 6025
f 6024 6025 6026
f 6026 6025 6027
f 6026 6027 6028
f 6028 6027 6029
f 6028 6029 6030
f 6030 6029 6031
f 6030 6031 6032
f 6033 6034 6032
f 6032 6034 6035
f 6032 6035 6030
f 6034 6033 6036
f 6036 6033 6037
f 6036 6037 6038
f 6039 6040 6038
f 6038 6040 6041
f 6038 6041 6036
f 6040 6039 6042
f 6042 6039 6043
f 6042 6043 6044
f 6044 6043 6045
f 6044 6045 6046
f 6046 6045 6047
f 6046 6047 6048
f 6048 6047 6049
f 6048 6049 6050
f 3935 3934 3936
f 3936 3934 3965
f 3965 3934 3937
f 3965 3937 3964
f 3964 3937 3938
f 3964 3938 3963
f 3963 3938 3939
f 3963 3939 3962
f 3962 3939 3940
f 3962 3940 3961
f 3961 3940 3941
f 3961 3941 3942
f 3943 3959 3942
f 3942 3959 3960
f 3942 3960 3961
f 3959 3943 3958
f 3958 3943 3944
f 3958 3944 3945
f 3946 3956 3945
f 3945 3956 3957
f 3945 3957 3958
f 3956 3946 3955
f 3955 3946 3947
f 3955 3947 3954
f 3954 3947 3948
f 3954 3948 3953
f 3953 3948 3949
f 3953 3949 3952
f 3952 3949 3950
f 3952 3950 3951
f 1504 1503 1505
f 1505 1503 1534
f 1534 1503 1506
f 1534 1506 1533
f 1533 1506 1507
f 1533 1507 1532
f 1532 1507 1508
f 1532 1508 1531
f 1531 1508 1509
f 1531 1509 1530
f 1530 1509 1510
f 1530 1510 1511
f 1512 1528 1511
f 1511 1528 1529
f 1511 1529 1530
f 1528 1512 1527
f 1527 1512 1513
f 1527 1513 1514
f 1515 1525 1514
f 1514 1525 1526
f 1514 1526 1527
f 1525 1515 1524
f 1524 1515 1516
f 1524 1516 1523
f 1523 1516 1517
f 1523 1517 1522
f 1522 1517 1518
f 1522 1518 1521
f 1521 1518 1519
f 1521 1519 1520
f 6051 6052 6053
f 6053 6052 6054
f 6054 6052 6055
f 6054 6055 6056
f 6056 6055 6057
f 6056 6057 6058
f 6058 6057 6059
f 6058 6059 6060
f 6060 6059 6061
f 6060 6061 6062
f 6062 6061 6063
f 6062 6063 6064
f 6065 6066 6064
f 6064 6066 6067
f 6064 6067 6062
f 6066 6065 6068
f 6068 6065 6069
f 6068 6069 6070
f 6071 6072 6070
f 6070 6072 6073
f 6070 6073 6068
f 6072 6071 6074
f 6074 6071 6075
f 6074 6075 6076
f 6076 6075 6077
f 6076 6077 6078
f 6078 6077 6079
f 6078 6079 6080
f 6080 6079 6081
f 6080 6081 6082
f 6083 6084 6085
f 6085 6084 6086
f 6086 6084 6087
f 6086 6087 6088
f 6088 6087 6089
f 6088 6089 6090
f 6090 6089 6091
f 6090 6091 6092
f 6092 6091 6093
f 6092 6093 6094
f 6094 6093 6095
f 6094 6095 6096
f 6097 6098 6096
f 6096 6098 6099
f 6096 6099 6094
f 6098 6097 6100
f 6100 6097 6101
f 6100 6101 6102
f 6103 6104 6102
f 6102 6104 6105
f 6102 6105 6100
f 6104 6103 6106
f 6106 6103 6107
f 6106 6107 6108
f 6108 6107 6109
f 6108 6109 6110
f 6110 6109 6111
f 6110 6111 6112
f 6112 6111 6113
f 6112 6113 6114
f 2342 6115 2316
f 2316 6115 2343
f 2316 2343 2318
f 2341 2325 2342
f 2342 2325 2308
f 2342 2308 6115
f 6115 2308 6116
f 6115 6116 6117
f 6117 6116 6118
f 6117 6118 6119
f 6119 6118 6120
f 6120 6118 1612
f 6120 1612 1611
f 2325 2341 2328
f 2328 2341 2336
f 2328 2336 2332
f 2332 2336 2333
f 2332 2333 2324
f 2324 2333 2313
f 2324 2313 549
f 549 2313 427
f 549 427 548
f 548 427 551
f 548 551 547
f 547 551 550
f 547 550 546
f 427 2313 428
f 428 2313 2314
f 428 2314 2316
f 2308 2309 6116
f 6116 2309 2345
f 2345 2309 2305
f 2305 2309 959
f 959 2309 2310
f 959 2310 2324
f 2320 2321 6119
f 6119 2321 2347
f 6119 2347 6117
f 2318 428 2316
f 549 959 2324
f 1611 2322 6120
f 4335 2744 4334
f 4334 2744 4305
f 4334 4305 4306
f 4869 2799 4335
f 4335 2799 2798
f 4335 2798 4859
f 4859 2798 4858
f 2799 4869 3341
f 3341 4869 4870
f 3341 4870 4871
f 3341 4871 3389
f 3389 4871 4885
f 3389 4885 3390
f 3390 4885 4886
f 3390 4886 3391
f 3391 4886 4887
f 3391 4887 3392
f 3392 4887 4877
f 3392 4877 3393
f 3393 4877 4878
f 3393 4878 3394
f 3394 4878 4861
f 3394 4861 3395
f 3395 4861 4860
f 3395 4860 4852
f 4852 4860 4476
f 4852 4476 4853
f 4476 4860 4480
f 4480 4860 5520
f 4480 5520 4316
f 4316 5520 4318
f 4318 5520 4321
f 4321 5520 4451
f 4451 5520 5050
f 4451 5050 5033
f 4334 5053 5520
f 5520 5053 5056
f 5520 5056 5054
f 2741 4302 2744
f 2744 4302 4303
f 2744 4303 4304
f 4304 4305 2744
f 4306 4307 4334
f 4334 4307 5016
f 4334 5016 5013
f 5013 5016 5017
f 5017 5016 5019
f 5013 4994 4334
f 4334 4994 4995
f 4334 4995 4997
f 4997 5053 4334
f 5054 5050 5520
f 5033 5034 4451
f 4316 4314 4480
f 4480 4314 4312
f 4480 4312 4311
f 4311 4309 4480
f 4480 4309 5571
f 4859 2744 4335
f 6121 5660 6122
f 6122 5660 5659
f 6122 5659 6123
f 6123 5659 6124
f 6123 6124 6125
f 6125 6124 6126
f 6126 6124 6127
f 6126 6127 6128
f 6128 6127 6129
f 6128 6129 6130
f 6130 6129 6131
f 6130 6131 6132
f 6132 6131 6133
f 6132 6133 6134
f 6134 6133 6135
f 6135 6133 6136
f 6135 6136 5968
f 5968 6136 5844
f 5844 6136 5846
f 5846 6136 6137
f 5846 6137 6138
f 6139 6140 6121
f 6121 6140 5976
f 6121 5976 5830
f 6141 6142 6139
f 6139 6142 6143
f 6139 6143 6140
f 6142 6141 6144
f 6144 6141 6145
f 6144 6145 6146
f 6146 6145 6147
f 6146 6147 6125
f 6125 6147 6123
f 6136 6148 6137
f 6137 6148 6149
f 6149 6148 6124
f 6149 6124 5659
f 5830 5849 6121
f 6121 5849 6150
f 6121 6150 5660
f 5660 6150 6151
f 6150 5849 6152
f 6152 5849 5851
f 6152 5851 5853
f 5853 5855 6152
f 6152 5855 5857
f 6152 5857 6153
f 6153 5857 6154
f 6154 5857 5859
f 6154 5859 6155
f 6155 5859 6156
f 6156 5859 6138
f 6138 5859 5861
f 6138 5861 5863
f 5863 5848 6138
f 6138 5848 5846
f 6157 6158 6159
f 6159 6158 6160
f 6159 6160 6161
f 6161 6160 6162
f 6161 6162 6163
f 6163 6162 6164
f 6163 6164 6165
f 6165 6164 6166
f 6165 6166 6167
f 6167 6166 6168
f 6167 6168 6169
f 6169 6168 6170
f 6169 6170 6171
f 6171 6170 6172
f 6171 6172 6173
f 6173 6172 6174
f 6173 6174 6175
f 6175 6174 6176
f 6175 6176 6177
f 6177 6176 6178
f 6177 6178 6179
f 6179 6178 6180
f 6179 6180 6181
f 6181 6180 6182
f 6181 6182 6183
f 6183 6182 6184
f 6183 6184 6185
f 6185 6184 6186
f 6185 6186 6187
f 6187 6186 6188
f 6187 6188 6189
f 6189 6188 6190
f 6189 6190 6191
f 6191 6190 6192
f 6191 6192 6193
f 6193 6192 6194
f 6193 6194 6195
f 6195 6194 6196
f 6195 6196 6197
f 6197 6196 6198
f 6197 6198 6199
f 6199 6198 6200
f 6199 6200 6201
f 6201 6200 6202
f 6201 6202 6203
f 6203 6202 6204
f 6203 6204 6157
f 6157 6204 6158
f 6205 6206 6207
f 6207 6206 6208
f 6207 6208 6209
f 6209 6208 6210
f 6209 6210 6211
f 6211 6210 6212
f 6211 6212 6213
f 6213 6212 6214
f 6213 6214 6215
f 6215 6214 6216
f 6215 6216 6217
f 6217 6216 6218
f 6217 6218 6219
f 6219 6218 6220
f 6219 6220 6221
f 6221 6220 6222
f 6221 6222 6223
f 6223 6222 6224
f 6223 6224 6225
f 6225 6224 6226
f 6225 6226 6227
f 6227 6226 6228
f 6227 6228 6229
f 6229 6228 6230
f 6229 6230 6231
f 6231 6230 6232
f 6231 6232 6233
f 6233 6232 6234
f 6233 6234 6235
f 6235 6234 6236
f 6235 6236 6237
f 6237 6236 6238
f 6237 6238 6239
f 6239 6238 6240
f 6239 6240 6241
f 6241 6240 6242
f 6241 6242 6243
f 6243 6242 6244
f 6243 6244 6245
f 6245 6244 6246
f 6245 6246 6247
f 6247 6246 6248
f 6247 6248 6249
f 6249 6248 6250
f 6249 6250 6251
f 6251 6250 6252
f 6251 6252 6205
f 6205 6252 6206
f 6253 6254 6255
f 6255 6254 6256
f 6255 6256 6257
f 6257 6256 6258
f 6258 6256 6259
f 6258 6259 6260
f 6260 6259 6261
f 6260 6261 6262
f 6262 6261 6263
f 6262 6263 6264
f 6264 6263 6265
f 6264 6265 6266
f 6266 6265 6267
f 6266 6267 6268
f 6268 6267 6269
f 6268 6269 6270
f 6270 6269 6271
f 6270 6271 6272
f 6272 6271 6273
f 6272 6273 6274
f 6274 6273 6275
f 6274 6275 6276
f 6276 6275 6277
f 6276 6277 6278
f 6278 6277 6279
f 6278 6279 6280
f 6280 6279 6281
f 6280 6281 6282
f 6282 6281 6283
f 6282 6283 6284
f 6284 6283 6285
f 6284 6285 6286
f 6286 6285 6287
f 6286 6287 6288
f 6288 6287 6289
f 6288 6289 6290
f 6290 6289 6291
f 6290 6291 6292
f 6292 6291 6293
f 6292 6293 6294
f 6294 6293 6295
f 6294 6295 6296
f 6296 6295 6297
f 6296 6297 6298
f 6298 6297 6299
f 6298 6299 6300
f 6300 6299 6253
f 6300 6253 6255
f 6301 6302 6303
f 6303 6302 6304
f 6303 6304 6305
f 6306 6307 6305
f 6305 6307 6308
f 6305 6308 6303
f 6309 6302 6310
f 6310 6302 6301
f 6311 6309 6312
f 6312 6309 6310
f 6313 6311 6314
f 6314 6311 6312
f 6306 6313 6307
f 6307 6313 6314
f 6315 6316 6317
f 6317 6316 6318
f 6319 6315 6320
f 6320 6315 6317
f 6316 6319 6318
f 6318 6319 6320
f 6321 6322 6323
f 6323 6322 6324
f 6323 6324 6325
f 6325 6324 6326
f 6325 6326 6327
f 6327 6326 6328
f 6327 6328 6329
f 6329 6328 6330
f 6329 6330 6331
f 6331 6330 6332
f 6331 6332 6333
f 6333 6332 6334
f 6333 6334 6335
f 6335 6334 6336
f 6335 6336 6337
f 6337 6336 6338
f 6337 6338 6339
f 6339 6338 6340
f 6339 6340 6341
f 6341 6340 6342
f 6341 6342 6343
f 6343 6342 6344
f 6343 6344 6345
f 6345 6344 6346
f 6345 6346 6347
f 6347 6346 6348
f 6347 6348 6349
f 6349 6348 6350
f 6349 6350 6351
f 6351 6350 6352
f 6351 6352 6353
f 6353 6352 6354
f 6353 6354 6355
f 6355 6354 6356
f 6355 6356 6357
f 6357 6356 6358
f 6357 6358 6359
f 6359 6358 6360
f 6359 6360 6361
f 6361 6360 6362
f 6361 6362 6363
f 6363 6362 6364
f 6363 6364 6365
f 6365 6364 6366
f 6365 6366 6367
f 6367 6366 6368
f 6367 6368 6321
f 6321 6368 6322
f 6369 6370 6371
f 6371 6370 6372
f 6373 6374 6375
f 6375 6374 6376
f 6375 6376 6377
f 6377 6376 6378
f 6377 6378 6379
f 6379 6378 6380
f 6379 6380 6381
f 6381 6380 6382
f 6381 6382 6371
f 6371 6382 6369
f 6383 6374 6384
f 6384 6374 6373
f 6385 6386 6387
f 6387 6386 6388
f 6387 6388 6389
f 6389 6388 6390
f 6389 6390 6391
f 6391 6390 6392
f 6391 6392 6393
f 6393 6392 6394
f 6393 6394 6395
f 6395 6394 6396
f 6395 6396 6384
f 6384 6396 6383
f 6397 6386 6398
f 6398 6386 6385
f 6370 6397 6372
f 6372 6397 6398
f 6399 6400 6401
f 6401 6400 6402
f 6403 6399 6404
f 6404 6399 6401
f 6400 6403 6402
f 6402 6403 6404
f 6405 6406 6407
f 6407 6406 6408
f 6407 6408 6409
f 6409 6408 6410
f 6409 6410 6411
f 6411 6410 6412
f 6411 6412 6413
f 6413 6412 6414
f 6413 6414 6415
f 6415 6414 6416
f 6415 6416 6417
f 6417 6416 6418
f 6417 6418 6419
f 6419 6418 6420
f 6419 6420 6421
f 6421 6420 6422
f 6421 6422 6423
f 6423 6422 6424
f 6423 6424 6425
f 6425 6424 6426
f 6425 6426 6427
f 6427 6426 6428
f 6427 6428 6429
f 6429 6428 6430
f 6429 6430 6431
f 6431 6430 6432
f 6431 6432 6433
f 6433 6432 6434
f 6433 6434 6435
f 6435 6434 6436
f 6435 6436 6437
f 6437 6436 6438
f 6437 6438 6439
f 6439 6438 6440
f 6439 6440 6441
f 6441 6440 6442
f 6441 6442 6443
f 6443 6442 6444
f 6443 6444 6445
f 6445 6444 6446
f 6445 6446 6447
f 6447 6446 6448
f 6447 6448 6449
f 6449 6448 6450
f 6449 6450 6451
f 6451 6450 6452
f 6451 6452 6405
f 6405 6452 6406
f 6453 6454 6455
f 6455 6454 6456
f 6457 6453 6458
f 6458 6453 6455
f 6454 6457 6456
f 6456 6457 6458
f 6459 6460 6461
f 6461 6460 6462
f 6463 6459 6464
f 6464 6459 6461
f 6460 6463 6462
f 6462 6463 6464
f 6465 6466 6467
f 6467 6466 6468
f 6469 6470 6471
f 6471 6470 6472
f 6471 6472 6473
f 6473 6472 6474
f 6473 6474 6475
f 6475 6474 6476
f 6475 6476 6477
f 6477 6476 6478
f 6477 6478 6467
f 6467 6478 6465
f 6479 6470 6480
f 6480 6470 6469
f 6481 6482 6483
f 6483 6482 6484
f 6483 6484 6485
f 6479 6480 6485
f 6485 6480 6486
f 6485 6486 6483
f 6487 6482 6488
f 6488 6482 6481
f 6489 6490 6491
f 6491 6490 6492
f 6491 6492 6493
f 6493 6492 6494
f 6493 6494 6495
f 6495 6494 6496
f 6495 6496 6497
f 6497 6496 6498
f 6497 6498 6499
f 6499 6498 6500
f 6501 6490 6502
f 6502 6490 6489
f 6503 6504 6505
f 6505 6504 6506
f 6505 6506 6507
f 6507 6506 6508
f 6507 6508 6509
f 6509 6508 6510
f 6509 6510 6511
f 6511 6510 6512
f 6511 6512 6513
f 6513 6512 6514
f 6513 6514 6502
f 6502 6514 6501
f 6515 6504 6516
f 6516 6504 6503
f 6517 6515 6518
f 6518 6515 6516
f 6468 6466 6519
f 6519 6466 6520
f 6519 6520 6521
f 6521 6520 6522
f 6521 6522 6523
f 6523 6522 6524
f 6523 6524 6525
f 6525 6524 6526
f 6525 6526 6527
f 6527 6526 6528
f 6527 6528 6518
f 6518 6528 6517
f 6529 6530 6499
f 6499 6530 6531
f 6499 6531 6532
f 6532 6533 6499
f 6499 6533 6534
f 6499 6534 6535
f 6535 6536 6499
f 6499 6536 6497
f 6497 6536 6495
f 6495 6536 6493
f 6493 6536 6491
f 6491 6536 6537
f 6491 6537 6293
f 6293 6537 6295
f 6295 6537 6297
f 6297 6537 6538
f 6297 6538 6299
f 6299 6538 6253
f 6253 6538 6539
f 6253 6539 6254
f 6254 6539 6540
f 6254 6540 6256
f 6256 6540 6541
f 6256 6541 6542
f 6542 6541 6543
f 6542 6543 6544
f 6544 6545 6542
f 6542 6545 6546
f 6542 6546 6547
f 6548 6549 6547
f 6547 6549 6550
f 6547 6550 6542
f 6548 6551 6549
f 6549 6551 6552
f 6549 6552 6553
f 6549 6553 6499
f 6499 6553 6554
f 6499 6554 6555
f 6555 6529 6499
f 6556 6557 6558
f 6558 6557 6559
f 6558 6559 6560
f 6560 6559 6561
f 6560 6561 6562
f 6562 6563 6560
f 6560 6563 6550
f 6560 6550 6549
f 6564 6263 6542
f 6542 6263 6261
f 6542 6261 6259
f 6263 6564 6265
f 6265 6564 6565
f 6265 6565 6402
f 6402 6565 6566
f 6402 6566 6567
f 6567 6568 6402
f 6402 6568 6569
f 6402 6569 6570
f 6570 6571 6402
f 6402 6571 6572
f 6402 6572 6488
f 6488 6572 6573
f 6488 6573 6574
f 6488 6574 6575
f 6575 6574 6576
f 6575 6576 6577
f 6577 6578 6575
f 6575 6578 6558
f 6558 6578 6579
f 6558 6579 6580
f 6580 6556 6558
f 6161 6229 6159
f 6159 6229 6231
f 6159 6231 6157
f 6157 6231 6233
f 6157 6233 6203
f 6203 6233 6235
f 6203 6235 6201
f 6201 6235 6237
f 6201 6237 6199
f 6199 6237 6239
f 6199 6239 6197
f 6197 6239 6241
f 6197 6241 6195
f 6195 6241 6243
f 6195 6243 6489
f 6489 6243 6245
f 6489 6245 6502
f 6502 6245 6247
f 6502 6247 6249
f 6229 6161 6227
f 6227 6161 6163
f 6227 6163 6225
f 6225 6163 6165
f 6225 6165 6223
f 6223 6165 6167
f 6223 6167 6221
f 6221 6167 6169
f 6221 6169 6503
f 6503 6169 6171
f 6503 6171 6417
f 6417 6171 6415
f 6415 6171 6173
f 6415 6173 6413
f 6413 6173 6411
f 6411 6173 6409
f 6409 6173 6175
f 6409 6175 6407
f 6407 6175 6405
f 6405 6175 6177
f 6405 6177 6451
f 6451 6177 6179
f 6451 6179 6449
f 6449 6179 6181
f 6449 6181 6447
f 6447 6181 6183
f 6447 6183 6185
f 6447 6185 6445
f 6445 6185 6187
f 6445 6187 6189
f 6189 6191 6445
f 6445 6191 6404
f 6445 6404 6443
f 6443 6404 6441
f 6441 6404 6401
f 6441 6401 6361
f 6361 6401 6359
f 6359 6401 6312
f 6359 6312 6464
f 6464 6312 6462
f 6462 6312 6310
f 6462 6310 6480
f 6480 6310 6301
f 6480 6301 6303
f 6191 6193 6404
f 6404 6193 6195
f 6404 6195 6489
f 6205 6207 6502
f 6502 6207 6209
f 6502 6209 6211
f 6211 6213 6502
f 6502 6213 6513
f 6513 6213 6215
f 6513 6215 6217
f 6217 6219 6513
f 6513 6219 6511
f 6511 6219 6509
f 6509 6219 6507
f 6507 6219 6503
f 6507 6503 6505
f 6219 6221 6503
f 6249 6251 6502
f 6502 6251 6205
f 6291 6404 6293
f 6293 6404 6489
f 6293 6489 6491
f 6291 6289 6404
f 6404 6289 6287
f 6404 6287 6285
f 6285 6283 6404
f 6404 6283 6281
f 6404 6281 6402
f 6402 6281 6279
f 6402 6279 6277
f 6277 6275 6402
f 6402 6275 6273
f 6402 6273 6271
f 6271 6269 6402
f 6402 6269 6267
f 6402 6267 6265
f 6259 6256 6542
f 6359 6464 6357
f 6357 6464 6461
f 6357 6461 6355
f 6355 6461 6353
f 6353 6461 6351
f 6351 6461 6349
f 6349 6461 6347
f 6347 6461 6345
f 6345 6461 6343
f 6343 6461 6341
f 6341 6461 6339
f 6339 6461 6337
f 6337 6461 6516
f 6337 6516 6335
f 6335 6516 6333
f 6333 6516 6421
f 6333 6421 6331
f 6331 6421 6423
f 6331 6423 6329
f 6329 6423 6425
f 6329 6425 6327
f 6327 6425 6427
f 6327 6427 6325
f 6325 6427 6429
f 6325 6429 6323
f 6323 6429 6431
f 6323 6431 6321
f 6321 6431 6433
f 6321 6433 6367
f 6367 6433 6435
f 6367 6435 6365
f 6365 6435 6437
f 6365 6437 6363
f 6363 6437 6439
f 6363 6439 6361
f 6361 6439 6441
f 6462 6320 6461
f 6461 6320 6317
f 6461 6317 6516
f 6516 6317 6318
f 6516 6318 6518
f 6518 6318 6455
f 6518 6455 6398
f 6398 6455 6372
f 6372 6455 6456
f 6372 6456 6473
f 6473 6456 6471
f 6471 6456 6469
f 6469 6456 6458
f 6469 6458 6320
f 6320 6458 6318
f 6318 6458 6455
f 6417 6419 6503
f 6503 6419 6516
f 6516 6419 6421
f 6312 6401 6314
f 6314 6401 6402
f 6314 6402 6488
f 6385 6521 6398
f 6398 6521 6523
f 6398 6523 6525
f 6521 6385 6519
f 6519 6385 6387
f 6519 6387 6389
f 6389 6391 6519
f 6519 6391 6393
f 6519 6393 6468
f 6468 6393 6395
f 6468 6395 6384
f 6468 6384 6467
f 6467 6384 6373
f 6467 6373 6375
f 6375 6377 6467
f 6467 6377 6477
f 6477 6377 6379
f 6477 6379 6381
f 6381 6371 6477
f 6477 6371 6475
f 6475 6371 6372
f 6475 6372 6473
f 6314 6481 6307
f 6307 6481 6483
f 6307 6483 6486
f 6303 6308 6480
f 6480 6308 6307
f 6480 6307 6486
f 6527 6518 6525
f 6525 6518 6398
f 6488 6481 6314
f 6462 6480 6320
f 6320 6480 6469
f 6581 6582 6487
f 6487 6582 6583
f 6487 6583 6584
f 6584 6585 6487
f 6487 6585 6586
f 6487 6586 6400
f 6400 6586 6587
f 6400 6587 6588
f 6588 6589 6400
f 6400 6589 6590
f 6400 6590 6591
f 6591 6592 6400
f 6400 6592 6593
f 6400 6593 6266
f 6266 6593 6594
f 6266 6594 6264
f 6264 6594 6595
f 6264 6595 6596
f 6264 6596 6262
f 6262 6596 6597
f 6262 6597 6260
f 6260 6597 6598
f 6260 6598 6258
f 6258 6598 6257
f 6257 6598 6255
f 6255 6598 6599
f 6255 6599 6300
f 6300 6599 6600
f 6300 6600 6601
f 6601 6602 6300
f 6300 6602 6298
f 6298 6602 6603
f 6298 6603 6604
f 6298 6604 6296
f 6296 6604 6605
f 6296 6605 6294
f 6294 6605 6606
f 6294 6606 6607
f 6294 6607 6292
f 6292 6607 6608
f 6292 6608 6609
f 6292 6609 6403
f 6403 6609 6610
f 6403 6610 6196
f 6196 6610 6490
f 6196 6490 6244
f 6244 6490 6246
f 6246 6490 6501
f 6246 6501 6248
f 6248 6501 6250
f 6250 6501 6252
f 6252 6501 6206
f 6206 6501 6208
f 6208 6501 6210
f 6210 6501 6212
f 6212 6501 6214
f 6214 6501 6514
f 6214 6514 6216
f 6216 6514 6218
f 6218 6514 6220
f 6220 6514 6512
f 6220 6512 6510
f 6490 6610 6492
f 6492 6610 6611
f 6492 6611 6494
f 6494 6611 6612
f 6494 6612 6496
f 6496 6612 6613
f 6496 6613 6614
f 6496 6614 6498
f 6498 6614 6615
f 6498 6615 6500
f 6500 6615 6616
f 6500 6616 6617
f 6617 6618 6500
f 6500 6618 6619
f 6500 6619 6620
f 6620 6621 6500
f 6500 6621 6622
f 6510 6508 6220
f 6220 6508 6504
f 6220 6504 6222
f 6222 6504 6170
f 6222 6170 6224
f 6224 6170 6168
f 6224 6168 6226
f 6226 6168 6166
f 6226 6166 6228
f 6228 6166 6164
f 6228 6164 6230
f 6230 6164 6162
f 6230 6162 6232
f 6232 6162 6160
f 6232 6160 6234
f 6234 6160 6158
f 6234 6158 6236
f 6236 6158 6204
f 6236 6204 6238
f 6238 6204 6202
f 6238 6202 6240
f 6240 6202 6200
f 6240 6200 6242
f 6242 6200 6198
f 6242 6198 6244
f 6244 6198 6196
f 6508 6506 6504
f 6515 6420 6504
f 6504 6420 6418
f 6504 6418 6172
f 6172 6418 6416
f 6172 6416 6174
f 6174 6416 6414
f 6174 6414 6412
f 6517 6316 6515
f 6515 6316 6315
f 6515 6315 6459
f 6459 6315 6319
f 6459 6319 6460
f 6460 6319 6479
f 6460 6479 6309
f 6309 6479 6302
f 6302 6479 6304
f 6304 6479 6305
f 6305 6479 6306
f 6306 6479 6485
f 6306 6485 6484
f 6528 6526 6517
f 6517 6526 6397
f 6517 6397 6453
f 6453 6397 6370
f 6453 6370 6454
f 6454 6370 6474
f 6454 6474 6472
f 6526 6524 6397
f 6397 6524 6522
f 6397 6522 6386
f 6386 6522 6520
f 6386 6520 6388
f 6388 6520 6390
f 6390 6520 6392
f 6392 6520 6394
f 6394 6520 6466
f 6394 6466 6396
f 6396 6466 6383
f 6383 6466 6374
f 6374 6466 6465
f 6374 6465 6376
f 6376 6465 6378
f 6378 6465 6478
f 6378 6478 6380
f 6380 6478 6382
f 6382 6478 6369
f 6369 6478 6476
f 6369 6476 6370
f 6370 6476 6474
f 6472 6470 6454
f 6454 6470 6457
f 6457 6470 6319
f 6457 6319 6316
f 6470 6479 6319
f 6484 6482 6306
f 6306 6482 6313
f 6313 6482 6487
f 6313 6487 6400
f 6196 6194 6403
f 6403 6194 6192
f 6403 6192 6446
f 6446 6192 6190
f 6446 6190 6188
f 6188 6186 6446
f 6446 6186 6448
f 6448 6186 6184
f 6448 6184 6182
f 6448 6182 6450
f 6450 6182 6180
f 6450 6180 6452
f 6452 6180 6178
f 6452 6178 6406
f 6406 6178 6176
f 6406 6176 6408
f 6408 6176 6410
f 6410 6176 6174
f 6410 6174 6412
f 6172 6170 6504
f 6266 6268 6400
f 6400 6268 6270
f 6400 6270 6272
f 6272 6274 6400
f 6400 6274 6276
f 6400 6276 6278
f 6278 6280 6400
f 6400 6280 6403
f 6403 6280 6282
f 6403 6282 6284
f 6284 6286 6403
f 6403 6286 6288
f 6403 6288 6290
f 6290 6292 6403
f 6460 6311 6463
f 6463 6311 6360
f 6463 6360 6358
f 6463 6358 6459
f 6459 6358 6356
f 6459 6356 6354
f 6517 6453 6316
f 6316 6453 6457
f 6446 6444 6403
f 6403 6444 6442
f 6403 6442 6399
f 6399 6442 6362
f 6399 6362 6360
f 6362 6442 6364
f 6364 6442 6440
f 6364 6440 6366
f 6366 6440 6438
f 6366 6438 6368
f 6368 6438 6436
f 6368 6436 6322
f 6322 6436 6434
f 6322 6434 6324
f 6324 6434 6432
f 6324 6432 6326
f 6326 6432 6430
f 6326 6430 6328
f 6328 6430 6428
f 6328 6428 6330
f 6330 6428 6426
f 6330 6426 6332
f 6332 6426 6424
f 6332 6424 6334
f 6334 6424 6422
f 6334 6422 6515
f 6515 6422 6420
f 6313 6400 6399
f 6354 6352 6459
f 6459 6352 6350
f 6459 6350 6348
f 6348 6346 6459
f 6459 6346 6344
f 6459 6344 6342
f 6342 6340 6459
f 6459 6340 6338
f 6459 6338 6515
f 6515 6338 6336
f 6515 6336 6334
f 6309 6311 6460
f 6360 6311 6399
f 6399 6311 6313
f 5781 5780 6581
f 6581 5780 6582
f 6582 5780 5779
f 6582 5779 6583
f 6583 5779 5778
f 6583 5778 6584
f 6584 5778 5641
f 6584 5641 6585
f 6585 5641 5640
f 6585 5640 6586
f 6586 5640 5777
f 6586 5777 6587
f 6587 5777 5776
f 6587 5776 6588
f 6588 5776 5775
f 6588 5775 6589
f 6589 5775 5774
f 6589 5774 6590
f 6590 5774 5773
f 6590 5773 6591
f 6591 5773 5772
f 6591 5772 6592
f 6592 5772 5771
f 6592 5771 6593
f 6593 5771 5770
f 6593 5770 6594
f 6594 5770 5769
f 6594 5769 6595
f 6595 5769 5768
f 6595 5768 6596
f 6596 5768 5767
f 6596 5767 6597
f 6597 5767 5766
f 6597 5766 6598
f 6598 5766 5765
f 6598 5765 6599
f 6599 5765 5764
f 6599 5764 6600
f 6600 5764 5763
f 6600 5763 6601
f 6601 5763 5762
f 6601 5762 6602
f 6602 5762 5761
f 6602 5761 6603
f 6603 5761 5760
f 6603 5760 6604
f 6604 5760 5759
f 6604 5759 6605
f 6605 5759 5758
f 6605 5758 6606
f 6606 5758 5757
f 6606 5757 6607
f 6607 5757 5756
f 6607 5756 6608
f 6608 5756 5755
f 6608 5755 6609
f 6609 5755 5754
f 6609 5754 6610
f 6610 5754 5752
f 6610 5752 6611
f 6611 5752 5750
f 6611 5750 6612
f 6612 5750 5749
f 6612 5749 6613
f 6613 5749 5747
f 6613 5747 6614
f 6614 5747 5745
f 6614 5745 6615
f 6615 5745 5744
f 6615 5744 6616
f 6616 5744 5743
f 6616 5743 6617
f 6617 5743 5742
f 6617 5742 6618
f 6618 5742 5741
f 6618 5741 6619
f 6619 5741 5740
f 6619 5740 6620
f 6620 5740 5738
f 6620 5738 6621
f 6621 5738 5737
f 6621 5737 6622
f 5660 6151 5646
f 5646 6151 6623
f 6623 6151 6624
f 6623 6624 6625
f 6625 6624 5730
f 5730 6624 5736
f 5733 6626 5724
f 5724 6626 6627
f 6627 6626 6628
f 6628 6626 6629
f 6628 6629 6630
f 6630 6629 6631
f 6630 6631 6632
f 6632 6631 6633
f 6632 6633 6634
f 6634 6633 6635
f 6634 6635 6636
f 6636 6635 6637
f 6636 6637 6638
f 6638 6637 6639
f 6639 6640 6638
f 6638 6640 6641
f 6641 6640 6642
f 6642 6640 6643
f 6642 6643 6644
f 6644 6643 6645
f 6644 6645 6646
f 6646 6645 6647
f 6646 6647 6648
f 6648 6647 6649
f 6648 6649 6650
f 6650 6649 6651
f 6650 6651 6652
f 6652 6651 6653
f 6653 6654 6652
f 6652 6654 6655
f 6654 6656 6655
f 6655 6656 6627
f 6627 6656 5724
f 5724 6656 5734
f 5735 6657 5726
f 5726 6657 6658
f 6658 6657 6659
f 6659 6657 6660
f 6529 6661 6530
f 6530 6661 6662
f 6530 6662 6531
f 6531 6662 6663
f 6531 6663 6532
f 6532 6663 6664
f 6532 6664 6533
f 6533 6664 6665
f 6533 6665 6534
f 6534 6665 6666
f 6534 6666 6535
f 6535 6666 6667
f 6535 6667 6536
f 6536 6667 6668
f 6536 6668 6537
f 6537 6668 6669
f 6537 6669 6538
f 6538 6669 6670
f 6538 6670 6539
f 6539 6670 6671
f 6539 6671 6540
f 6540 6671 6672
f 6540 6672 6541
f 6541 6672 6673
f 6541 6673 6543
f 6543 6673 6674
f 6543 6674 6544
f 6544 6674 6675
f 6544 6675 6545
f 6545 6675 6676
f 6545 6676 6546
f 6546 6676 6677
f 6546 6677 6547
f 6547 6677 6678
f 6547 6678 6548
f 6548 6678 6679
f 6548 6679 6551
f 6551 6679 6680
f 6551 6680 6552
f 6552 6680 6681
f 6552 6681 6553
f 6553 6681 6682
f 6553 6682 6554
f 6554 6682 6683
f 6554 6683 6555
f 6555 6683 6684
f 6555 6684 6529
f 6529 6684 6661
f 6685 6686 6687
f 6687 6686 6688
f 6687 6688 6689
f 6689 6688 6690
f 6689 6690 6691
f 6691 6690 6692
f 6691 6692 6693
f 6693 6692 6694
f 6693 6694 6695
f 6695 6694 6696
f 6695 6696 6697
f 6697 6696 6698
f 6697 6698 6699
f 6699 6698 6700
f 6699 6700 6701
f 6701 6700 6702
f 6701 6702 6703
f 6703 6702 6704
f 6703 6704 6705
f 6705 6704 6706
f 6705 6706 6707
f 6707 6706 6708
f 6707 6708 6709
f 6709 6708 6710
f 6709 6710 6711
f 6711 6710 6712
f 6711 6712 6713
f 6713 6712 6714
f 6713 6714 6715
f 6715 6714 6716
f 6715 6716 6717
f 6717 6716 6718
f 6717 6718 6719
f 6719 6718 6720
f 6719 6720 6721
f 6721 6720 6722
f 6721 6722 6723
f 6723 6722 6724
f 6723 6724 6725
f 6725 6724 6726
f 6725 6726 6727
f 6727 6726 6728
f 6727 6728 6729
f 6729 6728 6730
f 6729 6730 6731
f 6731 6730 6732
f 6731 6732 6685
f 6685 6732 6686
f 6662 6733 6663
f 6663 6733 6734
f 6663 6734 6664
f 6664 6734 6735
f 6664 6735 6665
f 6665 6735 6736
f 6665 6736 6666
f 6666 6736 6737
f 6666 6737 6667
f 6667 6737 6738
f 6667 6738 6668
f 6668 6738 6739
f 6668 6739 6669
f 6669 6739 6740
f 6669 6740 6670
f 6670 6740 6741
f 6670 6741 6671
f 6671 6741 6742
f 6671 6742 6672
f 6672 6742 6743
f 6672 6743 6673
f 6673 6743 6744
f 6673 6744 6674
f 6674 6744 6745
f 6674 6745 6675
f 6675 6745 6746
f 6675 6746 6676
f 6676 6746 6747
f 6676 6747 6677
f 6677 6747 6748
f 6677 6748 6678
f 6678 6748 6749
f 6678 6749 6679
f 6679 6749 6750
f 6679 6750 6680
f 6680 6750 6751
f 6680 6751 6681
f 6681 6751 6752
f 6681 6752 6682
f 6682 6752 6753
f 6682 6753 6683
f 6683 6753 6754
f 6683 6754 6684
f 6684 6754 6755
f 6684 6755 6661
f 6661 6755 6756
f 6661 6756 6662
f 6662 6756 6733
f 6733 6757 6734
f 6734 6757 6758
f 6734 6758 6735
f 6735 6758 6759
f 6735 6759 6736
f 6736 6759 6760
f 6736 6760 6737
f 6737 6760 6761
f 6737 6761 6738
f 6738 6761 6762
f 6738 6762 6739
f 6739 6762 6763
f 6739 6763 6740
f 6740 6763 6764
f 6740 6764 6741
f 6741 6764 6765
f 6741 6765 6742
f 6742 6765 6766
f 6742 6766 6743
f 6743 6766 6767
f 6743 6767 6744
f 6744 6767 6768
f 6744 6768 6745
f 6745 6768 6769
f 6745 6769 6746
f 6746 6769 6770
f 6746 6770 6747
f 6747 6770 6771
f 6747 6771 6748
f 6748 6771 6772
f 6748 6772 6749
f 6749 6772 6773
f 6749 6773 6750
f 6750 6773 6774
f 6750 6774 6751
f 6751 6774 6775
f 6751 6775 6752
f 6752 6775 6776
f 6752 6776 6753
f 6753 6776 6777
f 6753 6777 6754
f 6754 6777 6778
f 6754 6778 6755
f 6755 6778 6779
f 6755 6779 6756
f 6756 6779 6780
f 6756 6780 6733
f 6733 6780 6757
f 6757 6688 6758
f 6758 6688 6686
f 6758 6686 6759
f 6759 6686 6732
f 6759 6732 6760
f 6760 6732 6730
f 6760 6730 6761
f 6761 6730 6728
f 6761 6728 6762
f 6762 6728 6726
f 6762 6726 6763
f 6763 6726 6724
f 6763 6724 6764
f 6764 6724 6722
f 6764 6722 6765
f 6765 6722 6720
f 6765 6720 6766
f 6766 6720 6718
f 6766 6718 6767
f 6767 6718 6716
f 6767 6716 6768
f 6768 6716 6714
f 6768 6714 6769
f 6769 6714 6712
f 6769 6712 6770
f 6770 6712 6710
f 6770 6710 6771
f 6771 6710 6708
f 6771 6708 6772
f 6772 6708 6706
f 6772 6706 6773
f 6773 6706 6704
f 6773 6704 6774
f 6774 6704 6702
f 6774 6702 6775
f 6775 6702 6700
f 6775 6700 6776
f 6776 6700 6698
f 6776 6698 6777
f 6777 6698 6696
f 6777 6696 6778
f 6778 6696 6694
f 6778 6694 6779
f 6779 6694 6692
f 6779 6692 6780
f 6780 6692 6690
f 6780 6690 6757
f 6757 6690 6688
f 6556 6781 6557
f 6557 6781 6782
f 6557 6782 6559
f 6559 6782 6783
f 6559 6783 6561
f 6561 6783 6784
f 6561 6784 6562
f 6562 6784 6785
f 6562 6785 6563
f 6563 6785 6786
f 6563 6786 6550
f 6550 6786 6787
f 6550 6787 6542
f 6542 6787 6788
f 6542 6788 6564
f 6564 6788 6789
f 6564 6789 6565
f 6565 6789 6790
f 6565 6790 6566
f 6566 6790 6791
f 6566 6791 6567
f 6567 6791 6792
f 6567 6792 6568
f 6568 6792 6793
f 6568 6793 6569
f 6569 6793 6794
f 6569 6794 6570
f 6570 6794 6795
f 6570 6795 6571
f 6571 6795 6796
f 6571 6796 6572
f 6572 6796 6797
f 6572 6797 6573
f 6573 6797 6798
f 6573 6798 6574
f 6574 6798 6799
f 6574 6799 6576
f 6576 6799 6800
f 6576 6800 6577
f 6577 6800 6801
f 6577 6801 6578
f 6578 6801 6802
f 6578 6802 6579
f 6579 6802 6803
f 6579 6803 6580
f 6580 6803 6804
f 6580 6804 6556
f 6556 6804 6781
f 6805 6806 6807
f 6807 6806 6808
f 6807 6808 6809
f 6809 6808 6810
f 6809 6810 6811
f 6811 6810 6812
f 6811 6812 6813
f 6813 6812 6814
f 6813 6814 6815
f 6815 6814 6816
f 6815 6816 6817
f 6817 6816 6818
f 6817 6818 6819
f 6819 6818 6820
f 6819 6820 6821
f 6821 6820 6822
f 6821 6822 6823
f 6823 6822 6824
f 6823 6824 6825
f 6825 6824 6826
f 6825 6826 6827
f 6827 6826 6828
f 6827 6828 6829
f 6829 6828 6830
f 6829 6830 6831
f 6831 6830 6832
f 6831 6832 6833
f 6833 6832 6834
f 6833 6834 6835
f 6835 6834 6836
f 6835 6836 6837
f 6837 6836 6838
f 6837 6838 6839
f 6839 6838 6840
f 6839 6840 6841
f 6841 6840 6842
f 6841 6842 6843
f 6843 6842 6844
f 6843 6844 6845
f 6845 6844 6846
f 6845 6846 6847
f 6847 6846 6848
f 6847 6848 6849
f 6849 6848 6850
f 6849 6850 6851
f 6851 6850 6852
f 6851 6852 6805
f 6805 6852 6806
f 6782 6853 6783
f 6783 6853 6854
f 6783 6854 6784
f 6784 6854 6855
f 6784 6855 6785
f 6785 6855 6856
f 6785 6856 6786
f 6786 6856 6857
f 6786 6857 6787
f 6787 6857 6858
f 6787 6858 6788
f 6788 6858 6859
f 6788 6859 6789
f 6789 6859 6860
f 6789 6860 6790
f 6790 6860 6861
f 6790 6861 6791
f 6791 6861 6862
f 6791 6862 6792
f 6792 6862 6863
f 6792 6863 6793
f 6793 6863 6864
f 6793 6864 6794
f 6794 6864 6865
f 6794 6865 6795
f 6795 6865 6866
f 6795 6866 6796
f 6796 6866 6867
f 6796 6867 6797
f 6797 6867 6868
f 6797 6868 6798
f 6798 6868 6869
f 6798 6869 6799
f 6799 6869 6870
f 6799 6870 6800
f 6800 6870 6871
f 6800 6871 6801
f 6801 6871 6872
f 6801 6872 6802
f 6802 6872 6873
f 6802 6873 6803
f 6803 6873 6874
f 6803 6874 6804
f 6804 6874 6875
f 6804 6875 6781
f 6781 6875 6876
f 6781 6876 6782
f 6782 6876 6853
f 6853 6877 6854
f 6854 6877 6878
f 6854 6878 6855
f 6855 6878 6879
f 6855 6879 6856
f 6856 6879 6880
f 6856 6880 6857
f 6857 6880 6881
f 6857 6881 6858
f 6858 6881 6882
f 6858 6882 6859
f 6859 6882 6883
f 6859 6883 6860
f 6860 6883 6884
f 6860 6884 6861
f 6861 6884 6885
f 6861 6885 6862
f 6862 6885 6886
f 6862 6886 6863
f 6863 6886 6887
f 6863 6887 6864
f 6864 6887 6888
f 6864 6888 6865
f 6865 6888 6889
f 6865 6889 6866
f 6866 6889 6890
f 6866 6890 6867
f 6867 6890 6891
f 6867 6891 6868
f 6868 6891 6892
f 6868 6892 6869
f 6869 6892 6893
f 6869 6893 6870
f 6870 6893 6894
f 6870 6894 6871
f 6871 6894 6895
f 6871 6895 6872
f 6872 6895 6896
f 6872 6896 6873
f 6873 6896 6897
f 6873 6897 6874
f 6874 6897 6898
f 6874 6898 6875
f 6875 6898 6899
f 6875 6899 6876
f 6876 6899 6900
f 6876 6900 6853
f 6853 6900 6877
f 6877 6808 6878
f 6878 6808 6806
f 6878 6806 6879
f 6879 6806 6852
f 6879 6852 6880
f 6880 6852 6850
f 6880 6850 6881
f 6881 6850 6848
f 6881 6848 6882
f 6882 6848 6846
f 6882 6846 6883
f 6883 6846 6844
f 6883 6844 6884
f 6884 6844 6842
f 6884 6842 6885
f 6885 6842 6840
f 6885 6840 6886
f 6886 6840 6838
f 6886 6838 6887
f 6887 6838 6836
f 6887 6836 6888
f 6888 6836 6834
f 6888 6834 6889
f 6889 6834 6832
f 6889 6832 6890
f 6890 6832 6830
f 6890 6830 6891
f 6891 6830 6828
f 6891 6828 6892
f 6892 6828 6826
f 6892 6826 6893
f 6893 6826 6824
f 6893 6824 6894
f 6894 6824 6822
f 6894 6822 6895
f 6895 6822 6820
f 6895 6820 6896
f 6896 6820 6818
f 6896 6818 6897
f 6897 6818 6816
f 6897 6816 6898
f 6898 6816 6814
f 6898 6814 6899
f 6899 6814 6812
f 6899 6812 6900
f 6900 6812 6810
f 6900 6810 6877
f 6877 6810 6808
f 6901 5687 6902
f 6902 5687 5689
f 6902 5689 6903
f 6903 5689 5691
f 6903 5691 6904
f 6904 5691 5693
f 6904 5693 6905
f 6905 5693 5695
f 6905 5695 6906
f 6906 5695 5697
f 6906 5697 6907
f 6907 5697 5699
f 6907 5699 6908
f 6908 5699 5658
f 6908 5658 6909
f 6909 5658 5657
f 6909 5657 6910
f 6910 5657 5714
f 6910 5714 6911
f 6911 5714 5713
f 6911 5713 6912
f 6912 5713 5712
f 6912 5712 6913
f 6913 5712 5711
f 6913 5711 6914
f 6914 5711 5710
f 6914 5710 6915
f 6915 5710 5709
f 6915 5709 6916
f 6916 5709 5708
f 6916 5708 6917
f 6917 5708 5707
f 6917 5707 6918
f 6918 5707 5682
f 6918 5682 6919
f 6919 5682 5681
f 6919 5681 6920
f 6920 5681 5680
f 6920 5680 6921
f 6921 5680 5679
f 6921 5679 6922
f 6922 5679 5678
f 6922 5678 6923
f 6923 5678 5683
f 6923 5683 6924
f 6924 5683 5685
f 6924 5685 6901
f 6901 5685 5687
f 6925 5664 6926
f 6926 5664 5662
f 6926 5662 6927
f 6927 5662 5661
f 6927 5661 6928
f 6928 5661 5706
f 6928 5706 6929
f 6929 5706 5705
f 6929 5705 6930
f 6930 5705 5704
f 6930 5704 6931
f 6931 5704 5703
f 6931 5703 6932
f 6932 5703 5701
f 6932 5701 6933
f 6933 5701 5700
f 6933 5700 6934
f 6934 5700 5698
f 6934 5698 6935
f 6935 5698 5696
f 6935 5696 6936
f 6936 5696 5694
f 6936 5694 6937
f 6937 5694 5692
f 6937 5692 6938
f 6938 5692 5690
f 6938 5690 6939
f 6939 5690 5688
f 6939 5688 6940
f 6940 5688 5686
f 6940 5686 6941
f 6941 5686 5684
f 6941 5684 6942
f 6942 5684 5677
f 6942 5677 6943
f 6943 5677 5673
f 6943 5673 6944
f 6944 5673 5670
f 6944 5670 6945
f 6945 5670 5669
f 6945 5669 6946
f 6946 5669 5668
f 6946 5668 6947
f 6947 5668 5666
f 6947 5666 6948
f 6948 5666 5665
f 6948 5665 6925
f 6925 5665 5664
f 6949 5633 6950
f 6950 5633 5655
f 6950 5655 5654
f 5653 6951 5654
f 5654 6951 6952
f 5654 6952 6950
f 5653 5642 6951
f 6951 5642 6953
f 5642 5636 6953
f 6953 5636 6954
f 5636 5631 6954
f 6954 5631 6955
f 5631 5633 6955
f 6955 5633 6949
f 5648 6623 6956
f 6956 6623 6957
f 6956 6957 6958
f 5648 5646 6623
f 6958 6957 6959
f 6959 6957 6625
f 6959 6625 5730
f 5730 5731 6959
f 6960 5806 6961
f 6961 5806 5807
f 6961 5807 6962
f 6962 5807 5808
f 6962 5808 6963
f 6963 5808 5809
f 6963 5809 6964
f 6964 5809 5810
f 6964 5810 6965
f 6965 5810 5829
f 6965 5829 6966
f 6966 5829 5828
f 6966 5828 6967
f 6967 5828 5827
f 6967 5827 6968
f 6968 5827 5826
f 6968 5826 6969
f 6969 5826 5825
f 6969 5825 6970
f 6970 5825 5824
f 6970 5824 6971
f 6971 5824 5823
f 6971 5823 6972
f 6972 5823 5822
f 6972 5822 6973
f 6973 5822 5821
f 6973 5821 6974
f 6974 5821 5820
f 6974 5820 6975
f 6975 5820 5819
f 6975 5819 6976
f 6976 5819 5818
f 6976 5818 6977
f 6977 5818 5817
f 6977 5817 6978
f 6978 5817 5816
f 6978 5816 6979
f 6979 5816 5815
f 6979 5815 6980
f 6980 5815 5814
f 6980 5814 6981
f 6981 5814 5813
f 6981 5813 6982
f 6982 5813 5812
f 6982 5812 6983
f 6983 5812 5811
f 6983 5811 6960
f 6960 5811 5806
f 5638 5637 6984
f 6984 5637 6985
f 5637 5656 6985
f 6985 5656 6986
f 5656 5638 6986
f 6986 5638 6984
f 6987 5795 6988
f 6988 5795 5794
f 6988 5794 6989
f 6989 5794 5793
f 6989 5793 6990
f 6990 5793 5792
f 6990 5792 6991
f 6991 5792 5791
f 6991 5791 6992
f 6992 5791 5790
f 6992 5790 6993
f 6993 5790 5789
f 6993 5789 6994
f 6994 5789 5788
f 6994 5788 6995
f 6995 5788 5787
f 6995 5787 6996
f 6996 5787 5786
f 6996 5786 6997
f 6997 5786 5785
f 6997 5785 6998
f 6998 5785 5784
f 6998 5784 6999
f 6999 5784 5783
f 6999 5783 7000
f 7000 5783 5782
f 7000 5782 7001
f 7001 5782 5805
f 7001 5805 7002
f 7002 5805 5804
f 7002 5804 7003
f 7003 5804 5803
f 7003 5803 7004
f 7004 5803 5802
f 7004 5802 7005
f 7005 5802 5801
f 7005 5801 7006
f 7006 5801 5800
f 7006 5800 7007
f 7007 5800 5799
f 7007 5799 7008
f 7008 5799 5798
f 7008 5798 7009
f 7009 5798 5797
f 7009 5797 7010
f 7010 5797 5796
f 7010 5796 6987
f 6987 5796 5795
f 5732 5729 7011
f 7011 5729 7012
f 7011 7012 6659
f 6659 6660 7011
f 5729 5726 7012
f 7012 5726 6658
f 5643 5645 7013
f 7013 5645 7014
f 5645 5644 7014
f 7014 5644 7015
f 5644 5643 7015
f 7015 5643 7013
f 5719 5721 7016
f 7016 5721 7017
f 7017 5721 7018
f 7018 5721 5722
f 7018 5722 7019
f 7019 5722 5723
f 7019 5723 7020
f 7020 5723 5725
f 7020 5725 7021
f 7021 5725 5727
f 7021 5727 7022
f 7022 5727 5728
f 5728 5652 7022
f 7022 5652 7023
f 7023 5652 7024
f 7024 5652 5635
f 7024 5635 5634
f 5632 7025 5634
f 5634 7025 7026
f 5634 7026 7024
f 5632 5639 7025
f 7025 5639 7027
f 7028 5781 6575
f 6575 5781 6581
f 6575 6581 6488
f 6488 6581 6487
f 7028 7027 5781
f 5781 7027 5639
f 6549 7029 6560
f 6560 7029 7030
f 6560 7030 6558
f 6558 7030 7031
f 6558 7031 6575
f 6575 7031 7028
f 5739 7032 5737
f 5737 7032 7029
f 5737 7029 6549
f 5737 6549 6622
f 6622 6549 6499
f 6622 6499 6500
f 7032 5739 7033
f 7033 5739 5746
f 7033 5746 7034
f 7034 5746 5748
f 7034 5748 7035
f 7035 5748 5751
f 7035 5751 7036
f 7036 5751 5753
f 7036 5753 7037
f 7037 5753 5702
f 5702 5663 7037
f 7037 5663 7038
f 7038 5663 7039
f 7039 5663 5667
f 7039 5667 7040
f 7040 5667 5671
f 7040 5671 7041
f 7041 5671 5672
f 7041 5672 7042
f 7042 5672 5674
f 7042 5674 7043
f 7043 5674 5676
f 7043 5676 7044
f 7044 5676 5675
f 5675 5647 7044
f 7044 5647 7045
f 5647 5649 7045
f 7045 5649 7046
f 7046 5649 7047
f 7047 5649 5651
f 7047 5651 7048
f 7048 5651 5650
f 7048 5650 7049
f 7049 5650 5715
f 7049 5715 7050
f 7050 5715 5717
f 7050 5717 7051
f 7051 5717 5718
f 7051 5718 7016
f 7016 5718 5719
f 6685 6687 7032
f 7032 6687 6689
f 7032 6689 6691
f 6691 6693 7032
f 7032 6693 6695
f 7032 6695 7029
f 7029 6695 6697
f 7029 6697 6699
f 6699 6701 7029
f 7029 6701 6703
f 7029 6703 6845
f 6845 6703 6843
f 6843 6703 6705
f 6843 6705 6707
f 6707 6709 6843
f 6843 6709 6711
f 6843 6711 6713
f 6843 6713 5618
f 5618 6713 6715
f 5618 6715 5616
f 5616 6715 6717
f 5616 6717 5614
f 5614 6717 6719
f 5614 6719 5612
f 5612 6719 5610
f 5610 6719 6721
f 5610 6721 5609
f 5609 6721 5608
f 5608 6721 7036
f 5608 7036 7037
f 6721 6723 7036
f 7036 6723 7035
f 7035 6723 7034
f 7034 6723 7033
f 7033 6723 7032
f 7032 6723 6725
f 7032 6725 6727
f 6727 6729 7032
f 7032 6729 6731
f 7032 6731 6685
f 6805 6807 7031
f 7031 6807 6809
f 7031 6809 6811
f 6811 6813 7031
f 7031 6813 6815
f 7031 6815 7028
f 7028 6815 6817
f 7028 6817 6819
f 6819 6821 7028
f 7028 6821 7027
f 7027 6821 6823
f 7027 6823 6825
f 7027 6825 6984
f 6984 6825 6827
f 6984 6827 6829
f 6829 6831 6984
f 6984 6831 6833
f 6984 6833 6835
f 6835 6837 6984
f 6984 6837 6839
f 6984 6839 5626
f 5626 6839 6841
f 5626 6841 5624
f 5624 6841 6843
f 5624 6843 5622
f 5622 6843 5620
f 5620 6843 5618
f 7029 6845 7030
f 7030 6845 6847
f 7030 6847 6849
f 6849 6851 7030
f 7030 6851 6805
f 7030 6805 7031
f 6903 6937 6902
f 6902 6937 6938
f 6902 6938 6901
f 6901 6938 6939
f 6901 6939 6924
f 6924 6939 6940
f 6924 6940 6923
f 6923 6940 6941
f 6923 6941 6922
f 6922 6941 6942
f 6922 6942 6921
f 6921 6942 6943
f 6921 6943 7044
f 7044 6943 6944
f 7044 6944 7042
f 7042 6944 7041
f 7041 6944 7040
f 7040 6944 7039
f 7039 6944 6945
f 7039 6945 6946
f 6937 6903 6936
f 6936 6903 6904
f 6936 6904 6935
f 6935 6904 6905
f 6935 6905 6934
f 6934 6905 6906
f 6934 6906 6933
f 6933 6906 6907
f 6933 6907 6932
f 6932 6907 6908
f 6932 6908 7037
f 7037 6908 6986
f 7037 6986 5608
f 5608 6986 5607
f 5607 6986 5606
f 5606 6986 5605
f 5605 6986 5604
f 5604 6986 5603
f 5603 6986 5602
f 5602 6986 6984
f 5602 6984 5601
f 5601 6984 5600
f 5600 6984 5599
f 5599 6984 5598
f 5598 6984 5597
f 5597 6984 5630
f 5630 6984 5628
f 5628 6984 5626
f 6908 6909 6986
f 6986 6909 6910
f 6986 6910 6993
f 6993 6910 6911
f 6993 6911 6912
f 6912 6913 6993
f 6993 6913 6992
f 6992 6913 6914
f 6992 6914 6915
f 6992 6915 6991
f 6991 6915 6916
f 6991 6916 6990
f 6990 6916 6917
f 6990 6917 6989
f 6989 6917 6918
f 6989 6918 6988
f 6988 6918 6987
f 6987 6918 6919
f 6987 6919 7010
f 7010 6919 7009
f 7009 6919 7008
f 7008 6919 6920
f 7008 6920 7007
f 7007 6920 7044
f 7007 7044 7006
f 7006 7044 7045
f 7006 7045 7005
f 7005 7045 6980
f 7005 6980 7004
f 7004 6980 6981
f 7004 6981 7003
f 7003 6981 6982
f 7003 6982 7002
f 7002 6982 6983
f 7002 6983 7001
f 7001 6983 6960
f 7001 6960 7000
f 7000 6960 6961
f 7000 6961 6999
f 6999 6961 6962
f 6999 6962 6998
f 6998 6962 6963
f 6998 6963 6997
f 6997 6963 6964
f 6997 6964 6996
f 6996 6964 6965
f 6996 6965 6995
f 6995 6965 6966
f 6995 6966 6985
f 6985 6966 6967
f 6985 6967 6954
f 6954 6967 7015
f 6954 7015 7013
f 6920 6921 7044
f 6925 6926 7038
f 7038 6926 6927
f 7038 6927 6928
f 6928 6929 7038
f 7038 6929 6930
f 7038 6930 6931
f 7038 6931 7037
f 7037 6931 6932
f 6946 6947 7039
f 7039 6947 7038
f 7038 6947 6948
f 7038 6948 6925
f 7014 6625 7013
f 7013 6625 7023
f 7013 7023 6953
f 6953 7023 6951
f 6951 7023 6952
f 6952 7023 6950
f 6950 7023 6949
f 6949 7023 7024
f 6949 7024 7026
f 7015 6968 7014
f 7014 6968 6969
f 7014 6969 6970
f 6658 7022 7012
f 7012 7022 6625
f 7012 6625 6957
f 6659 6627 6658
f 6658 6627 7020
f 6658 7020 7021
f 7012 6957 6659
f 6659 6957 7046
f 6659 7046 6655
f 6655 7046 7048
f 6655 7048 7049
f 6993 6994 6986
f 6986 6994 6995
f 6986 6995 6985
f 7027 6984 6955
f 6955 6984 6985
f 6955 6985 6954
f 6655 6627 6659
f 7020 6627 7019
f 7019 6627 6628
f 7019 6628 7018
f 7018 6628 6630
f 7018 6630 6632
f 6632 6634 7018
f 7018 6634 7017
f 7017 6634 6636
f 7017 6636 6638
f 7017 6638 7016
f 7016 6638 6641
f 7016 6641 6642
f 6642 6644 7016
f 7016 6644 7051
f 7051 6644 6646
f 7051 6646 6648
f 6648 6650 7051
f 7051 6650 6652
f 7051 6652 7050
f 7050 6652 6655
f 7050 6655 7049
f 6967 6968 7015
f 6970 6971 7014
f 7014 6971 6972
f 7014 6972 6973
f 6973 6974 7014
f 7014 6974 6975
f 7014 6975 6976
f 6976 6977 7014
f 7014 6977 6978
f 7014 6978 7045
f 7045 6978 6979
f 7045 6979 6980
f 7046 6957 7045
f 7045 6957 6623
f 7045 6623 7014
f 7014 6623 6625
f 7027 6955 7025
f 7025 6955 6949
f 7025 6949 7026
f 6953 6954 7013
f 7046 7047 7048
f 7021 7022 6658
f 7022 7023 6625
f 7042 7043 7044
f 2775 2773 5611
f 5611 2773 5613
f 5613 2773 2771
f 5613 2771 2769
f 5613 2769 5615
f 5615 2769 2767
f 5615 2767 5617
f 5617 2767 2765
f 5617 2765 5619
f 5619 2765 2763
f 5619 2763 5621
f 5621 2763 2761
f 5621 2761 5623
f 5623 2761 2759
f 5623 2759 5625
f 5625 2759 2757
f 5625 2757 5627
f 5627 2757 2755
f 5627 2755 5629
f 5629 2755 2754
f 5629 2754 5596
f 5596 2754 2752
f 5596 2752 2750
f 7052 5947 7053
f 7053 5947 5945
f 7053 5945 5943
f 5941 7054 5943
f 5943 7054 7055
f 5943 7055 7053
f 7053 7055 7056
f 7056 7055 7057
f 7056 7057 7058
f 7058 7057 5720
f 7058 5720 7059
f 7059 5720 7060
f 7060 5720 5716
f 7060 5716 7061
f 7061 5716 5925
f 7061 5925 5914
f 5941 5939 7054
f 7054 5939 5937
f 7054 5937 5935
f 5933 7062 5935
f 5935 7062 7063
f 5935 7063 7054
f 5931 7064 5933
f 5933 7064 7065
f 5933 7065 7066
f 5931 5929 7064
f 7064 5929 5927
f 7064 5927 5925
f 5914 5916 7061
f 7061 5916 7067
f 7061 7067 7068
f 7068 7067 7069
f 7068 7069 7070
f 7068 7070 7071
f 7071 7070 7072
f 7071 7072 7073
f 7073 7072 7074
f 7073 7074 7075
f 7075 7074 7076
f 7075 7076 7059
f 7059 7076 7077
f 7059 7077 7058
f 7058 7077 7078
f 7078 7077 7079
f 7078 7079 7080
f 7080 7079 7081
f 7080 7081 7082
f 7082 7081 7083
f 7082 7083 7084
f 7084 7083 7085
f 7084 7085 7052
f 7084 7052 7053
f 5716 7064 5925
f 7066 7062 5933
f 5648 7086 5716
f 5716 7086 7087
f 5716 7087 7064
f 7064 7087 7088
f 7064 7088 7089
f 6956 6150 5648
f 5648 6150 7090
f 5648 7090 7086
f 7090 6150 7091
f 7091 6150 6152
f 7091 6152 7092
f 7092 6152 7093
f 7093 6152 7094
f 7090 7091 7095
f 7095 7091 7096
f 7095 7096 7097
f 7097 7098 7095
f 7095 7098 7099
f 7095 7099 7100
f 7100 7099 7101
f 7100 7101 7102
f 7099 7098 7103
f 7103 7098 7104
f 7103 7104 7105
f 7105 7104 7106
f 7102 7087 7100
f 7100 7087 7086
f 7089 7107 7064
f 7108 7109 7110
f 7110 7109 7111
f 7110 7111 5659
f 5659 7111 6149
f 6149 7111 7112
f 6149 7112 7057
f 7057 7112 7113
f 7057 7113 7109
f 7109 7108 5720
f 5720 7108 7114
f 5720 7114 5733
f 5733 7114 5734
f 5733 5734 6656
f 7115 5732 7114
f 7114 5732 5735
f 7114 5735 5734
f 7110 5659 7115
f 7115 5659 5736
f 7115 5736 5731
f 5731 5736 6624
f 5731 6624 6959
f 5731 5732 7115
f 7011 6657 5732
f 5732 6657 5735
f 6656 6626 5733
f 5720 7057 7109
f 7011 6660 6657
f 6626 6656 6629
f 6629 6656 6633
f 6629 6633 6631
f 6654 6640 6656
f 6656 6640 6639
f 6656 6639 6637
f 6654 6653 6640
f 6640 6653 6643
f 6643 6653 6645
f 6645 6653 6647
f 6647 6653 6649
f 6649 6653 6651
f 6637 6635 6656
f 6656 6635 6633
f 7116 7111 7117
f 7117 7111 7109
f 7118 7119 7120
f 7120 7119 7121
f 7122 7123 7124
f 7124 7123 7125
f 7124 7125 7126
f 7126 7125 7127
f 7126 7127 7119
f 7119 7127 7121
f 7120 7121 7128
f 7128 7121 7129
f 7129 7121 7127
f 7129 7127 7125
f 7125 7123 7129
f 7118 7130 7119
f 7119 7130 7131
f 7119 7131 7126
f 7126 7131 7124
f 7124 7131 7122
f 7132 7117 7113
f 7113 7117 7109
f 7132 7113 7133
f 7133 7113 7112
f 7128 7129 7130
f 7130 7129 7131
f 7133 7112 7116
f 7116 7112 7111
f 7100 7134 7095
f 7095 7134 7135
f 7136 7115 7137
f 7137 7115 7114
f 7137 7114 7138
f 7138 7114 7108
f 7136 7139 7115
f 7115 7139 7110
f 7090 7095 7140
f 7140 7095 7135
f 7140 7135 7141
f 7141 7135 7142
f 7142 7135 7143
f 7090 7140 7086
f 7086 7140 7144
f 7143 7145 7142
f 7142 7145 7146
f 7142 7146 7141
f 7141 7146 7147
f 7141 7147 7140
f 7140 7147 7144
f 7138 7108 7139
f 7139 7108 7110
f 7086 7144 7100
f 7100 7144 7134
f 7134 7144 7147
f 7134 7147 7146
f 7146 7145 7134
f 7148 7149 7150
f 7150 7149 7151
f 7150 7151 7152
f 7152 7151 7153
f 7152 7153 7154
f 7154 7153 7155
f 7155 7153 7156
f 7155 7156 7157
f 7157 7156 7158
f 7157 7158 7159
f 7159 7158 7160
f 7159 7160 7161
f 7161 7160 7162
f 7161 7162 7163
f 7163 7162 7164
f 7163 7164 7165
f 7165 7164 7166
f 7165 7166 7167
f 7167 7166 7168
f 7167 7168 7169
f 7169 7168 7170
f 7169 7170 7171
f 7171 7170 7172
f 7172 7170 7173
f 7172 7173 7174
f 7174 7173 7175
f 7174 7175 7176
f 7176 7175 7177
f 7176 7177 7178
f 7178 7177 7179
f 7178 7179 7180
f 7180 7179 7181
f 7180 7181 7182
f 7182 7181 7183
f 7182 7183 7184
f 7184 7183 7185
f 7184 7185 7186
f 7186 7185 7187
f 7186 7187 7188
f 7188 7187 7189
f 7188 7189 7190
f 7190 7189 7191
f 7190 7191 7192
f 7193 7194 7148
f 7148 7194 7195
f 7148 7195 7149
f 7149 7195 7196
f 7149 7196 7197
f 7197 7196 7198
f 7197 7198 7199
f 7199 7198 7200
f 7199 7200 7160
f 7160 7200 7162
f 7194 7193 7201
f 7201 7193 7202
f 7201 7202 7203
f 7203 7202 7204
f 7203 7204 7205
f 7205 7204 7187
f 7205 7187 7185
f 7202 7191 7204
f 7204 7191 7189
f 7204 7189 7187
f 7206 7207 7192
f 7192 7207 7190
f 7190 7207 7188
f 7188 7207 7208
f 7188 7208 7186
f 7186 7208 7184
f 7208 7209 7184
f 7184 7209 7182
f 7182 7209 7180
f 7180 7209 7210
f 7180 7210 7178
f 7178 7210 7176
f 7210 7094 7176
f 7176 7094 7174
f 7094 7211 7174
f 7174 7211 7172
f 7171 7212 7169
f 7169 7212 7213
f 7169 7213 7214
f 7214 7213 7215
f 7214 7215 7216
f 7216 7215 7217
f 7216 7217 7218
f 7218 7217 7219
f 7218 7219 7220
f 7218 7220 7221
f 7221 7220 7222
f 7221 7222 7223
f 7223 7222 7224
f 7223 7224 7225
f 7225 7224 7226
f 7225 7226 7227
f 7228 7229 7227
f 7227 7229 7230
f 7227 7230 7225
f 7225 7230 7223
f 7231 7232 7228
f 7228 7232 7233
f 7228 7233 7229
f 7229 7233 7234
f 7229 7234 7235
f 7235 7234 7236
f 7235 7236 7221
f 7221 7236 7218
f 7155 7157 7231
f 7231 7157 7237
f 7231 7237 7232
f 7232 7237 7238
f 7232 7238 7239
f 7239 7238 7240
f 7239 7240 7241
f 7241 7240 7242
f 7241 7242 7243
f 7243 7242 7244
f 7243 7244 7216
f 7216 7244 7214
f 7221 7223 7235
f 7235 7223 7230
f 7235 7230 7229
f 7236 7234 7241
f 7241 7234 7239
f 7232 7239 7233
f 7233 7239 7234
f 7240 7238 7161
f 7161 7238 7159
f 7199 7160 7158
f 7157 7159 7237
f 7237 7159 7238
f 7197 7199 7245
f 7245 7199 7158
f 7245 7158 7156
f 7149 7197 7151
f 7151 7197 7245
f 7151 7245 7153
f 7153 7245 7156
f 7242 7240 7163
f 7163 7240 7161
f 7218 7236 7243
f 7243 7236 7241
f 7196 7195 7246
f 7246 7195 7194
f 7246 7194 7247
f 7247 7194 7201
f 7247 7201 7248
f 7248 7201 7203
f 7248 7203 7205
f 7198 7196 7249
f 7249 7196 7246
f 7249 7246 7250
f 7250 7246 7247
f 7250 7247 7251
f 7251 7247 7248
f 7251 7248 7252
f 7252 7248 7205
f 7252 7205 7185
f 7200 7198 7253
f 7253 7198 7249
f 7253 7249 7254
f 7254 7249 7250
f 7254 7250 7255
f 7255 7250 7251
f 7255 7251 7256
f 7256 7251 7252
f 7256 7252 7183
f 7183 7252 7185
f 7162 7200 7257
f 7257 7200 7253
f 7257 7253 7258
f 7258 7253 7254
f 7258 7254 7259
f 7259 7254 7255
f 7259 7255 7260
f 7260 7255 7256
f 7260 7256 7181
f 7181 7256 7183
f 7244 7242 7165
f 7165 7242 7163
f 7216 7218 7243
f 7258 7261 7257
f 7257 7261 7164
f 7257 7164 7162
f 7164 7261 7166
f 7166 7261 7262
f 7166 7262 7168
f 7168 7262 7263
f 7168 7263 7170
f 7170 7263 7173
f 7261 7258 7264
f 7264 7258 7259
f 7264 7259 7265
f 7265 7259 7260
f 7265 7260 7179
f 7179 7260 7181
f 7244 7165 7167
f 7169 7214 7167
f 7167 7214 7244
f 7265 7266 7264
f 7264 7266 7262
f 7264 7262 7261
f 7262 7266 7263
f 7263 7266 7175
f 7263 7175 7173
f 7179 7177 7265
f 7265 7177 7266
f 7177 7175 7266
f 7267 7268 7269
f 7269 7268 7270
f 7269 7270 7271
f 7271 7270 7272
f 7271 7272 7273
f 7273 7272 7274
f 7273 7274 7275
f 7275 7274 7276
f 7275 7276 7277
f 7277 7276 7106
f 7277 7106 7104
f 7104 7098 7277
f 7277 7098 7278
f 7277 7278 7275
f 7275 7278 7279
f 7275 7279 7273
f 7273 7279 7280
f 7273 7280 7271
f 7271 7280 7281
f 7271 7281 7269
f 7269 7281 7282
f 7269 7282 7283
f 7283 7282 7284
f 7284 7282 7285
f 7284 7285 7286
f 7286 7285 7287
f 7286 7287 7288
f 7288 7287 7289
f 7288 7289 7290
f 7290 7289 7291
f 7290 7291 7292
f 7292 7291 7293
f 7292 7293 7294
f 7294 7293 7295
f 7294 7295 7209
f 7209 7295 7210
f 7210 7295 7296
f 7210 7296 7094
f 7094 7296 7093
f 7093 7296 7092
f 7092 7296 7297
f 7092 7297 7091
f 7091 7297 7298
f 7091 7298 7299
f 7299 7298 7291
f 7299 7291 7300
f 7300 7291 7289
f 7300 7289 7301
f 7301 7289 7302
f 7301 7302 7281
f 7281 7302 7282
f 7098 7097 7278
f 7278 7097 7303
f 7278 7303 7279
f 7279 7303 7304
f 7279 7304 7280
f 7280 7304 7301
f 7280 7301 7281
f 7097 7096 7303
f 7303 7096 7299
f 7303 7299 7304
f 7304 7299 7300
f 7304 7300 7301
f 7096 7091 7299
f 7209 7208 7294
f 7294 7208 7305
f 7294 7305 7292
f 7292 7305 7306
f 7292 7306 7290
f 7290 7306 7288
f 7208 7207 7305
f 7305 7207 7307
f 7305 7307 7306
f 7306 7307 7308
f 7306 7308 7288
f 7288 7308 7309
f 7288 7309 7286
f 7286 7309 7310
f 7286 7310 7311
f 7207 7206 7307
f 7307 7206 7312
f 7307 7312 7313
f 7307 7313 7308
f 7308 7313 7314
f 7308 7314 7309
f 7309 7314 7315
f 7309 7315 7310
f 7311 7284 7286
f 7283 7267 7269
f 7285 7282 7302
f 7287 7285 7302
f 7287 7302 7289
f 7293 7291 7298
f 7293 7298 7297
f 7295 7293 7297
f 7295 7297 7296
f 7316 7317 7318
f 7318 7317 7319
f 7318 7319 7320
f 7320 7319 7321
f 7320 7321 7268
f 7268 7321 7270
f 7270 7321 7322
f 7270 7322 7323
f 7323 7322 7324
f 7323 7324 7325
f 7325 7324 7326
f 7325 7326 7327
f 7327 7326 7328
f 7327 7328 7329
f 7329 7328 7330
f 7329 7330 7331
f 7331 7330 7332
f 7331 7332 7333
f 7333 7332 7334
f 7333 7334 7335
f 7335 7334 7336
f 7335 7336 7337
f 7337 7336 7338
f 7338 7336 7339
f 7338 7339 7340
f 7340 7339 7341
f 7340 7341 7342
f 7342 7341 7343
f 7342 7343 7344
f 7344 7343 7345
f 7344 7345 7346
f 7346 7345 7347
f 7346 7347 7348
f 7348 7347 7349
f 7348 7349 7350
f 7350 7349 7351
f 7350 7351 7352
f 7352 7351 7353
f 7352 7353 7354
f 7354 7353 7355
f 7354 7355 7356
f 7356 7355 7357
f 7356 7357 7358
f 7359 7360 7316
f 7316 7360 7361
f 7316 7361 7317
f 7317 7361 7362
f 7317 7362 7363
f 7363 7362 7364
f 7363 7364 7365
f 7365 7364 7366
f 7365 7366 7326
f 7326 7366 7328
f 7360 7359 7367
f 7367 7359 7368
f 7367 7368 7369
f 7369 7368 7370
f 7369 7370 7371
f 7371 7370 7353
f 7371 7353 7351
f 7368 7357 7370
f 7370 7357 7355
f 7370 7355 7353
f 7372 7373 7358
f 7358 7373 7356
f 7356 7373 7354
f 7354 7373 7374
f 7354 7374 7352
f 7352 7374 7350
f 7374 7375 7350
f 7350 7375 7348
f 7348 7375 7346
f 7346 7375 7376
f 7346 7376 7344
f 7344 7376 7342
f 7376 7377 7342
f 7342 7377 7340
f 7377 7378 7340
f 7340 7378 7338
f 7337 7379 7335
f 7335 7379 7380
f 7335 7380 7381
f 7381 7380 7382
f 7381 7382 7383
f 7383 7382 7384
f 7383 7384 7385
f 7385 7384 7386
f 7385 7386 7387
f 7385 7387 7388
f 7388 7387 7389
f 7388 7389 7390
f 7390 7389 7391
f 7390 7391 7392
f 7392 7391 7106
f 7392 7106 7276
f 7274 7393 7276
f 7276 7393 7394
f 7276 7394 7392
f 7392 7394 7390
f 7272 7395 7274
f 7274 7395 7396
f 7274 7396 7393
f 7393 7396 7397
f 7393 7397 7398
f 7398 7397 7399
f 7398 7399 7388
f 7388 7399 7385
f 7270 7323 7272
f 7272 7323 7400
f 7272 7400 7395
f 7395 7400 7401
f 7395 7401 7402
f 7402 7401 7403
f 7402 7403 7404
f 7404 7403 7405
f 7404 7405 7406
f 7406 7405 7407
f 7406 7407 7383
f 7383 7407 7381
f 7388 7390 7398
f 7398 7390 7394
f 7398 7394 7393
f 7399 7397 7404
f 7404 7397 7402
f 7395 7402 7396
f 7396 7402 7397
f 7403 7401 7327
f 7327 7401 7325
f 7365 7326 7324
f 7323 7325 7400
f 7400 7325 7401
f 7363 7365 7408
f 7408 7365 7324
f 7408 7324 7322
f 7317 7363 7319
f 7319 7363 7408
f 7319 7408 7321
f 7321 7408 7322
f 7405 7403 7329
f 7329 7403 7327
f 7385 7399 7406
f 7406 7399 7404
f 7362 7361 7409
f 7409 7361 7360
f 7409 7360 7410
f 7410 7360 7367
f 7410 7367 7411
f 7411 7367 7369
f 7411 7369 7371
f 7364 7362 7412
f 7412 7362 7409
f 7412 7409 7413
f 7413 7409 7410
f 7413 7410 7414
f 7414 7410 7411
f 7414 7411 7415
f 7415 7411 7371
f 7415 7371 7351
f 7366 7364 7416
f 7416 7364 7412
f 7416 7412 7417
f 7417 7412 7413
f 7417 7413 7418
f 7418 7413 7414
f 7418 7414 7419
f 7419 7414 7415
f 7419 7415 7349
f 7349 7415 7351
f 7328 7366 7420
f 7420 7366 7416
f 7420 7416 7421
f 7421 7416 7417
f 7421 7417 7422
f 7422 7417 7418
f 7422 7418 7423
f 7423 7418 7419
f 7423 7419 7347
f 7347 7419 7349
f 7407 7405 7331
f 7331 7405 7329
f 7383 7385 7406
f 7421 7424 7420
f 7420 7424 7330
f 7420 7330 7328
f 7330 7424 7332
f 7332 7424 7425
f 7332 7425 7334
f 7334 7425 7426
f 7334 7426 7336
f 7336 7426 7339
f 7424 7421 7427
f 7427 7421 7422
f 7427 7422 7428
f 7428 7422 7423
f 7428 7423 7345
f 7345 7423 7347
f 7407 7331 7333
f 7335 7381 7333
f 7333 7381 7407
f 7428 7429 7427
f 7427 7429 7425
f 7427 7425 7424
f 7425 7429 7426
f 7426 7429 7341
f 7426 7341 7339
f 7345 7343 7428
f 7428 7343 7429
f 7343 7341 7429
f 7154 7155 7430
f 7430 7155 7431
f 7430 7431 7432
f 7432 7431 7433
f 7432 7433 7434
f 7434 7433 7435
f 7434 7435 7436
f 7436 7435 7437
f 7436 7437 7438
f 7438 7437 7439
f 7438 7439 7440
f 7440 7439 7441
f 7440 7441 7442
f 7442 7441 7443
f 7442 7443 7444
f 7155 7231 7431
f 7431 7231 7445
f 7431 7445 7433
f 7433 7445 7435
f 7231 7228 7445
f 7445 7228 7446
f 7445 7446 7435
f 7435 7446 7437
f 7446 7228 7447
f 7447 7228 7227
f 7447 7227 7448
f 7448 7227 7226
f 7448 7226 7449
f 7449 7443 7448
f 7448 7443 7441
f 7448 7441 7439
f 7442 7444 7450
f 7450 7444 7451
f 7450 7451 7452
f 7452 7451 7453
f 7452 7453 7454
f 7454 7453 7455
f 7454 7455 7456
f 7456 7455 7457
f 7456 7457 7458
f 7458 7457 7459
f 7458 7459 7460
f 7460 7459 7375
f 7460 7375 7374
f 7455 7461 7457
f 7457 7461 7462
f 7457 7462 7459
f 7459 7462 7376
f 7459 7376 7375
f 7461 7377 7462
f 7462 7377 7376
f 7460 7374 7463
f 7463 7374 7373
f 7463 7373 7464
f 7464 7373 7372
f 7464 7372 7465
f 7464 7465 7466
f 7466 7465 7467
f 7466 7467 7468
f 7468 7467 7469
f 7468 7469 7470
f 7470 7469 7471
f 7470 7471 7472
f 7472 7471 7473
f 7472 7473 7474
f 7474 7473 7475
f 7474 7475 7476
f 7474 7476 7434
f 7434 7476 7432
f 7437 7446 7447
f 7437 7447 7439
f 7439 7447 7448
f 7440 7442 7477
f 7477 7442 7450
f 7477 7450 7478
f 7478 7450 7452
f 7478 7452 7479
f 7479 7452 7454
f 7479 7454 7480
f 7480 7454 7456
f 7480 7456 7458
f 7438 7440 7481
f 7481 7440 7477
f 7481 7477 7482
f 7482 7477 7478
f 7482 7478 7483
f 7483 7478 7479
f 7483 7479 7484
f 7484 7479 7480
f 7484 7480 7485
f 7485 7480 7458
f 7485 7458 7460
f 7436 7438 7486
f 7486 7438 7481
f 7486 7481 7487
f 7487 7481 7482
f 7487 7482 7488
f 7488 7482 7483
f 7488 7483 7489
f 7489 7483 7484
f 7489 7484 7490
f 7490 7484 7485
f 7490 7485 7463
f 7463 7485 7460
f 7434 7436 7474
f 7474 7436 7486
f 7474 7486 7472
f 7472 7486 7487
f 7472 7487 7470
f 7470 7487 7488
f 7470 7488 7468
f 7468 7488 7489
f 7468 7489 7466
f 7466 7489 7490
f 7466 7490 7464
f 7464 7490 7463
f 7358 7491 7372
f 7372 7491 7492
f 7372 7492 7465
f 7465 7492 7493
f 7465 7493 7467
f 7467 7493 7469
f 7469 7493 7494
f 7469 7494 7471
f 7471 7494 7473
f 7473 7494 7495
f 7473 7495 7475
f 7475 7495 7476
f 7476 7495 7432
f 7432 7495 7496
f 7432 7496 7430
f 7430 7496 7497
f 7430 7497 7154
f 7154 7497 7498
f 7154 7498 7152
f 7152 7498 7150
f 7358 7357 7491
f 7318 7320 7499
f 7499 7320 7268
f 7499 7268 7500
f 7500 7268 7267
f 7500 7267 7501
f 7501 7267 7283
f 7501 7283 7502
f 7502 7283 7284
f 7502 7284 7311
f 7311 7310 7502
f 7502 7310 7503
f 7503 7310 7315
f 7503 7315 7314
f 7503 7314 7504
f 7504 7314 7313
f 7504 7313 7312
f 7504 7312 7505
f 7505 7312 7206
f 7505 7206 7506
f 7506 7206 7192
f 7506 7192 7191
f 7130 7507 7128
f 7128 7507 7455
f 7128 7455 7453
f 7118 7508 7130
f 7130 7508 7509
f 7130 7509 7510
f 7508 7118 7055
f 7055 7118 7120
f 7055 7120 6137
f 6137 7120 7444
f 6137 7444 6138
f 6138 7444 7443
f 6138 7443 7449
f 7120 7128 7444
f 7444 7128 7451
f 7451 7128 7453
f 7377 7461 7511
f 7511 7461 7512
f 7512 7461 7455
f 7512 7455 7507
f 7449 7226 6138
f 7055 7054 7508
f 7508 7054 7513
f 7513 7054 7514
f 7514 7054 7515
f 7510 7507 7130
f 7226 7224 6138
f 6138 7224 6156
f 6156 7224 7222
f 6156 7222 7220
f 6156 7220 6155
f 6155 7220 7219
f 6155 7219 7217
f 7217 7215 6155
f 6155 7215 6154
f 6154 7215 7213
f 6154 7213 7212
f 7212 7171 6154
f 6154 7171 6153
f 6153 7171 7172
f 6153 7172 7211
f 7094 6152 7211
f 7211 6152 6153
f 7516 7517 7518
f 7518 7517 7519
f 7518 7519 7520
f 7520 7519 7521
f 7520 7521 7522
f 7522 7521 7523
f 7523 7521 7524
f 7523 7524 7525
f 7525 7524 7526
f 7525 7526 7527
f 7527 7526 7528
f 7527 7528 7529
f 7529 7528 7530
f 7529 7530 7531
f 7531 7530 7532
f 7531 7532 7533
f 7533 7532 7534
f 7533 7534 7535
f 7535 7534 7536
f 7535 7536 7537
f 7537 7536 7538
f 7537 7538 7539
f 7539 7538 7540
f 7540 7538 7541
f 7540 7541 7542
f 7542 7541 7543
f 7542 7543 7544
f 7544 7543 7545
f 7544 7545 7546
f 7546 7545 7547
f 7546 7547 7548
f 7548 7547 7549
f 7548 7549 7550
f 7550 7549 7551
f 7550 7551 7552
f 7552 7551 7553
f 7552 7553 7554
f 7554 7553 7555
f 7554 7555 7556
f 7556 7555 7557
f 7556 7557 7558
f 7558 7557 7559
f 7558 7559 7560
f 7561 7562 7516
f 7516 7562 7563
f 7516 7563 7517
f 7517 7563 7564
f 7517 7564 7565
f 7565 7564 7566
f 7565 7566 7567
f 7567 7566 7568
f 7567 7568 7528
f 7528 7568 7530
f 7562 7561 7569
f 7569 7561 7570
f 7569 7570 7571
f 7571 7570 7572
f 7571 7572 7573
f 7573 7572 7555
f 7573 7555 7553
f 7570 7559 7572
f 7572 7559 7557
f 7572 7557 7555
f 7574 7575 7560
f 7560 7575 7558
f 7558 7575 7556
f 7556 7575 7576
f 7556 7576 7554
f 7554 7576 7552
f 7576 7577 7552
f 7552 7577 7550
f 7550 7577 7548
f 7548 7577 7578
f 7548 7578 7546
f 7546 7578 7544
f 7578 7105 7544
f 7544 7105 7542
f 7105 7579 7542
f 7542 7579 7540
f 7539 7580 7537
f 7537 7580 7581
f 7537 7581 7582
f 7582 7581 7583
f 7582 7583 7584
f 7584 7583 7585
f 7584 7585 7586
f 7586 7585 7587
f 7586 7587 7588
f 7586 7588 7589
f 7589 7588 7590
f 7589 7590 7591
f 7591 7590 7592
f 7591 7592 7593
f 7593 7592 7511
f 7593 7511 7594
f 7595 7596 7594
f 7594 7596 7597
f 7594 7597 7593
f 7593 7597 7591
f 7598 7599 7595
f 7595 7599 7600
f 7595 7600 7596
f 7596 7600 7601
f 7596 7601 7602
f 7602 7601 7603
f 7602 7603 7589
f 7589 7603 7586
f 7523 7525 7598
f 7598 7525 7604
f 7598 7604 7599
f 7599 7604 7605
f 7599 7605 7606
f 7606 7605 7607
f 7606 7607 7608
f 7608 7607 7609
f 7608 7609 7610
f 7610 7609 7611
f 7610 7611 7584
f 7584 7611 7582
f 7589 7591 7602
f 7602 7591 7597
f 7602 7597 7596
f 7603 7601 7608
f 7608 7601 7606
f 7599 7606 7600
f 7600 7606 7601
f 7607 7605 7529
f 7529 7605 7527
f 7567 7528 7526
f 7525 7527 7604
f 7604 7527 7605
f 7565 7567 7612
f 7612 7567 7526
f 7612 7526 7524
f 7517 7565 7519
f 7519 7565 7612
f 7519 7612 7521
f 7521 7612 7524
f 7609 7607 7531
f 7531 7607 7529
f 7586 7603 7610
f 7610 7603 7608
f 7564 7563 7613
f 7613 7563 7562
f 7613 7562 7614
f 7614 7562 7569
f 7614 7569 7615
f 7615 7569 7571
f 7615 7571 7573
f 7566 7564 7616
f 7616 7564 7613
f 7616 7613 7617
f 7617 7613 7614
f 7617 7614 7618
f 7618 7614 7615
f 7618 7615 7619
f 7619 7615 7573
f 7619 7573 7553
f 7568 7566 7620
f 7620 7566 7616
f 7620 7616 7621
f 7621 7616 7617
f 7621 7617 7622
f 7622 7617 7618
f 7622 7618 7623
f 7623 7618 7619
f 7623 7619 7551
f 7551 7619 7553
f 7530 7568 7624
f 7624 7568 7620
f 7624 7620 7625
f 7625 7620 7621
f 7625 7621 7626
f 7626 7621 7622
f 7626 7622 7627
f 7627 7622 7623
f 7627 7623 7549
f 7549 7623 7551
f 7611 7609 7533
f 7533 7609 7531
f 7584 7586 7610
f 7625 7628 7624
f 7624 7628 7532
f 7624 7532 7530
f 7532 7628 7534
f 7534 7628 7629
f 7534 7629 7536
f 7536 7629 7630
f 7536 7630 7538
f 7538 7630 7541
f 7628 7625 7631
f 7631 7625 7626
f 7631 7626 7632
f 7632 7626 7627
f 7632 7627 7547
f 7547 7627 7549
f 7611 7533 7535
f 7537 7582 7535
f 7535 7582 7611
f 7632 7633 7631
f 7631 7633 7629
f 7631 7629 7628
f 7629 7633 7630
f 7630 7633 7543
f 7630 7543 7541
f 7547 7545 7632
f 7632 7545 7633
f 7545 7543 7633
f 7634 7635 7636
f 7636 7635 7637
f 7636 7637 7638
f 7638 7637 7639
f 7638 7639 7640
f 7640 7639 7641
f 7640 7641 7642
f 7642 7641 7643
f 7642 7643 7644
f 7644 7643 7107
f 7644 7107 7089
f 7089 7088 7644
f 7644 7088 7645
f 7644 7645 7642
f 7642 7645 7646
f 7642 7646 7640
f 7640 7646 7647
f 7640 7647 7638
f 7638 7647 7648
f 7638 7648 7636
f 7636 7648 7649
f 7636 7649 7650
f 7650 7649 7651
f 7651 7649 7652
f 7651 7652 7653
f 7653 7652 7654
f 7653 7654 7655
f 7655 7654 7656
f 7655 7656 7657
f 7657 7656 7658
f 7657 7658 7659
f 7659 7658 7660
f 7659 7660 7661
f 7661 7660 7662
f 7661 7662 7577
f 7577 7662 7578
f 7578 7662 7663
f 7578 7663 7105
f 7105 7663 7103
f 7103 7663 7099
f 7099 7663 7664
f 7099 7664 7101
f 7101 7664 7665
f 7101 7665 7666
f 7666 7665 7658
f 7666 7658 7667
f 7667 7658 7656
f 7667 7656 7668
f 7668 7656 7669
f 7668 7669 7648
f 7648 7669 7649
f 7088 7087 7645
f 7645 7087 7670
f 7645 7670 7646
f 7646 7670 7671
f 7646 7671 7647
f 7647 7671 7668
f 7647 7668 7648
f 7087 7102 7670
f 7670 7102 7666
f 7670 7666 7671
f 7671 7666 7667
f 7671 7667 7668
f 7102 7101 7666
f 7577 7576 7661
f 7661 7576 7672
f 7661 7672 7659
f 7659 7672 7673
f 7659 7673 7657
f 7657 7673 7655
f 7576 7575 7672
f 7672 7575 7674
f 7672 7674 7673
f 7673 7674 7675
f 7673 7675 7655
f 7655 7675 7676
f 7655 7676 7653
f 7653 7676 7677
f 7653 7677 7678
f 7575 7574 7674
f 7674 7574 7679
f 7674 7679 7680
f 7674 7680 7675
f 7675 7680 7681
f 7675 7681 7676
f 7676 7681 7682
f 7676 7682 7677
f 7678 7651 7653
f 7650 7634 7636
f 7652 7649 7669
f 7654 7652 7669
f 7654 7669 7656
f 7660 7658 7665
f 7660 7665 7664
f 7662 7660 7664
f 7662 7664 7663
f 7683 7684 7685
f 7685 7684 7686
f 7685 7686 7687
f 7687 7686 7688
f 7687 7688 7635
f 7635 7688 7637
f 7637 7688 7689
f 7637 7689 7690
f 7690 7689 7691
f 7690 7691 7692
f 7692 7691 7693
f 7692 7693 7694
f 7694 7693 7695
f 7694 7695 7696
f 7696 7695 7697
f 7696 7697 7698
f 7698 7697 7699
f 7698 7699 7700
f 7700 7699 7701
f 7700 7701 7702
f 7702 7701 7703
f 7702 7703 7704
f 7704 7703 7705
f 7705 7703 7706
f 7705 7706 7707
f 7707 7706 7708
f 7707 7708 7709
f 7709 7708 7710
f 7709 7710 7711
f 7711 7710 7712
f 7711 7712 7713
f 7713 7712 7714
f 7713 7714 7715
f 7715 7714 7716
f 7715 7716 7717
f 7717 7716 7718
f 7717 7718 7719
f 7719 7718 7720
f 7719 7720 7721
f 7721 7720 7722
f 7721 7722 7723
f 7723 7722 7724
f 7723 7724 7725
f 7726 7727 7683
f 7683 7727 7728
f 7683 7728 7684
f 7684 7728 7729
f 7684 7729 7730
f 7730 7729 7731
f 7730 7731 7732
f 7732 7731 7733
f 7732 7733 7693
f 7693 7733 7695
f 7727 7726 7734
f 7734 7726 7735
f 7734 7735 7736
f 7736 7735 7737
f 7736 7737 7738
f 7738 7737 7720
f 7738 7720 7718
f 7735 7724 7737
f 7737 7724 7722
f 7737 7722 7720
f 7739 7740 7725
f 7725 7740 7723
f 7723 7740 7721
f 7721 7740 7741
f 7721 7741 7719
f 7719 7741 7717
f 7741 7742 7717
f 7717 7742 7715
f 7715 7742 7713
f 7713 7742 7743
f 7713 7743 7711
f 7711 7743 7709
f 7743 7515 7709
f 7709 7515 7707
f 7515 7744 7707
f 7707 7744 7705
f 7704 7745 7702
f 7702 7745 7746
f 7702 7746 7747
f 7747 7746 7748
f 7747 7748 7749
f 7749 7748 7750
f 7749 7750 7751
f 7751 7750 7752
f 7751 7752 7753
f 7751 7753 7754
f 7754 7753 7755
f 7754 7755 7756
f 7756 7755 7757
f 7756 7757 7758
f 7758 7757 7107
f 7758 7107 7643
f 7641 7759 7643
f 7643 7759 7760
f 7643 7760 7758
f 7758 7760 7756
f 7639 7761 7641
f 7641 7761 7762
f 7641 7762 7759
f 7759 7762 7763
f 7759 7763 7764
f 7764 7763 7765
f 7764 7765 7754
f 7754 7765 7751
f 7637 7690 7639
f 7639 7690 7766
f 7639 7766 7761
f 7761 7766 7767
f 7761 7767 7768
f 7768 7767 7769
f 7768 7769 7770
f 7770 7769 7771
f 7770 7771 7772
f 7772 7771 7773
f 7772 7773 7749
f 7749 7773 7747
f 7754 7756 7764
f 7764 7756 7760
f 7764 7760 7759
f 7765 7763 7770
f 7770 7763 7768
f 7761 7768 7762
f 7762 7768 7763
f 7769 7767 7694
f 7694 7767 7692
f 7732 7693 7691
f 7690 7692 7766
f 7766 7692 7767
f 7730 7732 7774
f 7774 7732 7691
f 7774 7691 7689
f 7684 7730 7686
f 7686 7730 7774
f 7686 7774 7688
f 7688 7774 7689
f 7771 7769 7696
f 7696 7769 7694
f 7751 7765 7772
f 7772 7765 7770
f 7729 7728 7775
f 7775 7728 7727
f 7775 7727 7776
f 7776 7727 7734
f 7776 7734 7777
f 7777 7734 7736
f 7777 7736 7738
f 7731 7729 7778
f 7778 7729 7775
f 7778 7775 7779
f 7779 7775 7776
f 7779 7776 7780
f 7780 7776 7777
f 7780 7777 7781
f 7781 7777 7738
f 7781 7738 7718
f 7733 7731 7782
f 7782 7731 7778
f 7782 7778 7783
f 7783 7778 7779
f 7783 7779 7784
f 7784 7779 7780
f 7784 7780 7785
f 7785 7780 7781
f 7785 7781 7716
f 7716 7781 7718
f 7695 7733 7786
f 7786 7733 7782
f 7786 7782 7787
f 7787 7782 7783
f 7787 7783 7788
f 7788 7783 7784
f 7788 7784 7789
f 7789 7784 7785
f 7789 7785 7714
f 7714 7785 7716
f 7773 7771 7698
f 7698 7771 7696
f 7749 7751 7772
f 7787 7790 7786
f 7786 7790 7697
f 7786 7697 7695
f 7697 7790 7699
f 7699 7790 7791
f 7699 7791 7701
f 7701 7791 7792
f 7701 7792 7703
f 7703 7792 7706
f 7790 7787 7793
f 7793 7787 7788
f 7793 7788 7794
f 7794 7788 7789
f 7794 7789 7712
f 7712 7789 7714
f 7773 7698 7700
f 7702 7747 7700
f 7700 7747 7773
f 7794 7795 7793
f 7793 7795 7791
f 7793 7791 7790
f 7791 7795 7792
f 7792 7795 7708
f 7792 7708 7706
f 7712 7710 7794
f 7794 7710 7795
f 7710 7708 7795
f 7522 7523 7796
f 7796 7523 7797
f 7796 7797 7798
f 7798 7797 7799
f 7798 7799 7800
f 7800 7799 7801
f 7800 7801 7802
f 7802 7801 7803
f 7802 7803 7804
f 7804 7803 7805
f 7804 7805 7806
f 7806 7805 7807
f 7806 7807 7808
f 7808 7807 7507
f 7808 7507 7510
f 7523 7598 7797
f 7797 7598 7809
f 7797 7809 7799
f 7799 7809 7801
f 7598 7595 7809
f 7809 7595 7810
f 7809 7810 7801
f 7801 7810 7803
f 7810 7595 7811
f 7811 7595 7594
f 7811 7594 7812
f 7812 7594 7511
f 7812 7511 7512
f 7512 7507 7812
f 7812 7507 7807
f 7812 7807 7805
f 7808 7510 7813
f 7813 7510 7509
f 7813 7509 7814
f 7814 7509 7508
f 7814 7508 7815
f 7815 7508 7513
f 7815 7513 7816
f 7816 7513 7817
f 7816 7817 7818
f 7818 7817 7819
f 7818 7819 7820
f 7820 7819 7742
f 7820 7742 7741
f 7513 7514 7817
f 7817 7514 7821
f 7817 7821 7819
f 7819 7821 7743
f 7819 7743 7742
f 7514 7515 7821
f 7821 7515 7743
f 7820 7741 7822
f 7822 7741 7740
f 7822 7740 7823
f 7823 7740 7739
f 7823 7739 7824
f 7823 7824 7825
f 7825 7824 7826
f 7825 7826 7827
f 7827 7826 7828
f 7827 7828 7829
f 7829 7828 7830
f 7829 7830 7831
f 7831 7830 7832
f 7831 7832 7833
f 7833 7832 7834
f 7833 7834 7835
f 7833 7835 7800
f 7800 7835 7798
f 7803 7810 7811
f 7803 7811 7805
f 7805 7811 7812
f 7806 7808 7836
f 7836 7808 7813
f 7836 7813 7837
f 7837 7813 7814
f 7837 7814 7838
f 7838 7814 7815
f 7838 7815 7839
f 7839 7815 7816
f 7839 7816 7818
f 7804 7806 7840
f 7840 7806 7836
f 7840 7836 7841
f 7841 7836 7837
f 7841 7837 7842
f 7842 7837 7838
f 7842 7838 7843
f 7843 7838 7839
f 7843 7839 7844
f 7844 7839 7818
f 7844 7818 7820
f 7802 7804 7845
f 7845 7804 7840
f 7845 7840 7846
f 7846 7840 7841
f 7846 7841 7847
f 7847 7841 7842
f 7847 7842 7848
f 7848 7842 7843
f 7848 7843 7849
f 7849 7843 7844
f 7849 7844 7822
f 7822 7844 7820
f 7800 7802 7833
f 7833 7802 7845
f 7833 7845 7831
f 7831 7845 7846
f 7831 7846 7829
f 7829 7846 7847
f 7829 7847 7827
f 7827 7847 7848
f 7827 7848 7825
f 7825 7848 7849
f 7825 7849 7823
f 7823 7849 7822
f 7725 7850 7739
f 7739 7850 7851
f 7739 7851 7824
f 7824 7851 7852
f 7824 7852 7826
f 7826 7852 7828
f 7828 7852 7853
f 7828 7853 7830
f 7830 7853 7832
f 7832 7853 7854
f 7832 7854 7834
f 7834 7854 7835
f 7835 7854 7798
f 7798 7854 7855
f 7798 7855 7796
f 7796 7855 7856
f 7796 7856 7522
f 7522 7856 7857
f 7522 7857 7520
f 7520 7857 7518
f 7725 7724 7850
f 7685 7687 7858
f 7858 7687 7635
f 7858 7635 7859
f 7859 7635 7634
f 7859 7634 7860
f 7860 7634 7650
f 7860 7650 7861
f 7861 7650 7651
f 7861 7651 7678
f 7678 7677 7861
f 7861 7677 7862
f 7862 7677 7682
f 7862 7682 7681
f 7862 7681 7863
f 7863 7681 7680
f 7863 7680 7679
f 7863 7679 7864
f 7864 7679 7574
f 7864 7574 7865
f 7865 7574 7560
f 7865 7560 7559
f 7106 7391 7105
f 7105 7391 7579
f 7579 7391 7540
f 7540 7391 7389
f 7540 7389 7387
f 7540 7387 7539
f 7539 7387 7386
f 7539 7386 7580
f 7580 7386 7384
f 7580 7384 7581
f 7581 7384 7382
f 7581 7382 7583
f 7583 7382 7380
f 7583 7380 7585
f 7585 7380 7587
f 7587 7380 7379
f 7587 7379 7337
f 7587 7337 7588
f 7588 7337 7338
f 7588 7338 7590
f 7590 7338 7592
f 7592 7338 7378
f 7592 7378 7377
f 7377 7511 7592
f 7866 7502 7867
f 7867 7502 7503
f 7867 7503 7868
f 7868 7503 7504
f 7868 7504 7869
f 7869 7504 7505
f 7869 7505 7870
f 7870 7505 7506
f 7870 7506 7871
f 7871 7506 7191
f 7871 7191 7872
f 7872 7191 7202
f 7872 7202 7873
f 7873 7202 7193
f 7873 7193 7148
f 7502 7866 7501
f 7501 7866 7874
f 7501 7874 7500
f 7500 7874 7875
f 7500 7875 7499
f 7499 7875 7876
f 7499 7876 7318
f 7318 7876 7877
f 7318 7877 7316
f 7316 7877 7878
f 7316 7878 7359
f 7359 7878 7368
f 7368 7878 7879
f 7368 7879 7357
f 7357 7879 7880
f 7357 7880 7491
f 7491 7880 7881
f 7491 7881 7492
f 7492 7881 7882
f 7492 7882 7493
f 7493 7882 7883
f 7493 7883 7494
f 7494 7883 7884
f 7494 7884 7495
f 7495 7884 7885
f 7495 7885 7496
f 7496 7885 7886
f 7496 7886 7497
f 7497 7886 7887
f 7497 7887 7498
f 7498 7887 7888
f 7498 7888 7150
f 7150 7888 7889
f 7150 7889 7148
f 7148 7889 7873
f 7890 7861 7891
f 7891 7861 7862
f 7891 7862 7892
f 7892 7862 7863
f 7892 7863 7893
f 7893 7863 7864
f 7893 7864 7894
f 7894 7864 7865
f 7894 7865 7895
f 7895 7865 7559
f 7895 7559 7896
f 7896 7559 7570
f 7896 7570 7897
f 7897 7570 7561
f 7897 7561 7516
f 7861 7890 7860
f 7860 7890 7898
f 7860 7898 7859
f 7859 7898 7899
f 7859 7899 7858
f 7858 7899 7900
f 7858 7900 7685
f 7685 7900 7901
f 7685 7901 7683
f 7683 7901 7902
f 7683 7902 7726
f 7726 7902 7735
f 7735 7902 7903
f 7735 7903 7724
f 7724 7903 7904
f 7724 7904 7850
f 7850 7904 7905
f 7850 7905 7851
f 7851 7905 7906
f 7851 7906 7852
f 7852 7906 7907
f 7852 7907 7853
f 7853 7907 7908
f 7853 7908 7854
f 7854 7908 7909
f 7854 7909 7855
f 7855 7909 7910
f 7855 7910 7856
f 7856 7910 7911
f 7856 7911 7857
f 7857 7911 7912
f 7857 7912 7518
f 7518 7912 7913
f 7518 7913 7516
f 7516 7913 7897
f 7892 7914 7891
f 7891 7914 7915
f 7891 7915 7890
f 7890 7915 7916
f 7890 7916 7898
f 7898 7916 7917
f 7898 7917 7899
f 7899 7917 7918
f 7899 7918 7900
f 7900 7918 7919
f 7900 7919 7901
f 7901 7919 7920
f 7901 7920 7902
f 7902 7920 7921
f 7902 7921 7903
f 7903 7921 7922
f 7903 7922 7904
f 7904 7922 7923
f 7904 7923 7905
f 7905 7923 7924
f 7905 7924 7906
f 7906 7924 7925
f 7906 7925 7907
f 7907 7925 7926
f 7907 7926 7908
f 7908 7926 7927
f 7908 7927 7909
f 7909 7927 7928
f 7909 7928 7910
f 7910 7928 7929
f 7910 7929 7911
f 7911 7929 7930
f 7911 7930 7912
f 7912 7930 7931
f 7912 7931 7913
f 7913 7931 7932
f 7913 7932 7897
f 7897 7932 7933
f 7897 7933 7896
f 7896 7933 7934
f 7896 7934 7895
f 7895 7934 7935
f 7895 7935 7894
f 7894 7935 7936
f 7894 7936 7893
f 7893 7936 7937
f 7893 7937 7892
f 7892 7937 7914
f 7938 7916 7939
f 7939 7916 7915
f 7939 7915 7940
f 7940 7915 7914
f 7940 7914 7941
f 7941 7914 7937
f 7941 7937 7942
f 7942 7937 7936
f 7942 7936 7943
f 7943 7936 7935
f 7943 7935 7944
f 7944 7935 7934
f 7944 7934 7945
f 7945 7934 7933
f 7945 7933 7932
f 7938 7946 7916
f 7916 7946 7917
f 7917 7946 7947
f 7917 7947 7918
f 7918 7947 7948
f 7918 7948 7919
f 7919 7948 7949
f 7919 7949 7920
f 7920 7949 7950
f 7920 7950 7921
f 7921 7950 7922
f 7922 7950 7951
f 7922 7951 7923
f 7923 7951 7952
f 7923 7952 7924
f 7924 7952 7953
f 7924 7953 7925
f 7925 7953 7954
f 7925 7954 7926
f 7926 7954 7955
f 7926 7955 7927
f 7927 7955 7956
f 7927 7956 7957
f 7927 7957 7928
f 7928 7957 7958
f 7928 7958 7929
f 7929 7958 7959
f 7929 7959 7930
f 7930 7959 7960
f 7930 7960 7931
f 7931 7960 7961
f 7931 7961 7932
f 7932 7961 7945
f 7868 7962 7867
f 7867 7962 7963
f 7867 7963 7866
f 7866 7963 7964
f 7866 7964 7874
f 7874 7964 7965
f 7874 7965 7875
f 7875 7965 7966
f 7875 7966 7876
f 7876 7966 7967
f 7876 7967 7877
f 7877 7967 7968
f 7877 7968 7878
f 7878 7968 7969
f 7878 7969 7879
f 7879 7969 7970
f 7879 7970 7880
f 7880 7970 7971
f 7880 7971 7881
f 7881 7971 7972
f 7881 7972 7882
f 7882 7972 7973
f 7882 7973 7883
f 7883 7973 7974
f 7883 7974 7884
f 7884 7974 7975
f 7884 7975 7885
f 7885 7975 7976
f 7885 7976 7886
f 7886 7976 7977
f 7886 7977 7887
f 7887 7977 7978
f 7887 7978 7888
f 7888 7978 7979
f 7888 7979 7889
f 7889 7979 7980
f 7889 7980 7873
f 7873 7980 7981
f 7873 7981 7872
f 7872 7981 7982
f 7872 7982 7871
f 7871 7982 7983
f 7871 7983 7870
f 7870 7983 7984
f 7870 7984 7869
f 7869 7984 7985
f 7869 7985 7868
f 7868 7985 7962
f 7986 7964 7987
f 7987 7964 7963
f 7987 7963 7988
f 7988 7963 7962
f 7988 7962 7989
f 7989 7962 7985
f 7989 7985 7990
f 7990 7985 7984
f 7990 7984 7991
f 7991 7984 7983
f 7991 7983 7992
f 7992 7983 7982
f 7992 7982 7993
f 7993 7982 7981
f 7993 7981 7980
f 7986 7994 7964
f 7964 7994 7965
f 7965 7994 7995
f 7965 7995 7966
f 7966 7995 7996
f 7966 7996 7967
f 7967 7996 7997
f 7967 7997 7968
f 7968 7997 7998
f 7968 7998 7969
f 7969 7998 7970
f 7970 7998 7999
f 7970 7999 7971
f 7971 7999 8000
f 7971 8000 7972
f 7972 8000 8001
f 7972 8001 7973
f 7973 8001 8002
f 7973 8002 7974
f 7974 8002 8003
f 7974 8003 7975
f 7975 8003 8004
f 7975 8004 8005
f 7975 8005 7976
f 7976 8005 8006
f 7976 8006 7977
f 7977 8006 8007
f 7977 8007 7978
f 7978 8007 8008
f 7978 8008 7979
f 7979 8008 8009
f 7979 8009 7980
f 7980 8009 7993
f 6020 6019 7987
f 7987 6019 6021
f 7987 6021 7986
f 7986 6021 6022
f 7986 6022 7994
f 7994 6022 6024
f 7994 6024 7995
f 7995 6024 6026
f 7995 6026 6028
f 7995 6028 7996
f 7996 6028 6030
f 7996 6030 7997
f 7997 6030 6035
f 7997 6035 7998
f 7998 6035 6034
f 7998 6034 6036
f 7998 6036 7999
f 7999 6036 6041
f 7999 6041 8000
f 8000 6041 6040
f 8000 6040 8001
f 8001 6040 6042
f 8001 6042 6044
f 8001 6044 8002
f 8002 6044 6046
f 8002 6046 8003
f 8003 6046 6048
f 8003 6048 8004
f 8004 6048 6050
f 8004 6050 6049
f 8004 6049 8005
f 8005 6049 6047
f 8005 6047 8006
f 8006 6047 6045
f 8006 6045 8007
f 8007 6045 6043
f 8007 6043 6039
f 8007 6039 8008
f 8008 6039 6038
f 8008 6038 8009
f 8009 6038 6037
f 8009 6037 7993
f 7993 6037 6033
f 7993 6033 6032
f 7993 6032 7992
f 7992 6032 6031
f 7992 6031 7991
f 7991 6031 6029
f 7991 6029 7990
f 7990 6029 6027
f 7990 6027 6025
f 7990 6025 7989
f 7989 6025 6023
f 7989 6023 7988
f 7988 6023 6020
f 7988 6020 7987
f 8010 8011 8012
f 8012 8011 8013
f 8012 8013 8014
f 8014 8013 8015
f 8014 8015 8016
f 8016 8015 8017
f 8016 8017 8018
f 8018 8017 8019
f 8018 8019 8020
f 8018 8020 8021
f 8021 8020 8022
f 8021 8022 8023
f 8023 8022 8024
f 8023 8024 8025
f 8025 8024 8026
f 8025 8026 8027
f 8025 8027 8028
f 8028 8027 8029
f 8028 8029 8030
f 8030 8029 8031
f 8030 8031 8032
f 8032 8031 8033
f 8032 8033 8034
f 8032 8034 8035
f 8035 8034 8036
f 8035 8036 8037
f 8037 8036 8038
f 8037 8038 8039
f 8039 8038 8040
f 8039 8040 8041
f 8039 8041 8042
f 8042 8041 8043
f 8042 8043 8044
f 8044 8043 8045
f 8044 8045 8046
f 8046 8045 8047
f 8046 8047 8048
f 8046 8048 8049
f 8049 8048 8050
f 8049 8050 8051
f 8051 8050 8052
f 8051 8052 8053
f 8053 8052 8054
f 8053 8054 8055
f 8053 8055 8056
f 8056 8055 8057
f 8056 8057 8058
f 8058 8057 8059
f 8058 8059 8060
f 8060 8059 8061
f 8060 8061 8062
f 8060 8062 8063
f 8063 8062 8064
f 8063 8064 8065
f 8065 8064 8010
f 8065 8010 8012
f 8042 8065 8039
f 8039 8065 8012
f 8039 8012 8037
f 8037 8012 8014
f 8037 8014 8035
f 8035 8014 8016
f 8035 8016 8032
f 8032 8016 8018
f 8032 8018 8030
f 8030 8018 8021
f 8030 8021 8028
f 8028 8021 8023
f 8028 8023 8025
f 8065 8042 8063
f 8063 8042 8044
f 8063 8044 8060
f 8060 8044 8046
f 8060 8046 8058
f 8058 8046 8049
f 8058 8049 8056
f 8056 8049 8051
f 8056 8051 8053
f 5988 5987 7939
f 7939 5987 5989
f 7939 5989 7938
f 7938 5989 5990
f 7938 5990 7946
f 7946 5990 5992
f 7946 5992 7947
f 7947 5992 5994
f 7947 5994 5996
f 7947 5996 7948
f 7948 5996 5998
f 7948 5998 7949
f 7949 5998 6003
f 7949 6003 7950
f 7950 6003 6002
f 7950 6002 6004
f 7950 6004 7951
f 7951 6004 6009
f 7951 6009 7952
f 7952 6009 6008
f 7952 6008 7953
f 7953 6008 6010
f 7953 6010 6012
f 7953 6012 7954
f 7954 6012 6014
f 7954 6014 7955
f 7955 6014 6016
f 7955 6016 7956
f 7956 6016 6018
f 7956 6018 6017
f 7956 6017 7957
f 7957 6017 6015
f 7957 6015 7958
f 7958 6015 6013
f 7958 6013 7959
f 7959 6013 6011
f 7959 6011 6007
f 7959 6007 7960
f 7960 6007 6006
f 7960 6006 7961
f 7961 6006 6005
f 7961 6005 7945
f 7945 6005 6001
f 7945 6001 6000
f 7945 6000 7944
f 7944 6000 5999
f 7944 5999 7943
f 7943 5999 5997
f 7943 5997 7942
f 7942 5997 5995
f 7942 5995 5993
f 7942 5993 7941
f 7941 5993 5991
f 7941 5991 7940
f 7940 5991 5988
f 7940 5988 7939
f 8066 8067 8068
f 8068 8067 8069
f 8068 8069 8070
f 8070 8069 8071
f 8070 8071 8072
f 8072 8071 8073
f 8072 8073 8074
f 8074 8073 8075
f 8074 8075 8076
f 8074 8076 8077
f 8077 8076 8078
f 8077 8078 8079
f 8079 8078 8080
f 8079 8080 8081
f 8081 8080 8082
f 8081 8082 8083
f 8081 8083 8084
f 8084 8083 8085
f 8084 8085 8086
f 8086 8085 8087
f 8086 8087 8088
f 8088 8087 8089
f 8088 8089 8090
f 8088 8090 8091
f 8091 8090 8092
f 8091 8092 8093
f 8093 8092 8094
f 8093 8094 8095
f 8095 8094 8096
f 8095 8096 8097
f 8095 8097 8098
f 8098 8097 8099
f 8098 8099 8100
f 8100 8099 8101
f 8100 8101 8102
f 8102 8101 8103
f 8102 8103 8104
f 8102 8104 8105
f 8105 8104 8106
f 8105 8106 8107
f 8107 8106 8108
f 8107 8108 8109
f 8109 8108 8110
f 8109 8110 8111
f 8109 8111 8112
f 8112 8111 8113
f 8112 8113 8114
f 8114 8113 8115
f 8114 8115 8116
f 8116 8115 8117
f 8116 8117 8118
f 8116 8118 8119
f 8119 8118 8120
f 8119 8120 8121
f 8121 8120 8066
f 8121 8066 8068
f 8098 8121 8095
f 8095 8121 8068
f 8095 8068 8093
f 8093 8068 8070
f 8093 8070 8091
f 8091 8070 8072
f 8091 8072 8088
f 8088 8072 8074
f 8088 8074 8086
f 8086 8074 8077
f 8086 8077 8084
f 8084 8077 8079
f 8084 8079 8081
f 8121 8098 8119
f 8119 8098 8100
f 8119 8100 8116
f 8116 8100 8102
f 8116 8102 8114
f 8114 8102 8105
f 8114 8105 8112
f 8112 8105 8107
f 8112 8107 8109
f 7137 7138 7059
f 7059 7138 7139
f 7059 7139 6123
f 6123 7139 7136
f 6123 7136 6122
f 6122 7136 7060
f 7060 7136 7137
f 7060 7137 7059
f 6121 7061 8122
f 8122 7061 7068
f 8122 7068 8123
f 8123 7068 7071
f 8123 7071 8124
f 8124 7071 7073
f 8124 7073 8125
f 8125 7073 7075
f 8125 7075 7059
f 7059 6123 8125
f 8125 6123 6147
f 8125 6147 8124
f 8124 6147 6145
f 8124 6145 8123
f 8123 6145 6141
f 8123 6141 8122
f 8122 6141 6139
f 8122 6139 6121
f 7143 7060 7145
f 7145 7060 7061
f 7145 7061 7134
f 7134 7061 7135
f 7135 7061 6121
f 7135 6121 7143
f 7143 6121 6122
f 7143 6122 7060
f 6124 7058 8126
f 8126 7058 7078
f 8126 7078 8127
f 8127 7078 7080
f 8127 7080 8128
f 8128 7080 7082
f 8128 7082 8129
f 8129 7082 7084
f 8129 7084 7053
f 7053 6136 8129
f 8129 6136 6133
f 8129 6133 8128
f 8128 6133 6131
f 8128 6131 8127
f 8127 6131 6129
f 8127 6129 8126
f 8126 6129 6127
f 8126 6127 6124
f 7133 7056 7132
f 7132 7056 7058
f 7132 7058 7117
f 7117 7058 7116
f 7116 7058 6124
f 7116 6124 7133
f 7133 6124 6148
f 7133 6148 7056
f 7122 7131 7053
f 7053 7131 7129
f 7053 7129 6136
f 6136 7129 7123
f 6136 7123 6148
f 6148 7123 7056
f 7056 7123 7122
f 7056 7122 7053
f 7067 5916 8130
f 8130 5916 5976
f 8130 5976 8131
f 8131 5976 6140
f 8131 6140 8132
f 8132 6140 6143
f 8132 6143 8133
f 8133 6143 6142
f 8133 6142 8134
f 8134 6142 6144
f 8134 6144 8135
f 8135 6144 8040
f 8135 8040 8136
f 8136 8040 8038
f 8136 8038 8036
f 6144 6146 8040
f 8040 6146 8041
f 8041 6146 8043
f 8043 6146 8045
f 8045 6146 8047
f 8047 6146 6125
f 8047 6125 8048
f 8048 6125 8050
f 8050 6125 8052
f 8052 6125 8054
f 8054 6125 6126
f 8054 6126 8055
f 8055 6126 8057
f 8057 6126 8059
f 8059 6126 8061
f 8061 6126 6128
f 8061 6128 8062
f 8062 6128 8064
f 8064 6128 8010
f 8010 6128 8011
f 8011 6128 8137
f 8011 8137 8138
f 8138 8137 8139
f 8138 8139 8140
f 8140 8139 8067
f 8140 8067 8066
f 6128 6130 8137
f 8137 6130 8141
f 8137 8141 8142
f 8142 8141 8143
f 8142 8143 7083
f 7083 8143 7085
f 7085 8143 8144
f 7085 8144 7052
f 7052 8144 8145
f 7052 8145 5947
f 5947 8145 8146
f 5947 8146 5968
f 5968 8146 6135
f 6135 8146 8147
f 6135 8147 6134
f 6134 8147 8148
f 6134 8148 6132
f 6132 8148 8141
f 6132 8141 6130
f 7083 7081 8142
f 8142 7081 8139
f 8142 8139 8137
f 7081 7079 8139
f 8139 7079 8067
f 7077 8075 7079
f 7079 8075 8073
f 7079 8073 8071
f 7076 8082 7077
f 7077 8082 8080
f 7077 8080 8078
f 7074 8089 7076
f 7076 8089 8087
f 7076 8087 8085
f 7072 8096 7074
f 7074 8096 8094
f 7074 8094 8092
f 7070 8149 7072
f 7072 8149 8150
f 7072 8150 8096
f 8096 8150 8151
f 8096 8151 8097
f 8097 8151 8099
f 8099 8151 8101
f 8101 8151 8152
f 8101 8152 8103
f 8103 8152 8104
f 8104 8152 8106
f 8106 8152 8153
f 8106 8153 8108
f 8108 8153 8110
f 8110 8153 8111
f 8111 8153 8113
f 8113 8153 8140
f 8113 8140 8115
f 8115 8140 8117
f 8117 8140 8118
f 8118 8140 8120
f 8120 8140 8066
f 8149 7070 8154
f 8154 7070 7069
f 8154 7069 8155
f 8155 7069 7067
f 8155 7067 8130
f 8036 8034 8136
f 8136 8034 8156
f 8136 8156 8152
f 8152 8156 8153
f 8034 8033 8156
f 8156 8033 8031
f 8156 8031 8029
f 8156 8029 8157
f 8157 8029 8027
f 8157 8027 8026
f 8026 8024 8157
f 8157 8024 8022
f 8157 8022 8138
f 8138 8022 8020
f 8138 8020 8019
f 8019 8017 8138
f 8138 8017 8015
f 8138 8015 8013
f 8013 8011 8138
f 8092 8090 7074
f 7074 8090 8089
f 8085 8083 7076
f 7076 8083 8082
f 8078 8076 7077
f 7077 8076 8075
f 8071 8069 7079
f 7079 8069 8067
f 8155 8130 8131
f 8154 8155 8132
f 8132 8155 8131
f 8149 8154 8133
f 8133 8154 8132
f 8150 8149 8134
f 8134 8149 8133
f 8151 8150 8135
f 8135 8150 8134
f 8152 8151 8136
f 8136 8151 8135
f 8157 8138 8140
f 8144 8143 8148
f 8148 8143 8141
f 8145 8144 8147
f 8147 8144 8148
f 8146 8145 8147
f 8140 8153 8157
f 8157 8153 8156
f 6624 6151 6959
f 6959 6151 6956
f 6959 6956 6958
f 6151 6150 6956
f 7107 7757 7064
f 7064 7757 7065
f 7065 7757 7755
f 7065 7755 7753
f 7065 7753 7066
f 7066 7753 7752
f 7066 7752 7750
f 7750 7748 7066
f 7066 7748 7062
f 7062 7748 7746
f 7062 7746 7745
f 7745 7704 7062
f 7062 7704 7063
f 7063 7704 7705
f 7063 7705 7744
f 7515 7054 7744
f 7744 7054 7063
f 7057 7055 6149
f 6149 7055 6137
f 8158 8159 8160
f 8161 8162 8163
f 8164 8165 8166
f 8167 8168 8169
f 8170 8171 8172
f 8172 8171 8173
f 8172 8173 8174
f 8174 8173 8175
f 8174 8175 8176
f 8176 8175 8177
f 8177 8175 8178
f 8178 8175 8179
f 8179 8175 8180
f 8180 8175 8181
f 8181 8175 8182
f 8182 8175 8183
f 8183 8175 8184
f 8184 8175 8185
f 8185 8175 8186
f 8186 8175 8187
f 8187 8175 8188
f 8187 8188 8189
f 8189 8188 8190
f 8190 8188 8191
f 8191 8188 8192
f 8192 8188 8193
f 8192 8193 8194
f 8194 8193 8195
f 8195 8193 8196
f 8195 8196 8197
f 8197 8196 8198
f 8197 8198 8199
f 8199 8198 8200
f 8200 8198 8201
f 8201 8198 8202
f 8202 8198 8203
f 8202 8203 8204
f 8204 8203 8205
f 8205 8203 8206
f 8206 8203 8207
f 8207 8203 8208
f 8208 8203 8209
f 8209 8203 8210
f 8210 8203 8211
f 8211 8203 8212
f 8212 8203 8213
f 8213 8203 8214
f 8214 8203 8215
f 8215 8203 8216
f 8216 8203 8217
f 8217 8203 8171
f 8217 8171 8170
f 8218 8219 8188
f 8188 8219 8193
f 8196 8220 8198
f 8198 8220 8221
f 8171 8203 8222
f 8222 8203 8223
f 8222 8223 8224
f 8222 8224 8225
f 8225 8224 8175
f 8225 8175 8173
f 8226 8222 8227
f 8227 8222 8228
f 8227 8228 8229
f 8229 8228 8230
f 8229 8230 8231
f 8231 8230 8232
f 8231 8232 8233
f 8233 8232 8234
f 8233 8234 8235
f 8231 8236 8226
f 8226 8236 8237
f 8226 8237 8238
f 8238 8237 8239
f 8238 8239 8233
f 8233 8239 8240
f 8233 8240 8231
f 8231 8240 8236
f 8241 8171 8238
f 8238 8171 8222
f 8238 8222 8226
f 8242 8241 8235
f 8235 8241 8233
f 8243 8244 8237
f 8237 8244 8239
f 8244 8245 8239
f 8239 8245 8240
f 8245 8246 8240
f 8240 8246 8236
f 8246 8243 8236
f 8236 8243 8237
f 8247 8248 8226
f 8226 8248 8231
f 8248 8249 8231
f 8231 8249 8229
f 8249 8250 8229
f 8229 8250 8227
f 8250 8247 8227
f 8227 8247 8226
f 8251 8252 8238
f 8238 8252 8241
f 8252 8173 8241
f 8241 8173 8171
f 8225 8253 8222
f 8222 8253 8228
f 8253 8254 8228
f 8228 8254 8230
f 8254 8255 8230
f 8230 8255 8232
f 8255 8256 8232
f 8232 8256 8234
f 8256 8257 8234
f 8234 8257 8235
f 8257 8258 8235
f 8235 8258 8242
f 8258 8252 8242
f 8242 8252 8241
f 8252 8259 8241
f 8241 8259 8233
f 8259 8251 8233
f 8233 8251 8238
f 8250 8225 8247
f 8247 8225 8251
f 8247 8251 8243
f 8243 8251 8259
f 8243 8259 8244
f 8244 8259 8245
f 8245 8259 8248
f 8245 8248 8247
f 8225 8250 8253
f 8253 8250 8249
f 8253 8249 8254
f 8254 8249 8248
f 8254 8248 8255
f 8255 8248 8259
f 8255 8259 8256
f 8256 8259 8257
f 8257 8259 8252
f 8257 8252 8258
f 8243 8246 8247
f 8247 8246 8245
f 8225 8173 8251
f 8251 8173 8252
f 8221 8220 8260
f 8260 8220 8261
f 8220 8196 8261
f 8261 8196 8262
f 8262 8196 8263
f 8219 8264 8193
f 8193 8264 8265
f 8193 8265 8266
f 8219 8218 8264
f 8264 8218 8267
f 8218 8188 8267
f 8267 8188 8265
f 8265 8188 8266
f 8169 8168 8268
f 8268 8168 8269
f 8165 8270 8166
f 8166 8270 8271
f 8162 8272 8163
f 8163 8272 8273
f 8159 8274 8160
f 8160 8274 8275
f 8276 8277 8278
f 8278 8277 8279
f 8278 8279 8280
f 8280 8279 8281
f 8280 8281 8282
f 8282 8281 8283
f 8283 8281 8284
f 8283 8284 8285
f 8285 8284 8286
f 8285 8286 8287
f 8287 8286 8288
f 8287 8288 8289
f 8289 8288 8290
f 8289 8290 8291
f 8291 8290 8292
f 8291 8292 8293
f 8293 8292 8294
f 8293 8294 8295
f 8295 8294 8296
f 8296 8294 8297
f 8296 8297 8298
f 8298 8297 8299
f 8298 8299 8300
f 8300 8299 8301
f 8300 8301 8276
f 8276 8301 8277
f 8284 8281 8279
f 8279 8277 8302
f 8302 8277 8301
f 8302 8301 8303
f 8303 8301 8299
f 8303 8299 8304
f 8304 8299 8297
f 8304 8297 8292
f 8292 8297 8294
f 8286 8284 8302
f 8302 8284 8279
f 8286 8302 8303
f 8288 8286 8303
f 8288 8303 8304
f 8290 8288 8304
f 8290 8304 8292
f 8280 8305 8278
f 8278 8305 8306
f 8278 8306 8307
f 8308 8309 8280
f 8280 8309 8310
f 8280 8310 8311
f 8311 8310 8312
f 8311 8312 8313
f 8313 8312 8314
f 8313 8314 8315
f 8316 8317 8308
f 8308 8317 8318
f 8308 8318 8309
f 8309 8318 8319
f 8309 8319 8320
f 8320 8321 8309
f 8309 8321 8312
f 8312 8321 8322
f 8312 8322 8314
f 8313 8315 8323
f 8323 8315 8324
f 8323 8324 8325
f 8325 8326 8323
f 8323 8326 8307
f 8307 8326 8327
f 8307 8327 8328
f 8307 8328 8329
f 8329 8328 8330
f 8329 8330 8331
f 8329 8278 8307
f 8280 8311 8305
f 8306 8305 8313
f 8323 8306 8313
f 8223 5880 8224
f 8224 5880 5882
f 8224 5882 8332
f 8332 5882 5884
f 8332 5884 5886
f 8333 8334 8223
f 8223 8334 8335
f 8223 8335 5878
f 5878 8335 5876
f 5876 8335 5874
f 5874 8335 5872
f 5872 8335 5870
f 5870 8335 5868
f 5868 8335 8336
f 5868 8336 5866
f 5866 8336 5912
f 5912 8336 5910
f 5910 8336 5908
f 5908 8336 5906
f 5906 8336 8337
f 5906 8337 8338
f 8333 8339 8334
f 8334 8339 8340
f 8334 8340 8341
f 8341 8342 8334
f 8334 8342 8337
f 8334 8337 8336
f 8342 8343 8337
f 8344 8345 8338
f 8338 8345 8308
f 8338 8308 5904
f 5904 8308 5902
f 5902 8308 8280
f 5902 8280 8346
f 8346 8280 8347
f 8347 8280 8283
f 8347 8283 8285
f 8280 8282 8283
f 8285 8287 8347
f 8347 8287 8289
f 8347 8289 8291
f 8291 8224 8347
f 8347 8224 8332
f 5878 5880 8223
f 5886 5888 8332
f 8332 5888 5890
f 8332 5890 5892
f 8332 5892 8346
f 8346 5892 5894
f 8346 5894 5896
f 5896 5898 8346
f 8346 5898 5900
f 8346 5900 5902
f 5904 5906 8338
f 8348 8349 8350
f 8350 8349 8351
f 8350 8351 8333
f 8333 8351 8352
f 8333 8352 8339
f 8339 8352 8340
f 8340 8352 8353
f 8340 8353 8341
f 8341 8353 8354
f 8341 8354 8342
f 8342 8354 8355
f 8342 8355 8343
f 8343 8355 8356
f 8343 8356 8337
f 8337 8356 8357
f 8337 8357 8358
f 8358 8357 8359
f 8358 8359 8360
f 8360 8359 8361
f 8361 8359 8362
f 8361 8362 8363
f 8363 8362 8364
f 8363 8364 8365
f 8365 8364 8366
f 8365 8366 8348
f 8348 8366 8349
f 8353 8352 8351
f 8351 8349 8367
f 8367 8349 8366
f 8367 8366 8368
f 8368 8366 8364
f 8368 8364 8369
f 8369 8364 8362
f 8369 8362 8357
f 8357 8362 8359
f 8354 8353 8367
f 8367 8353 8351
f 8354 8367 8368
f 8355 8354 8368
f 8355 8368 8369
f 8356 8355 8369
f 8356 8369 8357
f 8358 8370 8337
f 8337 8370 8371
f 8337 8371 8372
f 8372 8371 8373
f 8373 8371 8374
f 8373 8374 8375
f 8375 8374 8376
f 8376 8374 8377
f 8376 8377 8378
f 8378 8377 8379
f 8379 8377 8380
f 8380 8377 8381
f 8380 8381 8382
f 8382 8381 8383
f 8383 8381 8384
f 8383 8384 8385
f 8385 8384 8386
f 8384 8381 8358
f 8358 8381 8387
f 8358 8387 8370
f 8370 8387 8377
f 8370 8377 8374
f 8375 8388 8373
f 8373 8388 8389
f 8373 8389 8390
f 8390 8389 8391
f 8390 8391 8392
f 8392 8393 8390
f 8390 8393 8338
f 8390 8338 8337
f 8393 8394 8338
f 8338 8394 8395
f 8337 8372 8390
f 8170 8172 8396
f 8396 8172 8174
f 8396 8174 8397
f 8397 8174 8176
f 8397 8176 8398
f 8398 8176 8177
f 8398 8177 8399
f 8399 8177 8400
f 8400 8177 8178
f 8400 8178 8179
f 8400 8179 8401
f 8401 8179 8180
f 8401 8180 8402
f 8402 8180 8181
f 8402 8181 8403
f 8403 8181 8404
f 8404 8181 8182
f 8404 8182 8405
f 8405 8182 8183
f 8405 8183 8184
f 8185 8406 8184
f 8184 8406 8407
f 8184 8407 8405
f 8185 8186 8406
f 8406 8186 8408
f 8408 8186 8409
f 8409 8186 8187
f 8409 8187 8189
f 8409 8189 8410
f 8410 8189 8190
f 8410 8190 8411
f 8411 8190 8412
f 8412 8190 8191
f 8412 8191 8192
f 8194 8413 8192
f 8192 8413 8414
f 8192 8414 8412
f 8194 8195 8413
f 8413 8195 8415
f 8415 8195 8416
f 8416 8195 8197
f 8416 8197 8417
f 8417 8197 8199
f 8417 8199 8418
f 8418 8199 8200
f 8418 8200 8419
f 8419 8200 8201
f 8419 8201 8420
f 8420 8201 8202
f 8420 8202 8421
f 8421 8202 8204
f 8421 8204 8422
f 8422 8204 8205
f 8422 8205 8423
f 8423 8205 8206
f 8423 8206 8424
f 8424 8206 8207
f 8424 8207 8425
f 8425 8207 8208
f 8425 8208 8426
f 8426 8208 8209
f 8426 8209 8427
f 8427 8209 8210
f 8427 8210 8428
f 8428 8210 8211
f 8428 8211 8429
f 8429 8211 8212
f 8429 8212 8430
f 8430 8212 8213
f 8430 8213 8431
f 8431 8213 8214
f 8431 8214 8432
f 8432 8214 8215
f 8432 8215 8433
f 8433 8215 8216
f 8433 8216 8434
f 8434 8216 8217
f 8434 8217 8435
f 8435 8217 8170
f 8435 8170 8396
f 8198 8263 8203
f 8203 8263 8436
f 8436 8263 8266
f 8436 8266 8437
f 8437 8266 8175
f 8175 8266 8188
f 8196 8425 8263
f 8263 8425 8426
f 8263 8426 8427
f 8193 8415 8196
f 8196 8415 8416
f 8196 8416 8417
f 8266 8404 8193
f 8193 8404 8405
f 8193 8405 8407
f 8407 8406 8193
f 8193 8406 8408
f 8193 8408 8409
f 8409 8410 8193
f 8193 8410 8411
f 8193 8411 8412
f 8412 8414 8193
f 8193 8414 8413
f 8193 8413 8415
f 8417 8418 8196
f 8196 8418 8419
f 8196 8419 8420
f 8420 8421 8196
f 8196 8421 8422
f 8196 8422 8423
f 8423 8424 8196
f 8196 8424 8425
f 8427 8428 8263
f 8263 8428 8429
f 8263 8429 8430
f 8430 8431 8263
f 8263 8431 8432
f 8263 8432 8433
f 8433 8434 8263
f 8263 8434 8435
f 8263 8435 8396
f 8263 8396 8266
f 8266 8396 8397
f 8266 8397 8398
f 8398 8399 8266
f 8266 8399 8400
f 8266 8400 8401
f 8401 8402 8266
f 8266 8402 8403
f 8266 8403 8404
f 8438 8439 8377
f 8377 8439 8381
f 8221 8260 8198
f 8198 8260 8262
f 8198 8262 8263
f 8440 8438 8387
f 8387 8438 8377
f 8440 8387 8439
f 8439 8387 8381
f 8168 8167 8269
f 8269 8167 8441
f 8309 8442 8310
f 8310 8442 8443
f 8169 8268 8167
f 8167 8268 8441
f 8312 8310 8444
f 8444 8310 8443
f 8309 8312 8442
f 8442 8312 8444
f 8165 8164 8270
f 8270 8164 8445
f 8446 8370 8447
f 8447 8370 8374
f 8164 8166 8445
f 8445 8166 8271
f 8448 8447 8371
f 8371 8447 8374
f 8446 8448 8370
f 8370 8448 8371
f 8323 8307 8449
f 8449 8307 8450
f 8323 8449 8306
f 8306 8449 8451
f 8307 8306 8450
f 8450 8306 8451
f 8162 8161 8272
f 8272 8161 8452
f 8313 8305 8453
f 8453 8305 8454
f 8161 8163 8452
f 8452 8163 8273
f 8313 8453 8311
f 8311 8453 8455
f 8305 8311 8454
f 8454 8311 8455
f 8159 8158 8274
f 8274 8158 8456
f 8457 8372 8458
f 8458 8372 8373
f 8158 8160 8456
f 8456 8160 8275
f 8459 8458 8390
f 8390 8458 8373
f 8457 8459 8372
f 8372 8459 8390
f 8378 6107 8376
f 8376 6107 6103
f 8376 6103 8460
f 8460 6103 6102
f 8460 6102 8461
f 8461 6102 6101
f 8461 6101 8462
f 8462 6101 6097
f 8462 6097 8463
f 8463 6097 8464
f 8464 6097 6096
f 8464 6096 8465
f 8465 6096 6095
f 8465 6095 8466
f 8466 6095 6093
f 8466 6093 8315
f 8315 6093 6091
f 8315 6091 8324
f 8324 6091 6089
f 8324 6089 8325
f 8325 6089 6087
f 8325 6087 6084
f 6107 8378 6109
f 6109 8378 8379
f 6109 8379 6111
f 6111 8379 6113
f 6113 8379 8380
f 6113 8380 6114
f 6114 8380 8382
f 6114 8382 6112
f 6112 8382 8383
f 6112 8383 6110
f 6110 8383 6108
f 6108 8383 8385
f 6108 8385 6106
f 6106 8385 8386
f 6106 8386 6104
f 6104 8386 8467
f 6104 8467 6105
f 6105 8467 8468
f 6105 8468 6100
f 6100 8468 8469
f 6100 8469 6098
f 6098 8469 8470
f 6098 8470 8471
f 6098 8471 6099
f 6099 8471 8472
f 6099 8472 6094
f 6094 8472 8473
f 6094 8473 6092
f 6092 8473 8331
f 6092 8331 6090
f 6090 8331 8330
f 6090 8330 6088
f 6088 8330 8328
f 6088 8328 6086
f 6086 8328 6085
f 6085 8328 8327
f 6085 8327 6083
f 6083 8327 8326
f 6083 8326 6084
f 6084 8326 8325
f 8394 6075 8395
f 8395 6075 6071
f 8395 6071 8474
f 8474 6071 6070
f 8474 6070 8475
f 8475 6070 6069
f 8475 6069 8476
f 8476 6069 6065
f 8476 6065 8477
f 8477 6065 8478
f 8478 6065 6064
f 8478 6064 8479
f 8479 6064 6063
f 8479 6063 8480
f 8480 6063 6061
f 8480 6061 8316
f 8316 6061 6059
f 8316 6059 8317
f 8317 6059 6057
f 8317 6057 8318
f 8318 6057 6055
f 8318 6055 6052
f 6075 8394 6077
f 6077 8394 8393
f 6077 8393 6079
f 6079 8393 6081
f 6081 8393 8392
f 6081 8392 6082
f 6082 8392 8391
f 6082 8391 6080
f 6080 8391 8389
f 6080 8389 6078
f 6078 8389 6076
f 6076 8389 8388
f 6076 8388 6074
f 6074 8388 8375
f 6074 8375 6072
f 6072 8375 8481
f 6072 8481 6073
f 6073 8481 8482
f 6073 8482 6068
f 6068 8482 8483
f 6068 8483 6066
f 6066 8483 8484
f 6066 8484 8485
f 6066 8485 6067
f 6067 8485 8486
f 6067 8486 6062
f 6062 8486 8487
f 6062 8487 6060
f 6060 8487 8314
f 6060 8314 6058
f 6058 8314 8322
f 6058 8322 6056
f 6056 8322 8321
f 6056 8321 6054
f 6054 8321 6053
f 6053 8321 8320
f 6053 8320 6051
f 6051 8320 8319
f 6051 8319 6052
f 6052 8319 8318
f 8331 8473 8329
f 8329 8473 8472
f 8329 8472 8488
f 8488 8472 8471
f 8488 8471 8470
f 8488 8470 8489
f 8489 8470 8469
f 8489 8469 8468
f 8468 8467 8489
f 8489 8467 8384
f 8384 8467 8386
f 8395 8474 8338
f 8338 8474 8344
f 8344 8474 8475
f 8344 8475 8476
f 8476 8477 8344
f 8344 8477 8345
f 8345 8477 8478
f 8345 8478 8479
f 8345 8479 8308
f 8308 8479 8480
f 8308 8480 8316
f 8332 8346 8490
f 8490 8346 8491
f 8268 8273 8441
f 8441 8273 8347
f 8441 8347 8269
f 8269 8347 8332
f 8269 8332 8268
f 8268 8332 8452
f 8268 8452 8273
f 8267 8452 8264
f 8264 8452 8490
f 8264 8490 8265
f 8265 8490 8492
f 8265 8492 8267
f 8267 8492 8272
f 8267 8272 8452
f 8347 8273 8272
f 8332 8490 8452
f 8492 8347 8272
f 8443 8455 8444
f 8444 8455 8453
f 8444 8453 8346
f 8346 8453 8491
f 8491 8453 8449
f 8491 8449 8450
f 8455 8443 8347
f 8347 8443 8442
f 8347 8442 8346
f 8346 8442 8444
f 8449 8454 8451
f 8451 8454 8492
f 8451 8492 8450
f 8450 8492 8491
f 8449 8453 8454
f 8492 8454 8347
f 8347 8454 8455
f 8336 8335 8493
f 8493 8335 8494
f 8440 8447 8438
f 8438 8447 8493
f 8438 8493 8439
f 8439 8493 8495
f 8439 8495 8440
f 8440 8495 8446
f 8440 8446 8447
f 8448 8458 8447
f 8447 8458 8336
f 8447 8336 8493
f 8446 8334 8448
f 8448 8334 8457
f 8448 8457 8458
f 8458 8459 8336
f 8336 8459 8334
f 8334 8459 8457
f 8495 8334 8446
f 8261 8445 8260
f 8260 8445 8495
f 8260 8495 8262
f 8262 8495 8494
f 8262 8494 8261
f 8261 8494 8270
f 8261 8270 8445
f 8270 8274 8271
f 8271 8274 8456
f 8271 8456 8334
f 8334 8456 8275
f 8334 8275 8335
f 8335 8275 8274
f 8335 8274 8270
f 8495 8445 8334
f 8334 8445 8271
f 8494 8335 8270
f 8223 8203 8333
f 8333 8203 8350
f 8350 8203 8436
f 8375 8376 8481
f 8481 8376 8460
f 8481 8460 8482
f 8482 8460 8461
f 8482 8461 8483
f 8483 8461 8462
f 8483 8462 8484
f 8484 8462 8463
f 8484 8463 8485
f 8485 8463 8464
f 8485 8464 8486
f 8486 8464 8465
f 8486 8465 8487
f 8487 8465 8466
f 8487 8466 8314
f 8314 8466 8315
f 8224 8291 8175
f 8175 8291 8293
f 8175 8293 8437
f 8437 8293 8492
f 8492 8293 8295
f 8492 8295 8296
f 8296 8298 8492
f 8492 8298 8300
f 8492 8300 8278
f 8278 8300 8276
f 8329 2413 8278
f 8278 2413 8491
f 8278 8491 8492
f 8488 8489 8329
f 8329 8489 8384
f 8329 8384 2411
f 2411 8384 2409
f 2409 8384 8358
f 2409 8358 8493
f 8493 8358 8495
f 8495 8358 8361
f 8495 8361 8363
f 8358 8360 8361
f 8363 8365 8495
f 8495 8365 8348
f 8495 8348 8350
f 8350 8436 8495
f 8495 8436 8494
f 8494 8436 2437
f 8494 2437 2439
f 2437 8436 2435
f 2435 8436 8437
f 2435 8437 2433
f 2433 8437 8490
f 2433 8490 2431
f 2431 8490 2429
f 2429 8490 2427
f 2427 8490 2425
f 2425 8490 2423
f 2423 8490 8491
f 2423 8491 2421
f 2421 8491 2419
f 2419 8491 2417
f 2417 8491 2415
f 2415 8491 2413
f 8490 8437 8492
f 8494 2399 8493
f 8493 2399 2401
f 8493 2401 2403
f 2403 2405 8493
f 8493 2405 2407
f 8493 2407 2409
f 2411 2413 8329
f 2439 2441 8494
f 8494 2441 2443
f 8494 2443 2397
f 2397 2399 8494
f 1 1629 8496
f 8496 1629 1631
f 8496 1631 1633
f 1633 1635 8496
f 8496 1635 1637
f 8496 1637 1574
f 1574 1637 1588
f 1574 1588 1576
f 1576 1588 1578
f 1578 1588 1586
f 1578 1586 1584
f 1584 1582 1578
f 1578 1582 1580
f 1574 1572 8496
f 8496 1572 1570
f 8496 1570 1568
f 8496 1568 8497
f 8497 1568 2320
f 8497 2320 8498
f 8498 2320 8499
f 8499 2320 6119
f 8497 8500 8496
f 8496 8500 8501
f 8496 8501 8502
f 8502 8503 8496
f 8496 8503 8504
f 8496 8504 8505
f 8505 8506 8496
f 6120 2322 8507
f 8507 2322 8508
f 8508 2322 8509
f 8509 2322 1589
f 8509 1589 8510
f 8510 1589 1591
f 8510 1591 1593
f 1593 1595 8510
f 8510 1595 1621
f 8510 1621 1622
f 1621 1595 1609
f 1609 1595 1597
f 1609 1597 1599
f 1601 1603 1599
f 1599 1603 1605
f 1599 1605 1607
f 1607 1609 1599
f 1622 1623 8510
f 8510 1623 1624
f 8510 1624 1625
f 1625 5 8510
f 8511 8512 8510
f 8510 8512 8513
f 8510 8513 8514
f 8514 8515 8510
f 8510 8515 8516
f 8510 8516 8517
f 8517 8509 8510
f 8507 8508 8499
f 8499 8508 8498
f 6120 8507 6119
f 6119 8507 8499
f 8510 5 8496
f 8496 5 1
f 1 5 7
f 1 7 2
f 8497 8509 8500
f 8500 8509 8517
f 8500 8517 8501
f 8501 8517 8516
f 8501 8516 8502
f 8502 8516 8515
f 8502 8515 8503
f 8503 8515 8514
f 8503 8514 8504
f 8504 8514 8513
f 8504 8513 8505
f 8505 8513 8512
f 8505 8512 8506
f 8506 8512 8511
f 8506 8511 8496
f 8496 8511 8510
f 8508 8509 8498
f 8498 8509 8497
f 1613 1612 8518
f 8518 1612 8519
f 8519 1612 8520
f 8519 8520 8521
f 8521 8520 8522
f 1612 6118 8520
f 8521 8523 8519
f 8519 8523 8524
f 8519 8524 8525
f 8525 8526 8519
f 1816 1826 1814
f 1814 1826 1914
f 1814 1914 1919
f 1816 1818 1826
f 1826 1818 1820
f 1826 1820 1822
f 1822 1824 1826
f 1826 1829 1914
f 1914 1829 1896
f 1914 1896 1898
f 1898 1900 1914
f 1914 1900 1902
f 1914 1902 1904
f 1904 1906 1914
f 1914 1906 1908
f 1914 1908 1910
f 1910 1912 1914
f 2236 2229 1919
f 1919 2229 2227
f 1919 2227 2225
f 2229 2236 2231
f 2231 2236 2234
f 2231 2234 2233
f 2225 2223 1919
f 1919 2223 2221
f 1919 2221 1814
f 1800 1810 1798
f 1798 1810 1938
f 1798 1938 1943
f 1800 1802 1810
f 1810 1802 1804
f 1810 1804 1806
f 1806 1808 1810
f 1810 1813 1938
f 1938 1813 1920
f 1938 1920 1922
f 1922 1924 1938
f 1938 1924 1926
f 1938 1926 1928
f 1928 1930 1938
f 1938 1930 1932
f 1938 1932 1934
f 1934 1936 1938
f 2218 2211 1943
f 1943 2211 2209
f 1943 2209 2207
f 2211 2218 2213
f 2213 2218 2216
f 2213 2216 2215
f 2207 2205 1943
f 1943 2205 2203
f 1943 2203 1798
f 1784 1794 1782
f 1782 1794 1962
f 1782 1962 1967
f 1784 1786 1794
f 1794 1786 1788
f 1794 1788 1790
f 1790 1792 1794
f 1794 1797 1962
f 1962 1797 1944
f 1962 1944 1946
f 1946 1948 1962
f 1962 1948 1950
f 1962 1950 1952
f 1952 1954 1962
f 1962 1954 1956
f 1962 1956 1958
f 1958 1960 1962
f 2200 2193 1967
f 1967 2193 2191
f 1967 2191 2189
f 2193 2200 2195
f 2195 2200 2198
f 2195 2198 2197
f 2189 2187 1967
f 1967 2187 2185
f 1967 2185 1782
f 1774 1756 1776
f 1776 1756 2003
f 1776 2003 1298
f 1298 2003 1993
f 1993 2003 1995
f 1995 2003 1997
f 1997 2003 1999
f 1999 2003 2001
f 1774 1772 1756
f 1756 1772 1770
f 1756 1770 1768
f 1768 1766 1756
f 1756 1766 1764
f 1756 1764 1762
f 1762 1760 1756
f 1756 1760 1757
f 1776 1298 1780
f 1780 1298 1297
f 1780 1297 2070
f 2070 2072 1780
f 1780 2072 2074
f 1780 2074 2076
f 1780 2076 2084
f 2084 2076 2078
f 2084 2078 2082
f 2082 2078 2080
f 1748 1730 1750
f 1750 1730 1991
f 1750 1991 1318
f 1318 1991 1981
f 1981 1991 1983
f 1983 1991 1985
f 1985 1991 1987
f 1987 1991 1989
f 1748 1746 1730
f 1730 1746 1744
f 1730 1744 1742
f 1742 1740 1730
f 1730 1740 1738
f 1730 1738 1736
f 1736 1734 1730
f 1730 1734 1731
f 1750 1318 1754
f 1754 1318 1317
f 1754 1317 2086
f 2086 2088 1754
f 1754 2088 2090
f 1754 2090 2092
f 1754 2092 2100
f 2100 2092 2094
f 2100 2094 2098
f 2098 2094 2096
f 1722 1704 1724
f 1724 1704 1979
f 1724 1979 1278
f 1278 1979 1969
f 1969 1979 1971
f 1971 1979 1973
f 1973 1979 1975
f 1975 1979 1977
f 1722 1720 1704
f 1704 1720 1718
f 1704 1718 1716
f 1716 1714 1704
f 1704 1714 1712
f 1704 1712 1710
f 1710 1708 1704
f 1704 1708 1705
f 1724 1278 1728
f 1728 1278 1277
f 1728 1277 2102
f 2102 2104 1728
f 1728 2104 2106
f 1728 2106 2108
f 1728 2108 2116
f 2116 2108 2110
f 2116 2110 2114
f 2114 2110 2112
f 1431 1702 1432
f 1432 1702 1698
f 1432 1698 1696
f 2048 2050 1431
f 1431 2050 2052
f 1431 2052 2054
f 2054 2056 1431
f 1431 2056 2058
f 1431 2058 2060
f 2060 2062 1431
f 1431 2062 2064
f 1431 2064 2066
f 2066 2069 1431
f 1431 2069 1702
f 2154 2156 2069
f 2069 2156 2158
f 2069 2158 2160
f 2160 2162 2069
f 2069 2162 1702
f 1696 1694 1432
f 1432 1694 1692
f 1432 1692 1690
f 1432 1690 1683
f 1683 1690 1688
f 1683 1688 1685
f 1685 1688 1687
f 1404 1680 1405
f 1405 1680 1676
f 1405 1676 1674
f 2026 2028 1404
f 1404 2028 2030
f 1404 2030 2032
f 2032 2034 1404
f 1404 2034 2036
f 1404 2036 2038
f 2038 2040 1404
f 1404 2040 2042
f 1404 2042 2044
f 2044 2047 1404
f 1404 2047 1680
f 2164 2166 2047
f 2047 2166 2168
f 2047 2168 2170
f 2170 2172 2047
f 2047 2172 1680
f 1674 1672 1405
f 1405 1672 1670
f 1405 1670 1668
f 1405 1668 1661
f 1661 1668 1666
f 1661 1666 1663
f 1663 1666 1665
f 1377 1658 1378
f 1378 1658 1654
f 1378 1654 1652
f 2004 2006 1377
f 1377 2006 2008
f 1377 2008 2010
f 2010 2012 1377
f 1377 2012 2014
f 1377 2014 2016
f 2016 2018 1377
f 1377 2018 2020
f 1377 2020 2022
f 2022 2025 1377
f 1377 2025 1658
f 2174 2176 2025
f 2025 2176 2178
f 2025 2178 2180
f 2180 2182 2025
f 2025 2182 1658
f 1652 1650 1378
f 1378 1650 1648
f 1378 1648 1646
f 1378 1646 1639
f 1639 1646 1644
f 1639 1644 1641
f 1641 1644 1643
f 1257 1895 1258
f 1258 1895 2118
f 1258 2118 2257
f 1874 1882 1257
f 1257 1882 1884
f 1257 1884 1886
f 1882 1874 1880
f 1880 1874 1876
f 1880 1876 1878
f 1886 1888 1257
f 1257 1888 1890
f 1257 1890 1895
f 1895 2128 2118
f 2118 2128 2126
f 2118 2126 2124
f 2124 2122 2118
f 2118 2122 2119
f 2255 2253 2257
f 2257 2253 2251
f 2257 2251 2249
f 2249 2247 2257
f 2257 2247 2245
f 2257 2245 2243
f 2243 2241 2257
f 2257 2241 2239
f 2257 2239 1258
f 1237 1873 1238
f 1238 1873 2130
f 1238 2130 2277
f 1852 1860 1237
f 1237 1860 1862
f 1237 1862 1864
f 1860 1852 1858
f 1858 1852 1854
f 1858 1854 1856
f 1864 1866 1237
f 1237 1866 1868
f 1237 1868 1873
f 1873 2140 2130
f 2130 2140 2138
f 2130 2138 2136
f 2136 2134 2130
f 2130 2134 2131
f 2275 2273 2277
f 2277 2273 2271
f 2277 2271 2269
f 2269 2267 2277
f 2277 2267 2265
f 2277 2265 2263
f 2263 2261 2277
f 2277 2261 2259
f 2277 2259 1238
f 6116 2345 8527
f 8527 2345 8528
f 8528 2345 8529
f 8529 2345 8530
f 8529 8530 8531
f 8531 8530 8532
f 8532 8530 8533
f 8533 8530 8534
f 2345 2346 8530
f 1217 1851 1218
f 1218 1851 2142
f 1218 2142 2297
f 1830 1838 1217
f 1217 1838 1840
f 1217 1840 1842
f 1838 1830 1836
f 1836 1830 1832
f 1836 1832 1834
f 1842 1844 1217
f 1217 1844 1846
f 1217 1846 1851
f 1851 2152 2142
f 2142 2152 2150
f 2142 2150 2148
f 2148 2146 2142
f 2142 2146 2143
f 2295 2293 2297
f 2297 2293 2291
f 2297 2291 2289
f 2289 2287 2297
f 2297 2287 2285
f 2297 2285 2283
f 2283 2281 2297
f 2297 2281 2279
f 2297 2279 1218
f 8535 6115 8536
f 8536 6115 6117
f 8537 8535 8538
f 8538 8535 8536
f 8539 8537 8540
f 8540 8537 8538
f 8541 8542 8543
f 8543 8542 8544
f 8543 8544 8545
f 8545 8544 8546
f 8545 8546 8547
f 8547 8546 8548
f 8547 8548 8549
f 8549 8548 8550
f 8549 8550 8540
f 8540 8550 8539
f 2344 8542 8551
f 8551 8542 8541
f 2307 1613 2306
f 2306 1613 2346
f 2306 2346 2304
f 2327 2385 2307
f 2307 2385 2387
f 2307 2387 2340
f 2340 2387 2389
f 2340 2389 2339
f 2339 2389 2391
f 2339 2391 2338
f 2338 2391 2393
f 2338 2393 2395
f 2385 2327 2383
f 2383 2327 2330
f 2383 2330 2381
f 2381 2330 2379
f 2379 2330 2331
f 2379 2331 2377
f 2377 2331 2323
f 2377 2323 2375
f 2375 2323 2373
f 2373 2323 2371
f 2371 2323 957
f 2371 957 2369
f 2369 957 2367
f 2367 957 2365
f 2365 957 956
f 2365 956 2363
f 2363 956 955
f 2363 955 954
f 957 2323 966
f 966 2323 2311
f 966 2311 2306
f 2317 2348 2340
f 2340 2348 1613
f 2340 1613 2307
f 2315 543 2317
f 2317 543 2319
f 2317 2319 2344
f 2315 2312 543
f 543 2312 422
f 422 2312 2355
f 422 2355 2357
f 2335 2349 2312
f 2312 2349 2351
f 2312 2351 2353
f 2349 2335 2395
f 2395 2335 2338
f 2353 2355 2312
f 2357 2359 422
f 422 2359 2361
f 422 2361 952
f 952 2361 2363
f 952 2363 953
f 953 2363 954
f 8551 2348 2344
f 2344 2348 2317
f 1626 2 2348
f 2348 2 7
f 2348 7 1613
f 1613 7 1614
f 1613 8518 2346
f 2304 966 2306
f 8530 2346 8519
f 8519 2346 8518
f 8521 8529 8523
f 8523 8529 8531
f 8523 8531 8524
f 8524 8531 8532
f 8524 8532 8525
f 8525 8532 8533
f 8525 8533 8526
f 8526 8533 8534
f 8526 8534 8519
f 8519 8534 8530
f 8528 8529 8522
f 8522 8529 8521
f 8527 8528 8520
f 8520 8528 8522
f 6116 8527 6118
f 6118 8527 8520
f 2348 8551 2347
f 2347 8551 8541
f 2347 8541 8536
f 8536 8541 8540
f 8536 8540 8538
f 8543 8545 8541
f 8541 8545 8547
f 8541 8547 8549
f 8549 8540 8541
f 8536 6117 2347
f 6115 8535 2343
f 2343 8535 8537
f 2343 8537 8539
f 2343 8539 8542
f 8542 8539 8550
f 8542 8550 8548
f 8548 8546 8542
f 8542 8546 8544
f 8542 2344 2343
# </faces>
